2025-05-21 15:12:45,047 [Worker-1: Loading available Gradle versions] INFO  o.e.b.c.i.u.g.PublishedGradleVersions - Gradle version information cache is up-to-date. Trying to read.
2025-05-21 15:21:12,937 [Worker-13: Import Getting Started Content] INFO  o.e.m.c.i.l.LifecycleMappingFactory - Using org.eclipse.m2e.jdt.JarLifecycleMapping lifecycle mapping for MavenProject: sagar.solution:Product-Api-app:0.0.1-SNAPSHOT @ E:\Ecommerce project\Product-Api-app\pom.xml.
2025-05-21 15:21:15,360 [Worker-13: Import Getting Started Content] INFO  o.e.m.j.i.AbstractJavaProjectConfigurator - Adding source folder /Product-Api-app/src/main/java
2025-05-21 15:21:15,361 [Worker-13: Import Getting Started Content] INFO  o.e.m.j.i.AbstractJavaProjectConfigurator - Adding resource folder /Product-Api-app/src/main/resources
2025-05-21 15:21:15,371 [Worker-13: Import Getting Started Content] INFO  o.e.m.j.i.AbstractJavaProjectConfigurator - Adding resource folder /Product-Api-app/src/main/resources
2025-05-21 15:21:15,383 [Worker-13: Import Getting Started Content] INFO  o.e.m.j.i.AbstractJavaProjectConfigurator - Adding source folder /Product-Api-app/src/test/java
2025-05-21 15:21:15,383 [Worker-13: Import Getting Started Content] INFO  o.e.m.j.i.AbstractJavaProjectConfigurator - Adding resource folder /Product-Api-app/src/test/resources
2025-05-21 15:21:15,923 [Worker-13: Import Getting Started Content] INFO  o.e.m.c.i.e.AbstractTransferListenerAdapter - Downloaded https://repo.maven.apache.org/maven2/org/projectlombok/lombok//lombok-.pom
2025-05-21 15:21:15,928 [Worker-13: Import Getting Started Content] WARN  o.e.m.c.i.embedder.EclipseLogger - The POM for org.projectlombok:lombok:jar: is missing, no dependency information available
2025-05-21 15:21:16,210 [Worker-13: Import Getting Started Content] INFO  o.e.m.c.i.e.AbstractTransferListenerAdapter - Downloaded https://repo.maven.apache.org/maven2/org/projectlombok/lombok//lombok-.jar
2025-05-21 15:21:16,212 [Worker-13: Import Getting Started Content] ERROR o.e.m.a.i.u.PluginDependencyResolver - Unable to collect dependencies for plugin
org.eclipse.aether.resolution.DependencyResolutionException: The following artifacts could not be resolved: org.projectlombok:lombok:jar: (absent): Could not find artifact org.projectlombok:lombok:jar: in central (https://repo.maven.apache.org/maven2)
	at org.eclipse.aether.internal.impl.DefaultRepositorySystem.resolveDependencies(DefaultRepositorySystem.java:365)
	at org.eclipse.m2e.apt.internal.utils.PluginDependencyResolver.getResolvedPluginDependencies(PluginDependencyResolver.java:106)
	at org.eclipse.m2e.apt.internal.compiler.MavenCompilerJdtAptDelegate.getAnnotationProcessorConfiguration(MavenCompilerJdtAptDelegate.java:172)
	at org.eclipse.m2e.apt.internal.AbstractAptConfiguratorDelegate.configureClasspath(AbstractAptConfiguratorDelegate.java:241)
	at org.eclipse.m2e.apt.internal.AbstractAptProjectConfigurator.lambda$1(AbstractAptProjectConfigurator.java:156)
	at org.eclipse.m2e.core.internal.embedder.MavenExecutionContext.executeBare(MavenExecutionContext.java:394)
	at org.eclipse.m2e.core.internal.embedder.MavenExecutionContext.execute(MavenExecutionContext.java:275)
	at org.eclipse.m2e.core.internal.embedder.MavenExecutionContext.execute(MavenExecutionContext.java:214)
	at org.eclipse.m2e.apt.internal.AbstractAptProjectConfigurator.configureRawClasspath(AbstractAptProjectConfigurator.java:150)
	at org.eclipse.m2e.jdt.internal.AbstractJavaProjectConfigurator.invokeJavaProjectConfigurators(AbstractJavaProjectConfigurator.java:209)
	at org.eclipse.m2e.jdt.internal.AbstractJavaProjectConfigurator.configure(AbstractJavaProjectConfigurator.java:167)
	at org.eclipse.m2e.core.project.configurator.AbstractLifecycleMapping.configure(AbstractLifecycleMapping.java:123)
	at org.eclipse.m2e.core.internal.project.ProjectConfigurationManager.lambda$6(ProjectConfigurationManager.java:503)
	at org.eclipse.m2e.core.internal.embedder.MavenExecutionContext.executeBare(MavenExecutionContext.java:394)
	at org.eclipse.m2e.core.internal.embedder.MavenExecutionContext.execute(MavenExecutionContext.java:275)
	at org.eclipse.m2e.core.internal.project.ProjectConfigurationManager.updateProjectConfiguration(ProjectConfigurationManager.java:497)
	at org.eclipse.m2e.core.internal.project.ProjectConfigurationManager.configureNewMavenProjects(ProjectConfigurationManager.java:278)
	at org.eclipse.m2e.core.internal.project.ProjectConfigurationManager.lambda$1(ProjectConfigurationManager.java:165)
	at org.eclipse.m2e.core.internal.embedder.MavenExecutionContext.executeBare(MavenExecutionContext.java:394)
	at org.eclipse.m2e.core.internal.embedder.MavenExecutionContext.execute(MavenExecutionContext.java:275)
	at org.eclipse.m2e.core.internal.embedder.MavenExecutionContext.execute(MavenExecutionContext.java:214)
	at org.eclipse.m2e.core.internal.project.ProjectConfigurationManager.importProjects(ProjectConfigurationManager.java:138)
	at org.eclipse.m2e.core.internal.project.ProjectConfigurationManager.importProjects(ProjectConfigurationManager.java:129)
	at org.springframework.ide.eclipse.boot.wizard.importing.MavenStrategy.createEclipseProjectFromExistingMavenProject(MavenStrategy.java:134)
	at org.springframework.ide.eclipse.boot.wizard.importing.MavenStrategy$MavenCodeSetImport.run(MavenStrategy.java:85)
	at org.springframework.ide.eclipse.boot.wizard.importing.MavenStrategy$MavenCodeSetImport.run(MavenStrategy.java:1)
	at org.springframework.ide.eclipse.boot.wizard.NewSpringBootWizardModel.importProject(NewSpringBootWizardModel.java:343)
	at org.springframework.ide.eclipse.boot.wizard.NewSpringBootWizardModel.performFinish(NewSpringBootWizardModel.java:322)
	at org.springframework.ide.eclipse.boot.wizard.NewSpringBootWizard$1.runInWorkspace(NewSpringBootWizard.java:239)
	at org.eclipse.core.internal.resources.InternalWorkspaceJob.run(InternalWorkspaceJob.java:43)
	at org.eclipse.core.internal.jobs.Worker.run(Worker.java:63)
Caused by: org.eclipse.aether.resolution.ArtifactResolutionException: The following artifacts could not be resolved: org.projectlombok:lombok:jar: (absent): Could not find artifact org.projectlombok:lombok:jar: in central (https://repo.maven.apache.org/maven2)
	at org.eclipse.aether.internal.impl.DefaultArtifactResolver.resolve(DefaultArtifactResolver.java:473)
	at org.eclipse.aether.internal.impl.DefaultArtifactResolver.resolveArtifacts(DefaultArtifactResolver.java:261)
	at org.eclipse.aether.internal.impl.DefaultRepositorySystem.resolveDependencies(DefaultRepositorySystem.java:353)
	... 30 common frames omitted
Caused by: org.eclipse.aether.transfer.ArtifactNotFoundException: Could not find artifact org.projectlombok:lombok:jar: in central (https://repo.maven.apache.org/maven2)
	at org.eclipse.aether.connector.basic.ArtifactTransportListener.transferFailed(ArtifactTransportListener.java:42)
	at org.eclipse.aether.connector.basic.BasicRepositoryConnector$TaskRunner.run(BasicRepositoryConnector.java:417)
	at org.eclipse.aether.connector.basic.BasicRepositoryConnector.get(BasicRepositoryConnector.java:260)
	at org.eclipse.aether.internal.impl.DefaultArtifactResolver.performDownloads(DefaultArtifactResolver.java:537)
	at org.eclipse.aether.internal.impl.DefaultArtifactResolver.resolve(DefaultArtifactResolver.java:449)
	... 32 common frames omitted
2025-05-21 15:21:17,729 [Worker-14: Building] INFO  o.a.m.s.f.DefaultMavenResourcesFiltering - Copying 1 resource from src\main\resources to target\classes
2025-05-21 15:21:17,753 [Worker-14: Building] INFO  o.a.m.s.f.DefaultMavenResourcesFiltering - Copying 0 resource from src\main\resources to target\classes
2025-05-21 15:21:17,759 [Worker-14: Building] INFO  o.a.m.s.f.DefaultMavenResourcesFiltering - skip non existing resourceDirectory E:\Ecommerce project\Product-Api-app\src\test\resources
2025-05-21 15:23:18,250 [Worker-1: Building] INFO  o.a.m.s.f.DefaultMavenResourcesFiltering - Copying 1 resource from src\main\resources to target\classes
2025-05-21 15:23:18,250 [Worker-1: Building] INFO  o.a.m.s.f.DefaultMavenResourcesFiltering - Copying 0 resource from src\main\resources to target\classes
2025-05-21 15:23:18,260 [Worker-1: Building] INFO  o.a.m.s.f.DefaultMavenResourcesFiltering - skip non existing resourceDirectory E:\Ecommerce project\Product-Api-app\src\test\resources
2025-05-21 15:27:39,088 [Worker-15: Building] INFO  o.a.m.s.f.DefaultMavenResourcesFiltering - Copying 1 resource from src\main\resources to target\classes
2025-05-21 15:27:39,096 [Worker-15: Building] INFO  o.a.m.s.f.DefaultMavenResourcesFiltering - Copying 0 resource from src\main\resources to target\classes
2025-05-21 15:27:39,102 [Worker-15: Building] INFO  o.a.m.s.f.DefaultMavenResourcesFiltering - skip non existing resourceDirectory E:\Ecommerce project\Product-Api-app\src\test\resources
2025-05-21 15:28:15,116 [Worker-15: Building] INFO  o.a.m.s.f.DefaultMavenResourcesFiltering - Copying 1 resource from src\main\resources to target\classes
2025-05-21 15:28:15,121 [Worker-15: Building] INFO  o.a.m.s.f.DefaultMavenResourcesFiltering - Copying 0 resource from src\main\resources to target\classes
2025-05-21 15:28:15,123 [Worker-15: Building] INFO  o.a.m.s.f.DefaultMavenResourcesFiltering - skip non existing resourceDirectory E:\Ecommerce project\Product-Api-app\src\test\resources
2025-05-21 15:28:25,675 [Worker-13: Building] INFO  o.a.m.s.f.DefaultMavenResourcesFiltering - Copying 1 resource from src\main\resources to target\classes
2025-05-21 15:28:25,680 [Worker-13: Building] INFO  o.a.m.s.f.DefaultMavenResourcesFiltering - Copying 0 resource from src\main\resources to target\classes
2025-05-21 15:28:25,683 [Worker-13: Building] INFO  o.a.m.s.f.DefaultMavenResourcesFiltering - skip non existing resourceDirectory E:\Ecommerce project\Product-Api-app\src\test\resources
2025-05-21 15:28:42,664 [Worker-17: Building] INFO  o.a.m.s.f.DefaultMavenResourcesFiltering - Copying 1 resource from src\main\resources to target\classes
2025-05-21 15:28:42,669 [Worker-17: Building] INFO  o.a.m.s.f.DefaultMavenResourcesFiltering - Copying 0 resource from src\main\resources to target\classes
2025-05-21 15:28:42,671 [Worker-17: Building] INFO  o.a.m.s.f.DefaultMavenResourcesFiltering - skip non existing resourceDirectory E:\Ecommerce project\Product-Api-app\src\test\resources
2025-05-21 15:29:01,684 [Worker-1: Building] INFO  o.a.m.s.f.DefaultMavenResourcesFiltering - Copying 1 resource from src\main\resources to target\classes
2025-05-21 15:29:01,690 [Worker-1: Building] INFO  o.a.m.s.f.DefaultMavenResourcesFiltering - Copying 0 resource from src\main\resources to target\classes
2025-05-21 15:29:01,693 [Worker-1: Building] INFO  o.a.m.s.f.DefaultMavenResourcesFiltering - skip non existing resourceDirectory E:\Ecommerce project\Product-Api-app\src\test\resources
2025-05-21 15:42:21,043 [Worker-20: Building] INFO  o.a.m.s.f.DefaultMavenResourcesFiltering - Copying 1 resource from src\main\resources to target\classes
2025-05-21 15:42:21,302 [Worker-20: Building] INFO  o.a.m.s.f.DefaultMavenResourcesFiltering - Copying 0 resource from src\main\resources to target\classes
2025-05-21 15:42:21,312 [Worker-20: Building] INFO  o.a.m.s.f.DefaultMavenResourcesFiltering - skip non existing resourceDirectory E:\Ecommerce project\Product-Api-app\src\test\resources
2025-05-21 15:43:12,899 [Worker-19: Building] INFO  o.a.m.s.f.DefaultMavenResourcesFiltering - Copying 1 resource from src\main\resources to target\classes
2025-05-21 15:43:13,030 [Worker-19: Building] INFO  o.a.m.s.f.DefaultMavenResourcesFiltering - Copying 0 resource from src\main\resources to target\classes
2025-05-21 15:43:13,037 [Worker-19: Building] INFO  o.a.m.s.f.DefaultMavenResourcesFiltering - skip non existing resourceDirectory E:\Ecommerce project\Product-Api-app\src\test\resources
2025-05-21 15:43:51,343 [Worker-22: Building] INFO  o.a.m.s.f.DefaultMavenResourcesFiltering - Copying 1 resource from src\main\resources to target\classes
2025-05-21 15:43:51,393 [Worker-22: Building] INFO  o.a.m.s.f.DefaultMavenResourcesFiltering - Copying 0 resource from src\main\resources to target\classes
2025-05-21 15:43:51,396 [Worker-22: Building] INFO  o.a.m.s.f.DefaultMavenResourcesFiltering - skip non existing resourceDirectory E:\Ecommerce project\Product-Api-app\src\test\resources
2025-05-21 15:44:09,072 [Worker-21: Building] INFO  o.a.m.s.f.DefaultMavenResourcesFiltering - Copying 1 resource from src\main\resources to target\classes
2025-05-21 15:44:09,105 [Worker-21: Building] INFO  o.a.m.s.f.DefaultMavenResourcesFiltering - Copying 0 resource from src\main\resources to target\classes
2025-05-21 15:44:09,108 [Worker-21: Building] INFO  o.a.m.s.f.DefaultMavenResourcesFiltering - skip non existing resourceDirectory E:\Ecommerce project\Product-Api-app\src\test\resources
2025-05-21 15:44:26,287 [Worker-21: Building] INFO  o.a.m.s.f.DefaultMavenResourcesFiltering - Copying 1 resource from src\main\resources to target\classes
2025-05-21 15:44:26,317 [Worker-21: Building] INFO  o.a.m.s.f.DefaultMavenResourcesFiltering - Copying 0 resource from src\main\resources to target\classes
2025-05-21 15:44:26,319 [Worker-21: Building] INFO  o.a.m.s.f.DefaultMavenResourcesFiltering - skip non existing resourceDirectory E:\Ecommerce project\Product-Api-app\src\test\resources
2025-05-21 15:47:00,962 [Worker-25: Building] INFO  o.a.m.s.f.DefaultMavenResourcesFiltering - Copying 1 resource from src\main\resources to target\classes
2025-05-21 15:47:00,971 [Worker-25: Building] INFO  o.a.m.s.f.DefaultMavenResourcesFiltering - Copying 0 resource from src\main\resources to target\classes
2025-05-21 15:47:00,976 [Worker-25: Building] INFO  o.a.m.s.f.DefaultMavenResourcesFiltering - skip non existing resourceDirectory E:\Ecommerce project\Product-Api-app\src\test\resources
2025-05-21 15:50:19,215 [Worker-25: Building] INFO  o.a.m.s.f.DefaultMavenResourcesFiltering - Copying 1 resource from src\main\resources to target\classes
2025-05-21 15:50:19,226 [Worker-25: Building] INFO  o.a.m.s.f.DefaultMavenResourcesFiltering - Copying 0 resource from src\main\resources to target\classes
2025-05-21 15:50:19,229 [Worker-25: Building] INFO  o.a.m.s.f.DefaultMavenResourcesFiltering - skip non existing resourceDirectory E:\Ecommerce project\Product-Api-app\src\test\resources
2025-05-21 15:50:42,669 [Worker-26: Building] INFO  o.a.m.s.f.DefaultMavenResourcesFiltering - Copying 1 resource from src\main\resources to target\classes
2025-05-21 15:50:42,677 [Worker-26: Building] INFO  o.a.m.s.f.DefaultMavenResourcesFiltering - Copying 0 resource from src\main\resources to target\classes
2025-05-21 15:50:42,681 [Worker-26: Building] INFO  o.a.m.s.f.DefaultMavenResourcesFiltering - skip non existing resourceDirectory E:\Ecommerce project\Product-Api-app\src\test\resources
2025-05-21 15:51:20,246 [Worker-25: Building] INFO  o.a.m.s.f.DefaultMavenResourcesFiltering - Copying 1 resource from src\main\resources to target\classes
2025-05-21 15:51:20,252 [Worker-25: Building] INFO  o.a.m.s.f.DefaultMavenResourcesFiltering - Copying 0 resource from src\main\resources to target\classes
2025-05-21 15:51:20,256 [Worker-25: Building] INFO  o.a.m.s.f.DefaultMavenResourcesFiltering - skip non existing resourceDirectory E:\Ecommerce project\Product-Api-app\src\test\resources
2025-05-21 15:52:28,032 [Worker-22: Building] INFO  o.a.m.s.f.DefaultMavenResourcesFiltering - Copying 1 resource from src\main\resources to target\classes
2025-05-21 15:52:28,039 [Worker-22: Building] INFO  o.a.m.s.f.DefaultMavenResourcesFiltering - Copying 0 resource from src\main\resources to target\classes
2025-05-21 15:52:28,043 [Worker-22: Building] INFO  o.a.m.s.f.DefaultMavenResourcesFiltering - skip non existing resourceDirectory E:\Ecommerce project\Product-Api-app\src\test\resources
2025-05-21 15:54:08,613 [Worker-28: Building] INFO  o.a.m.s.f.DefaultMavenResourcesFiltering - Copying 1 resource from src\main\resources to target\classes
2025-05-21 15:54:08,691 [Worker-28: Building] INFO  o.a.m.s.f.DefaultMavenResourcesFiltering - Copying 0 resource from src\main\resources to target\classes
2025-05-21 15:54:08,694 [Worker-28: Building] INFO  o.a.m.s.f.DefaultMavenResourcesFiltering - skip non existing resourceDirectory E:\Ecommerce project\Product-Api-app\src\test\resources
2025-05-21 15:54:34,902 [Worker-28: Building] INFO  o.a.m.s.f.DefaultMavenResourcesFiltering - Copying 1 resource from src\main\resources to target\classes
2025-05-21 15:54:34,986 [Worker-28: Building] INFO  o.a.m.s.f.DefaultMavenResourcesFiltering - Copying 0 resource from src\main\resources to target\classes
2025-05-21 15:54:34,988 [Worker-28: Building] INFO  o.a.m.s.f.DefaultMavenResourcesFiltering - skip non existing resourceDirectory E:\Ecommerce project\Product-Api-app\src\test\resources
2025-05-21 15:57:42,727 [Worker-28: Building] INFO  o.a.m.s.f.DefaultMavenResourcesFiltering - Copying 1 resource from src\main\resources to target\classes
2025-05-21 15:57:42,738 [Worker-28: Building] INFO  o.a.m.s.f.DefaultMavenResourcesFiltering - Copying 0 resource from src\main\resources to target\classes
2025-05-21 15:57:42,740 [Worker-28: Building] INFO  o.a.m.s.f.DefaultMavenResourcesFiltering - skip non existing resourceDirectory E:\Ecommerce project\Product-Api-app\src\test\resources
2025-05-21 15:57:49,607 [Worker-28: Building] INFO  o.a.m.s.f.DefaultMavenResourcesFiltering - Copying 1 resource from src\main\resources to target\classes
2025-05-21 15:57:49,614 [Worker-28: Building] INFO  o.a.m.s.f.DefaultMavenResourcesFiltering - Copying 0 resource from src\main\resources to target\classes
2025-05-21 15:57:49,616 [Worker-28: Building] INFO  o.a.m.s.f.DefaultMavenResourcesFiltering - skip non existing resourceDirectory E:\Ecommerce project\Product-Api-app\src\test\resources
2025-05-21 16:00:02,730 [Worker-24: Building] INFO  o.a.m.s.f.DefaultMavenResourcesFiltering - Copying 1 resource from src\main\resources to target\classes
2025-05-21 16:00:02,740 [Worker-24: Building] INFO  o.a.m.s.f.DefaultMavenResourcesFiltering - Copying 0 resource from src\main\resources to target\classes
2025-05-21 16:00:02,743 [Worker-24: Building] INFO  o.a.m.s.f.DefaultMavenResourcesFiltering - skip non existing resourceDirectory E:\Ecommerce project\Product-Api-app\src\test\resources
2025-05-21 16:02:12,696 [Worker-31: Building] INFO  o.a.m.s.f.DefaultMavenResourcesFiltering - Copying 1 resource from src\main\resources to target\classes
2025-05-21 16:02:12,707 [Worker-31: Building] INFO  o.a.m.s.f.DefaultMavenResourcesFiltering - Copying 0 resource from src\main\resources to target\classes
2025-05-21 16:02:12,710 [Worker-31: Building] INFO  o.a.m.s.f.DefaultMavenResourcesFiltering - skip non existing resourceDirectory E:\Ecommerce project\Product-Api-app\src\test\resources
2025-05-21 16:02:38,234 [Worker-30: Building] INFO  o.a.m.s.f.DefaultMavenResourcesFiltering - Copying 1 resource from src\main\resources to target\classes
2025-05-21 16:02:38,239 [Worker-30: Building] INFO  o.a.m.s.f.DefaultMavenResourcesFiltering - Copying 0 resource from src\main\resources to target\classes
2025-05-21 16:02:38,241 [Worker-30: Building] INFO  o.a.m.s.f.DefaultMavenResourcesFiltering - skip non existing resourceDirectory E:\Ecommerce project\Product-Api-app\src\test\resources
2025-05-21 16:10:58,413 [Worker-29: Building] INFO  o.a.m.s.f.DefaultMavenResourcesFiltering - Copying 1 resource from src\main\resources to target\classes
2025-05-21 16:10:58,424 [Worker-29: Building] INFO  o.a.m.s.f.DefaultMavenResourcesFiltering - Copying 0 resource from src\main\resources to target\classes
2025-05-21 16:10:58,427 [Worker-29: Building] INFO  o.a.m.s.f.DefaultMavenResourcesFiltering - skip non existing resourceDirectory E:\Ecommerce project\Product-Api-app\src\test\resources
2025-05-21 16:13:13,795 [Worker-31: Building] INFO  o.a.m.s.f.DefaultMavenResourcesFiltering - Copying 1 resource from src\main\resources to target\classes
2025-05-21 16:13:13,803 [Worker-31: Building] INFO  o.a.m.s.f.DefaultMavenResourcesFiltering - Copying 0 resource from src\main\resources to target\classes
2025-05-21 16:13:13,807 [Worker-31: Building] INFO  o.a.m.s.f.DefaultMavenResourcesFiltering - skip non existing resourceDirectory E:\Ecommerce project\Product-Api-app\src\test\resources
2025-05-21 16:17:11,563 [Worker-34: Building] INFO  o.a.m.s.f.DefaultMavenResourcesFiltering - Copying 1 resource from src\main\resources to target\classes
2025-05-21 16:17:11,566 [Worker-34: Building] INFO  o.a.m.s.f.DefaultMavenResourcesFiltering - Copying 0 resource from src\main\resources to target\classes
2025-05-21 16:17:11,568 [Worker-34: Building] INFO  o.a.m.s.f.DefaultMavenResourcesFiltering - skip non existing resourceDirectory E:\Ecommerce project\Product-Api-app\src\test\resources
2025-05-21 16:17:47,746 [Worker-33: Building] INFO  o.a.m.s.f.DefaultMavenResourcesFiltering - Copying 1 resource from src\main\resources to target\classes
2025-05-21 16:17:47,752 [Worker-33: Building] INFO  o.a.m.s.f.DefaultMavenResourcesFiltering - Copying 0 resource from src\main\resources to target\classes
2025-05-21 16:17:47,755 [Worker-33: Building] INFO  o.a.m.s.f.DefaultMavenResourcesFiltering - skip non existing resourceDirectory E:\Ecommerce project\Product-Api-app\src\test\resources
2025-05-21 16:18:27,601 [Worker-36: Building] INFO  o.a.m.s.f.DefaultMavenResourcesFiltering - Copying 1 resource from src\main\resources to target\classes
2025-05-21 16:18:27,606 [Worker-36: Building] INFO  o.a.m.s.f.DefaultMavenResourcesFiltering - Copying 0 resource from src\main\resources to target\classes
2025-05-21 16:18:27,608 [Worker-36: Building] INFO  o.a.m.s.f.DefaultMavenResourcesFiltering - skip non existing resourceDirectory E:\Ecommerce project\Product-Api-app\src\test\resources
2025-05-21 16:18:35,724 [Worker-34: Building] INFO  o.a.m.s.f.DefaultMavenResourcesFiltering - Copying 1 resource from src\main\resources to target\classes
2025-05-21 16:18:35,730 [Worker-34: Building] INFO  o.a.m.s.f.DefaultMavenResourcesFiltering - Copying 0 resource from src\main\resources to target\classes
2025-05-21 16:18:35,733 [Worker-34: Building] INFO  o.a.m.s.f.DefaultMavenResourcesFiltering - skip non existing resourceDirectory E:\Ecommerce project\Product-Api-app\src\test\resources
2025-05-22 10:42:33,607 [Worker-1: Loading available Gradle versions] INFO  o.e.b.c.i.u.g.PublishedGradleVersions - Gradle version information cache is out-of-date. Trying to update.
2025-05-22 12:32:21,474 [Worker-12: Building] INFO  o.a.m.s.f.DefaultMavenResourcesFiltering - Copying 1 resource from src\main\resources to target\classes
2025-05-22 12:32:21,528 [Worker-12: Building] INFO  o.a.m.s.f.DefaultMavenResourcesFiltering - Copying 0 resource from src\main\resources to target\classes
2025-05-22 12:32:21,535 [Worker-12: Building] INFO  o.a.m.s.f.DefaultMavenResourcesFiltering - skip non existing resourceDirectory E:\Ecommerce project\Product-Api-app\src\test\resources
2025-05-22 12:32:29,796 [Worker-16: Building] INFO  o.a.m.s.f.DefaultMavenResourcesFiltering - Copying 1 resource from src\main\resources to target\classes
2025-05-22 12:32:29,814 [Worker-16: Building] INFO  o.a.m.s.f.DefaultMavenResourcesFiltering - Copying 0 resource from src\main\resources to target\classes
2025-05-22 12:32:29,820 [Worker-16: Building] INFO  o.a.m.s.f.DefaultMavenResourcesFiltering - skip non existing resourceDirectory E:\Ecommerce project\Product-Api-app\src\test\resources
2025-05-22 12:34:38,505 [Worker-12: Building] INFO  o.a.m.s.f.DefaultMavenResourcesFiltering - Copying 1 resource from src\main\resources to target\classes
2025-05-22 12:34:38,509 [Worker-12: Building] INFO  o.a.m.s.f.DefaultMavenResourcesFiltering - Copying 0 resource from src\main\resources to target\classes
2025-05-22 12:34:38,514 [Worker-12: Building] INFO  o.a.m.s.f.DefaultMavenResourcesFiltering - skip non existing resourceDirectory E:\Ecommerce project\Product-Api-app\src\test\resources
2025-05-22 12:34:49,019 [Worker-18: Building] INFO  o.a.m.s.f.DefaultMavenResourcesFiltering - Copying 1 resource from src\main\resources to target\classes
2025-05-22 12:34:49,025 [Worker-18: Building] INFO  o.a.m.s.f.DefaultMavenResourcesFiltering - Copying 0 resource from src\main\resources to target\classes
2025-05-22 12:34:49,030 [Worker-18: Building] INFO  o.a.m.s.f.DefaultMavenResourcesFiltering - skip non existing resourceDirectory E:\Ecommerce project\Product-Api-app\src\test\resources
2025-05-22 12:38:03,525 [Worker-14: Building] INFO  o.a.m.s.f.DefaultMavenResourcesFiltering - Copying 1 resource from src\main\resources to target\classes
2025-05-22 12:38:03,538 [Worker-14: Building] INFO  o.a.m.s.f.DefaultMavenResourcesFiltering - Copying 0 resource from src\main\resources to target\classes
2025-05-22 12:38:03,541 [Worker-14: Building] INFO  o.a.m.s.f.DefaultMavenResourcesFiltering - skip non existing resourceDirectory E:\Ecommerce project\Product-Api-app\src\test\resources
2025-05-22 12:38:16,558 [Worker-14: Building] INFO  o.a.m.s.f.DefaultMavenResourcesFiltering - Copying 1 resource from src\main\resources to target\classes
2025-05-22 12:38:16,563 [Worker-14: Building] INFO  o.a.m.s.f.DefaultMavenResourcesFiltering - Copying 0 resource from src\main\resources to target\classes
2025-05-22 12:38:16,566 [Worker-14: Building] INFO  o.a.m.s.f.DefaultMavenResourcesFiltering - skip non existing resourceDirectory E:\Ecommerce project\Product-Api-app\src\test\resources
2025-05-22 12:39:34,534 [Worker-17: Building] INFO  o.a.m.s.f.DefaultMavenResourcesFiltering - Copying 1 resource from src\main\resources to target\classes
2025-05-22 12:39:34,539 [Worker-17: Building] INFO  o.a.m.s.f.DefaultMavenResourcesFiltering - Copying 0 resource from src\main\resources to target\classes
2025-05-22 12:39:34,542 [Worker-17: Building] INFO  o.a.m.s.f.DefaultMavenResourcesFiltering - skip non existing resourceDirectory E:\Ecommerce project\Product-Api-app\src\test\resources
2025-05-22 12:39:45,548 [Worker-19: Building] INFO  o.a.m.s.f.DefaultMavenResourcesFiltering - Copying 1 resource from src\main\resources to target\classes
2025-05-22 12:39:45,552 [Worker-19: Building] INFO  o.a.m.s.f.DefaultMavenResourcesFiltering - Copying 0 resource from src\main\resources to target\classes
2025-05-22 12:39:45,557 [Worker-19: Building] INFO  o.a.m.s.f.DefaultMavenResourcesFiltering - skip non existing resourceDirectory E:\Ecommerce project\Product-Api-app\src\test\resources
2025-05-22 12:42:49,818 [Worker-12: Building] INFO  o.a.m.s.f.DefaultMavenResourcesFiltering - Copying 1 resource from src\main\resources to target\classes
2025-05-22 12:42:49,821 [Worker-12: Building] INFO  o.a.m.s.f.DefaultMavenResourcesFiltering - Copying 0 resource from src\main\resources to target\classes
2025-05-22 12:42:49,824 [Worker-12: Building] INFO  o.a.m.s.f.DefaultMavenResourcesFiltering - skip non existing resourceDirectory E:\Ecommerce project\Product-Api-app\src\test\resources
2025-05-22 12:46:03,040 [Worker-15: Building] INFO  o.a.m.s.f.DefaultMavenResourcesFiltering - Copying 1 resource from src\main\resources to target\classes
2025-05-22 12:46:03,045 [Worker-15: Building] INFO  o.a.m.s.f.DefaultMavenResourcesFiltering - Copying 0 resource from src\main\resources to target\classes
2025-05-22 12:46:03,049 [Worker-15: Building] INFO  o.a.m.s.f.DefaultMavenResourcesFiltering - skip non existing resourceDirectory E:\Ecommerce project\Product-Api-app\src\test\resources
2025-05-22 19:09:10,088 [Worker-14: Building] INFO  o.a.m.s.f.DefaultMavenResourcesFiltering - Copying 1 resource from src\main\resources to target\classes
2025-05-22 19:09:10,101 [Worker-14: Building] INFO  o.a.m.s.f.DefaultMavenResourcesFiltering - Copying 0 resource from src\main\resources to target\classes
2025-05-22 19:09:10,104 [Worker-14: Building] INFO  o.a.m.s.f.DefaultMavenResourcesFiltering - skip non existing resourceDirectory E:\Ecommerce project\Product-Api-app\src\test\resources
2025-05-23 09:55:56,545 [Worker-2: Loading available Gradle versions] INFO  o.e.b.c.i.u.g.PublishedGradleVersions - Gradle version information cache is up-to-date. Trying to read.
2025-05-23 11:55:10,082 [Worker-20: Building] INFO  o.a.m.s.f.DefaultMavenResourcesFiltering - Copying 1 resource from src\main\resources to target\classes
2025-05-23 11:55:10,217 [Worker-20: Building] INFO  o.a.m.s.f.DefaultMavenResourcesFiltering - Copying 0 resource from src\main\resources to target\classes
2025-05-23 11:55:10,222 [Worker-20: Building] INFO  o.a.m.s.f.DefaultMavenResourcesFiltering - skip non existing resourceDirectory E:\Ecommerce project\Product-Api-app\src\test\resources
2025-05-23 11:57:44,096 [Worker-19: Building] INFO  o.a.m.s.f.DefaultMavenResourcesFiltering - Copying 1 resource from src\main\resources to target\classes
2025-05-23 11:57:44,149 [Worker-19: Building] INFO  o.a.m.s.f.DefaultMavenResourcesFiltering - Copying 0 resource from src\main\resources to target\classes
2025-05-23 11:57:44,154 [Worker-19: Building] INFO  o.a.m.s.f.DefaultMavenResourcesFiltering - skip non existing resourceDirectory E:\Ecommerce project\Product-Api-app\src\test\resources
2025-05-23 12:01:10,647 [Worker-16: Building] INFO  o.a.m.s.f.DefaultMavenResourcesFiltering - Copying 1 resource from src\main\resources to target\classes
2025-05-23 12:01:10,654 [Worker-16: Building] INFO  o.a.m.s.f.DefaultMavenResourcesFiltering - Copying 0 resource from src\main\resources to target\classes
2025-05-23 12:01:10,659 [Worker-16: Building] INFO  o.a.m.s.f.DefaultMavenResourcesFiltering - skip non existing resourceDirectory E:\Ecommerce project\Product-Api-app\src\test\resources
2025-05-23 12:28:37,966 [Worker-23: Building] INFO  o.a.m.s.f.DefaultMavenResourcesFiltering - Copying 1 resource from src\main\resources to target\classes
2025-05-23 12:28:38,058 [Worker-23: Building] INFO  o.a.m.s.f.DefaultMavenResourcesFiltering - Copying 0 resource from src\main\resources to target\classes
2025-05-23 12:28:38,062 [Worker-23: Building] INFO  o.a.m.s.f.DefaultMavenResourcesFiltering - skip non existing resourceDirectory E:\Ecommerce project\Product-Api-app\src\test\resources
2025-05-23 12:33:39,079 [Worker-27: Building] INFO  o.a.m.s.f.DefaultMavenResourcesFiltering - Copying 1 resource from src\main\resources to target\classes
2025-05-23 12:33:39,115 [Worker-27: Building] INFO  o.a.m.s.f.DefaultMavenResourcesFiltering - Copying 0 resource from src\main\resources to target\classes
2025-05-23 12:33:39,119 [Worker-27: Building] INFO  o.a.m.s.f.DefaultMavenResourcesFiltering - skip non existing resourceDirectory E:\Ecommerce project\Product-Api-app\src\test\resources
2025-05-23 12:40:15,725 [Worker-30: Building] INFO  o.a.m.s.f.DefaultMavenResourcesFiltering - Copying 1 resource from src\main\resources to target\classes
2025-05-23 12:40:15,735 [Worker-30: Building] INFO  o.a.m.s.f.DefaultMavenResourcesFiltering - Copying 0 resource from src\main\resources to target\classes
2025-05-23 12:40:15,737 [Worker-30: Building] INFO  o.a.m.s.f.DefaultMavenResourcesFiltering - skip non existing resourceDirectory E:\Ecommerce project\Product-Api-app\src\test\resources
2025-05-23 12:44:28,817 [Worker-34: Building] INFO  o.a.m.s.f.DefaultMavenResourcesFiltering - Copying 1 resource from src\main\resources to target\classes
2025-05-23 12:44:28,840 [Worker-34: Building] INFO  o.a.m.s.f.DefaultMavenResourcesFiltering - Copying 0 resource from src\main\resources to target\classes
2025-05-23 12:44:28,844 [Worker-34: Building] INFO  o.a.m.s.f.DefaultMavenResourcesFiltering - skip non existing resourceDirectory E:\Ecommerce project\Product-Api-app\src\test\resources
2025-05-23 13:07:55,390 [Worker-31: Building] INFO  o.a.m.s.f.DefaultMavenResourcesFiltering - Copying 1 resource from src\main\resources to target\classes
2025-05-23 13:07:55,468 [Worker-31: Building] INFO  o.a.m.s.f.DefaultMavenResourcesFiltering - Copying 0 resource from src\main\resources to target\classes
2025-05-23 13:07:55,472 [Worker-31: Building] INFO  o.a.m.s.f.DefaultMavenResourcesFiltering - skip non existing resourceDirectory E:\Ecommerce project\Product-Api-app\src\test\resources
2025-05-23 13:08:08,130 [Worker-38: Building] INFO  o.a.m.s.f.DefaultMavenResourcesFiltering - Copying 1 resource from src\main\resources to target\classes
2025-05-23 13:08:08,140 [Worker-38: Building] INFO  o.a.m.s.f.DefaultMavenResourcesFiltering - Copying 0 resource from src\main\resources to target\classes
2025-05-23 13:08:08,143 [Worker-38: Building] INFO  o.a.m.s.f.DefaultMavenResourcesFiltering - skip non existing resourceDirectory E:\Ecommerce project\Product-Api-app\src\test\resources
2025-05-23 13:08:15,169 [Worker-39: Building] INFO  o.a.m.s.f.DefaultMavenResourcesFiltering - Copying 1 resource from src\main\resources to target\classes
2025-05-23 13:08:15,176 [Worker-39: Building] INFO  o.a.m.s.f.DefaultMavenResourcesFiltering - Copying 0 resource from src\main\resources to target\classes
2025-05-23 13:08:15,180 [Worker-39: Building] INFO  o.a.m.s.f.DefaultMavenResourcesFiltering - skip non existing resourceDirectory E:\Ecommerce project\Product-Api-app\src\test\resources
2025-05-23 13:08:18,815 [Worker-40: Building] INFO  o.a.m.s.f.DefaultMavenResourcesFiltering - Copying 1 resource from src\main\resources to target\classes
2025-05-23 13:08:18,820 [Worker-40: Building] INFO  o.a.m.s.f.DefaultMavenResourcesFiltering - Copying 0 resource from src\main\resources to target\classes
2025-05-23 13:08:18,824 [Worker-40: Building] INFO  o.a.m.s.f.DefaultMavenResourcesFiltering - skip non existing resourceDirectory E:\Ecommerce project\Product-Api-app\src\test\resources
2025-05-23 13:10:10,220 [Worker-41: Launching Executing clean in E__Ecommerce project_Product-Api-app] INFO  o.eclipse.m2e.core.internal.Bundles - getClasspathEntries(Bundle=org.eclipse.m2e.maven.runtime_3.9.500.20231113-2345 [346])
2025-05-23 13:10:10,224 [Worker-41: Launching Executing clean in E__Ecommerce project_Product-Api-app] INFO  o.eclipse.m2e.core.internal.Bundles - 	Entry: C:\Users\91891\sts-4.21.1.RELEASE\plugins\org.eclipse.m2e.maven.runtime_3.9.500.20231113-2345
2025-05-23 13:10:10,224 [Worker-41: Launching Executing clean in E__Ecommerce project_Product-Api-app] INFO  o.eclipse.m2e.core.internal.Bundles - 	Entry: C:\Users\91891\sts-4.21.1.RELEASE\plugins\org.eclipse.m2e.maven.runtime_3.9.500.20231113-2345\jars\aopalliance-1.0.jar
2025-05-23 13:10:10,224 [Worker-41: Launching Executing clean in E__Ecommerce project_Product-Api-app] INFO  o.eclipse.m2e.core.internal.Bundles - 	Entry: C:\Users\91891\sts-4.21.1.RELEASE\plugins\org.eclipse.m2e.maven.runtime_3.9.500.20231113-2345\jars\guice-5.1.0.jar
2025-05-23 13:10:10,224 [Worker-41: Launching Executing clean in E__Ecommerce project_Product-Api-app] INFO  o.eclipse.m2e.core.internal.Bundles - 	Entry: C:\Users\91891\sts-4.21.1.RELEASE\plugins\org.eclipse.m2e.maven.runtime_3.9.500.20231113-2345\jars\httpclient-4.5.14.jar
2025-05-23 13:10:10,225 [Worker-41: Launching Executing clean in E__Ecommerce project_Product-Api-app] INFO  o.eclipse.m2e.core.internal.Bundles - 	Entry: C:\Users\91891\sts-4.21.1.RELEASE\plugins\org.eclipse.m2e.maven.runtime_3.9.500.20231113-2345\jars\httpcore-4.4.16.jar
2025-05-23 13:10:10,225 [Worker-41: Launching Executing clean in E__Ecommerce project_Product-Api-app] INFO  o.eclipse.m2e.core.internal.Bundles - 	Entry: C:\Users\91891\sts-4.21.1.RELEASE\plugins\org.eclipse.m2e.maven.runtime_3.9.500.20231113-2345\jars\jansi-2.4.0.jar
2025-05-23 13:10:10,225 [Worker-41: Launching Executing clean in E__Ecommerce project_Product-Api-app] INFO  o.eclipse.m2e.core.internal.Bundles - 	Entry: C:\Users\91891\sts-4.21.1.RELEASE\plugins\org.eclipse.m2e.maven.runtime_3.9.500.20231113-2345\jars\jcl-over-slf4j-1.7.36.jar
2025-05-23 13:10:10,225 [Worker-41: Launching Executing clean in E__Ecommerce project_Product-Api-app] INFO  o.eclipse.m2e.core.internal.Bundles - 	Entry: C:\Users\91891\sts-4.21.1.RELEASE\plugins\org.eclipse.m2e.maven.runtime_3.9.500.20231113-2345\jars\maven-artifact-3.9.5.jar
2025-05-23 13:10:10,225 [Worker-41: Launching Executing clean in E__Ecommerce project_Product-Api-app] INFO  o.eclipse.m2e.core.internal.Bundles - 	Entry: C:\Users\91891\sts-4.21.1.RELEASE\plugins\org.eclipse.m2e.maven.runtime_3.9.500.20231113-2345\jars\maven-builder-support-3.9.5.jar
2025-05-23 13:10:10,225 [Worker-41: Launching Executing clean in E__Ecommerce project_Product-Api-app] INFO  o.eclipse.m2e.core.internal.Bundles - 	Entry: C:\Users\91891\sts-4.21.1.RELEASE\plugins\org.eclipse.m2e.maven.runtime_3.9.500.20231113-2345\jars\maven-compat-3.9.5.jar
2025-05-23 13:10:10,225 [Worker-41: Launching Executing clean in E__Ecommerce project_Product-Api-app] INFO  o.eclipse.m2e.core.internal.Bundles - 	Entry: C:\Users\91891\sts-4.21.1.RELEASE\plugins\org.eclipse.m2e.maven.runtime_3.9.500.20231113-2345\jars\maven-core-3.9.5.jar
2025-05-23 13:10:10,225 [Worker-41: Launching Executing clean in E__Ecommerce project_Product-Api-app] INFO  o.eclipse.m2e.core.internal.Bundles - 	Entry: C:\Users\91891\sts-4.21.1.RELEASE\plugins\org.eclipse.m2e.maven.runtime_3.9.500.20231113-2345\jars\maven-embedder-3.9.5.jar
2025-05-23 13:10:10,226 [Worker-41: Launching Executing clean in E__Ecommerce project_Product-Api-app] INFO  o.eclipse.m2e.core.internal.Bundles - 	Entry: C:\Users\91891\sts-4.21.1.RELEASE\plugins\org.eclipse.m2e.maven.runtime_3.9.500.20231113-2345\jars\maven-model-3.9.5.jar
2025-05-23 13:10:10,226 [Worker-41: Launching Executing clean in E__Ecommerce project_Product-Api-app] INFO  o.eclipse.m2e.core.internal.Bundles - 	Entry: C:\Users\91891\sts-4.21.1.RELEASE\plugins\org.eclipse.m2e.maven.runtime_3.9.500.20231113-2345\jars\maven-model-builder-3.9.5.jar
2025-05-23 13:10:10,226 [Worker-41: Launching Executing clean in E__Ecommerce project_Product-Api-app] INFO  o.eclipse.m2e.core.internal.Bundles - 	Entry: C:\Users\91891\sts-4.21.1.RELEASE\plugins\org.eclipse.m2e.maven.runtime_3.9.500.20231113-2345\jars\maven-plugin-api-3.9.5.jar
2025-05-23 13:10:10,226 [Worker-41: Launching Executing clean in E__Ecommerce project_Product-Api-app] INFO  o.eclipse.m2e.core.internal.Bundles - 	Entry: C:\Users\91891\sts-4.21.1.RELEASE\plugins\org.eclipse.m2e.maven.runtime_3.9.500.20231113-2345\jars\maven-repository-metadata-3.9.5.jar
2025-05-23 13:10:10,226 [Worker-41: Launching Executing clean in E__Ecommerce project_Product-Api-app] INFO  o.eclipse.m2e.core.internal.Bundles - 	Entry: C:\Users\91891\sts-4.21.1.RELEASE\plugins\org.eclipse.m2e.maven.runtime_3.9.500.20231113-2345\jars\maven-resolver-api-1.9.16.jar
2025-05-23 13:10:10,226 [Worker-41: Launching Executing clean in E__Ecommerce project_Product-Api-app] INFO  o.eclipse.m2e.core.internal.Bundles - 	Entry: C:\Users\91891\sts-4.21.1.RELEASE\plugins\org.eclipse.m2e.maven.runtime_3.9.500.20231113-2345\jars\maven-resolver-connector-basic-1.9.16.jar
2025-05-23 13:10:10,226 [Worker-41: Launching Executing clean in E__Ecommerce project_Product-Api-app] INFO  o.eclipse.m2e.core.internal.Bundles - 	Entry: C:\Users\91891\sts-4.21.1.RELEASE\plugins\org.eclipse.m2e.maven.runtime_3.9.500.20231113-2345\jars\maven-resolver-impl-1.9.16.jar
2025-05-23 13:10:10,226 [Worker-41: Launching Executing clean in E__Ecommerce project_Product-Api-app] INFO  o.eclipse.m2e.core.internal.Bundles - 	Entry: C:\Users\91891\sts-4.21.1.RELEASE\plugins\org.eclipse.m2e.maven.runtime_3.9.500.20231113-2345\jars\maven-resolver-named-locks-1.9.16.jar
2025-05-23 13:10:10,226 [Worker-41: Launching Executing clean in E__Ecommerce project_Product-Api-app] INFO  o.eclipse.m2e.core.internal.Bundles - 	Entry: C:\Users\91891\sts-4.21.1.RELEASE\plugins\org.eclipse.m2e.maven.runtime_3.9.500.20231113-2345\jars\maven-resolver-provider-3.9.5.jar
2025-05-23 13:10:10,227 [Worker-41: Launching Executing clean in E__Ecommerce project_Product-Api-app] INFO  o.eclipse.m2e.core.internal.Bundles - 	Entry: C:\Users\91891\sts-4.21.1.RELEASE\plugins\org.eclipse.m2e.maven.runtime_3.9.500.20231113-2345\jars\maven-resolver-spi-1.9.16.jar
2025-05-23 13:10:10,227 [Worker-41: Launching Executing clean in E__Ecommerce project_Product-Api-app] INFO  o.eclipse.m2e.core.internal.Bundles - 	Entry: C:\Users\91891\sts-4.21.1.RELEASE\plugins\org.eclipse.m2e.maven.runtime_3.9.500.20231113-2345\jars\maven-resolver-transport-file-1.9.16.jar
2025-05-23 13:10:10,227 [Worker-41: Launching Executing clean in E__Ecommerce project_Product-Api-app] INFO  o.eclipse.m2e.core.internal.Bundles - 	Entry: C:\Users\91891\sts-4.21.1.RELEASE\plugins\org.eclipse.m2e.maven.runtime_3.9.500.20231113-2345\jars\maven-resolver-transport-http-1.9.16.jar
2025-05-23 13:10:10,227 [Worker-41: Launching Executing clean in E__Ecommerce project_Product-Api-app] INFO  o.eclipse.m2e.core.internal.Bundles - 	Entry: C:\Users\91891\sts-4.21.1.RELEASE\plugins\org.eclipse.m2e.maven.runtime_3.9.500.20231113-2345\jars\maven-resolver-transport-wagon-1.9.16.jar
2025-05-23 13:10:10,227 [Worker-41: Launching Executing clean in E__Ecommerce project_Product-Api-app] INFO  o.eclipse.m2e.core.internal.Bundles - 	Entry: C:\Users\91891\sts-4.21.1.RELEASE\plugins\org.eclipse.m2e.maven.runtime_3.9.500.20231113-2345\jars\maven-resolver-util-1.9.16.jar
2025-05-23 13:10:10,227 [Worker-41: Launching Executing clean in E__Ecommerce project_Product-Api-app] INFO  o.eclipse.m2e.core.internal.Bundles - 	Entry: C:\Users\91891\sts-4.21.1.RELEASE\plugins\org.eclipse.m2e.maven.runtime_3.9.500.20231113-2345\jars\maven-settings-3.9.5.jar
2025-05-23 13:10:10,227 [Worker-41: Launching Executing clean in E__Ecommerce project_Product-Api-app] INFO  o.eclipse.m2e.core.internal.Bundles - 	Entry: C:\Users\91891\sts-4.21.1.RELEASE\plugins\org.eclipse.m2e.maven.runtime_3.9.500.20231113-2345\jars\maven-settings-builder-3.9.5.jar
2025-05-23 13:10:10,227 [Worker-41: Launching Executing clean in E__Ecommerce project_Product-Api-app] INFO  o.eclipse.m2e.core.internal.Bundles - 	Entry: C:\Users\91891\sts-4.21.1.RELEASE\plugins\org.eclipse.m2e.maven.runtime_3.9.500.20231113-2345\jars\maven-shared-utils-3.3.4.jar
2025-05-23 13:10:10,228 [Worker-41: Launching Executing clean in E__Ecommerce project_Product-Api-app] INFO  o.eclipse.m2e.core.internal.Bundles - 	Entry: C:\Users\91891\sts-4.21.1.RELEASE\plugins\org.eclipse.m2e.maven.runtime_3.9.500.20231113-2345\jars\org.eclipse.sisu.inject-0.3.5.jar
2025-05-23 13:10:10,228 [Worker-41: Launching Executing clean in E__Ecommerce project_Product-Api-app] INFO  o.eclipse.m2e.core.internal.Bundles - 	Entry: C:\Users\91891\sts-4.21.1.RELEASE\plugins\org.eclipse.m2e.maven.runtime_3.9.500.20231113-2345\jars\org.eclipse.sisu.plexus-0.3.5.jar
2025-05-23 13:10:10,228 [Worker-41: Launching Executing clean in E__Ecommerce project_Product-Api-app] INFO  o.eclipse.m2e.core.internal.Bundles - 	Entry: C:\Users\91891\sts-4.21.1.RELEASE\plugins\org.eclipse.m2e.maven.runtime_3.9.500.20231113-2345\jars\plexus-build-api-0.0.7.jar
2025-05-23 13:10:10,228 [Worker-41: Launching Executing clean in E__Ecommerce project_Product-Api-app] INFO  o.eclipse.m2e.core.internal.Bundles - 	Entry: C:\Users\91891\sts-4.21.1.RELEASE\plugins\org.eclipse.m2e.maven.runtime_3.9.500.20231113-2345\jars\plexus-cipher-2.0.jar
2025-05-23 13:10:10,228 [Worker-41: Launching Executing clean in E__Ecommerce project_Product-Api-app] INFO  o.eclipse.m2e.core.internal.Bundles - 	Entry: C:\Users\91891\sts-4.21.1.RELEASE\plugins\org.eclipse.m2e.maven.runtime_3.9.500.20231113-2345\jars\plexus-classworlds-2.7.0.jar
2025-05-23 13:10:10,228 [Worker-41: Launching Executing clean in E__Ecommerce project_Product-Api-app] INFO  o.eclipse.m2e.core.internal.Bundles - 	Entry: C:\Users\91891\sts-4.21.1.RELEASE\plugins\org.eclipse.m2e.maven.runtime_3.9.500.20231113-2345\jars\plexus-component-annotations-2.1.0.jar
2025-05-23 13:10:10,228 [Worker-41: Launching Executing clean in E__Ecommerce project_Product-Api-app] INFO  o.eclipse.m2e.core.internal.Bundles - 	Entry: C:\Users\91891\sts-4.21.1.RELEASE\plugins\org.eclipse.m2e.maven.runtime_3.9.500.20231113-2345\jars\plexus-interpolation-1.26.jar
2025-05-23 13:10:10,228 [Worker-41: Launching Executing clean in E__Ecommerce project_Product-Api-app] INFO  o.eclipse.m2e.core.internal.Bundles - 	Entry: C:\Users\91891\sts-4.21.1.RELEASE\plugins\org.eclipse.m2e.maven.runtime_3.9.500.20231113-2345\jars\plexus-sec-dispatcher-2.0.jar
2025-05-23 13:10:10,228 [Worker-41: Launching Executing clean in E__Ecommerce project_Product-Api-app] INFO  o.eclipse.m2e.core.internal.Bundles - 	Entry: C:\Users\91891\sts-4.21.1.RELEASE\plugins\org.eclipse.m2e.maven.runtime_3.9.500.20231113-2345\jars\plexus-utils-3.5.1.jar
2025-05-23 13:10:10,236 [Worker-41: Launching Executing clean in E__Ecommerce project_Product-Api-app] INFO  o.eclipse.m2e.core.internal.Bundles - 	Entry: C:\Users\91891\sts-4.21.1.RELEASE\plugins\org.eclipse.m2e.maven.runtime_3.9.500.20231113-2345\jars\wagon-file-3.5.3.jar
2025-05-23 13:10:10,237 [Worker-41: Launching Executing clean in E__Ecommerce project_Product-Api-app] INFO  o.eclipse.m2e.core.internal.Bundles - 	Entry: C:\Users\91891\sts-4.21.1.RELEASE\plugins\org.eclipse.m2e.maven.runtime_3.9.500.20231113-2345\jars\wagon-http-3.5.3.jar
2025-05-23 13:10:10,237 [Worker-41: Launching Executing clean in E__Ecommerce project_Product-Api-app] INFO  o.eclipse.m2e.core.internal.Bundles - 	Entry: C:\Users\91891\sts-4.21.1.RELEASE\plugins\org.eclipse.m2e.maven.runtime_3.9.500.20231113-2345\jars\wagon-http-shared-3.5.3.jar
2025-05-23 13:10:10,237 [Worker-41: Launching Executing clean in E__Ecommerce project_Product-Api-app] INFO  o.eclipse.m2e.core.internal.Bundles - 	Entry: C:\Users\91891\sts-4.21.1.RELEASE\plugins\org.eclipse.m2e.maven.runtime_3.9.500.20231113-2345\jars\wagon-provider-api-3.5.3.jar
2025-05-23 13:10:10,238 [Worker-41: Launching Executing clean in E__Ecommerce project_Product-Api-app] INFO  o.eclipse.m2e.core.internal.Bundles - getClasspathEntries(Bundle=com.google.guava_33.0.0.jre [25])
2025-05-23 13:10:10,239 [Worker-41: Launching Executing clean in E__Ecommerce project_Product-Api-app] INFO  o.eclipse.m2e.core.internal.Bundles - 	Entry: C:\Users\91891\sts-4.21.1.RELEASE\plugins\com.google.guava_33.0.0.jre.jar
2025-05-23 13:10:10,239 [Worker-41: Launching Executing clean in E__Ecommerce project_Product-Api-app] INFO  o.eclipse.m2e.core.internal.Bundles - getClasspathEntries(Bundle=slf4j.api_2.0.9 [573])
2025-05-23 13:10:10,239 [Worker-41: Launching Executing clean in E__Ecommerce project_Product-Api-app] INFO  o.eclipse.m2e.core.internal.Bundles - 	Entry: C:\Users\91891\sts-4.21.1.RELEASE\plugins\slf4j.api_2.0.9.jar
2025-05-23 13:10:10,239 [Worker-41: Launching Executing clean in E__Ecommerce project_Product-Api-app] INFO  o.eclipse.m2e.core.internal.Bundles - getClasspathEntries(Bundle=jakarta.inject.jakarta.inject-api_1.0.5 [41])
2025-05-23 13:10:10,240 [Worker-41: Launching Executing clean in E__Ecommerce project_Product-Api-app] INFO  o.eclipse.m2e.core.internal.Bundles - 	Entry: C:\Users\91891\sts-4.21.1.RELEASE\plugins\jakarta.inject.jakarta.inject-api_1.0.5.jar
2025-05-23 13:10:10,240 [Worker-41: Launching Executing clean in E__Ecommerce project_Product-Api-app] INFO  o.eclipse.m2e.core.internal.Bundles - getClasspathEntries(Bundle=jakarta.annotation-api_1.3.5 [37])
2025-05-23 13:10:10,240 [Worker-41: Launching Executing clean in E__Ecommerce project_Product-Api-app] INFO  o.eclipse.m2e.core.internal.Bundles - 	Entry: C:\Users\91891\sts-4.21.1.RELEASE\plugins\jakarta.annotation-api_1.3.5.jar
2025-05-23 13:10:10,240 [Worker-41: Launching Executing clean in E__Ecommerce project_Product-Api-app] INFO  o.eclipse.m2e.core.internal.Bundles - getClasspathEntries(Bundle=org.apache.commons.cli_1.6.0 [71])
2025-05-23 13:10:10,241 [Worker-41: Launching Executing clean in E__Ecommerce project_Product-Api-app] INFO  o.eclipse.m2e.core.internal.Bundles - 	Entry: C:\Users\91891\sts-4.21.1.RELEASE\plugins\org.apache.commons.cli_1.6.0.jar
2025-05-23 13:10:10,241 [Worker-41: Launching Executing clean in E__Ecommerce project_Product-Api-app] INFO  o.eclipse.m2e.core.internal.Bundles - getClasspathEntries(Bundle=org.apache.commons.commons-codec_1.16.0 [73])
2025-05-23 13:10:10,241 [Worker-41: Launching Executing clean in E__Ecommerce project_Product-Api-app] INFO  o.eclipse.m2e.core.internal.Bundles - 	Entry: C:\Users\91891\sts-4.21.1.RELEASE\plugins\org.apache.commons.commons-codec_1.16.0.jar
2025-05-23 13:10:10,242 [Worker-41: Launching Executing clean in E__Ecommerce project_Product-Api-app] INFO  o.eclipse.m2e.core.internal.Bundles - getClasspathEntries(Bundle=org.apache.commons.lang3_3.13.0 [77])
2025-05-23 13:10:10,242 [Worker-41: Launching Executing clean in E__Ecommerce project_Product-Api-app] INFO  o.eclipse.m2e.core.internal.Bundles - 	Entry: C:\Users\91891\sts-4.21.1.RELEASE\plugins\org.apache.commons.lang3_3.13.0.jar
2025-05-23 13:10:10,242 [Worker-41: Launching Executing clean in E__Ecommerce project_Product-Api-app] INFO  o.eclipse.m2e.core.internal.Bundles - getClasspathEntries(Bundle=com.google.guava.failureaccess_1.0.2 [27])
2025-05-23 13:10:10,243 [Worker-41: Launching Executing clean in E__Ecommerce project_Product-Api-app] INFO  o.eclipse.m2e.core.internal.Bundles - 	Entry: C:\Users\91891\sts-4.21.1.RELEASE\plugins\com.google.guava.failureaccess_1.0.2.jar
2025-05-23 13:10:10,247 [Worker-41: Launching Executing clean in E__Ecommerce project_Product-Api-app] INFO  o.e.m.i.launch.MavenLaunchDelegate - Run build in "E:\Ecommerce project\Product-Api-app":
2025-05-23 13:10:10,269 [Worker-41: Launching Executing clean in E__Ecommerce project_Product-Api-app] INFO  o.e.m.i.launch.MavenLaunchDelegate -  mvn  -Ppom.xml -B -Dstyle.color=always clean
2025-05-23 13:13:32,926 [Worker-47: Launching Executing install in E__Ecommerce project_Product-Api-app] INFO  o.eclipse.m2e.core.internal.Bundles - getClasspathEntries(Bundle=org.eclipse.m2e.maven.runtime_3.9.500.20231113-2345 [346])
2025-05-23 13:13:32,927 [Worker-47: Launching Executing install in E__Ecommerce project_Product-Api-app] INFO  o.eclipse.m2e.core.internal.Bundles - 	Entry: C:\Users\91891\sts-4.21.1.RELEASE\plugins\org.eclipse.m2e.maven.runtime_3.9.500.20231113-2345
2025-05-23 13:13:32,927 [Worker-47: Launching Executing install in E__Ecommerce project_Product-Api-app] INFO  o.eclipse.m2e.core.internal.Bundles - 	Entry: C:\Users\91891\sts-4.21.1.RELEASE\plugins\org.eclipse.m2e.maven.runtime_3.9.500.20231113-2345\jars\aopalliance-1.0.jar
2025-05-23 13:13:32,928 [Worker-47: Launching Executing install in E__Ecommerce project_Product-Api-app] INFO  o.eclipse.m2e.core.internal.Bundles - 	Entry: C:\Users\91891\sts-4.21.1.RELEASE\plugins\org.eclipse.m2e.maven.runtime_3.9.500.20231113-2345\jars\guice-5.1.0.jar
2025-05-23 13:13:32,928 [Worker-47: Launching Executing install in E__Ecommerce project_Product-Api-app] INFO  o.eclipse.m2e.core.internal.Bundles - 	Entry: C:\Users\91891\sts-4.21.1.RELEASE\plugins\org.eclipse.m2e.maven.runtime_3.9.500.20231113-2345\jars\httpclient-4.5.14.jar
2025-05-23 13:13:32,928 [Worker-47: Launching Executing install in E__Ecommerce project_Product-Api-app] INFO  o.eclipse.m2e.core.internal.Bundles - 	Entry: C:\Users\91891\sts-4.21.1.RELEASE\plugins\org.eclipse.m2e.maven.runtime_3.9.500.20231113-2345\jars\httpcore-4.4.16.jar
2025-05-23 13:13:32,928 [Worker-47: Launching Executing install in E__Ecommerce project_Product-Api-app] INFO  o.eclipse.m2e.core.internal.Bundles - 	Entry: C:\Users\91891\sts-4.21.1.RELEASE\plugins\org.eclipse.m2e.maven.runtime_3.9.500.20231113-2345\jars\jansi-2.4.0.jar
2025-05-23 13:13:32,928 [Worker-47: Launching Executing install in E__Ecommerce project_Product-Api-app] INFO  o.eclipse.m2e.core.internal.Bundles - 	Entry: C:\Users\91891\sts-4.21.1.RELEASE\plugins\org.eclipse.m2e.maven.runtime_3.9.500.20231113-2345\jars\jcl-over-slf4j-1.7.36.jar
2025-05-23 13:13:32,928 [Worker-47: Launching Executing install in E__Ecommerce project_Product-Api-app] INFO  o.eclipse.m2e.core.internal.Bundles - 	Entry: C:\Users\91891\sts-4.21.1.RELEASE\plugins\org.eclipse.m2e.maven.runtime_3.9.500.20231113-2345\jars\maven-artifact-3.9.5.jar
2025-05-23 13:13:32,928 [Worker-47: Launching Executing install in E__Ecommerce project_Product-Api-app] INFO  o.eclipse.m2e.core.internal.Bundles - 	Entry: C:\Users\91891\sts-4.21.1.RELEASE\plugins\org.eclipse.m2e.maven.runtime_3.9.500.20231113-2345\jars\maven-builder-support-3.9.5.jar
2025-05-23 13:13:32,929 [Worker-47: Launching Executing install in E__Ecommerce project_Product-Api-app] INFO  o.eclipse.m2e.core.internal.Bundles - 	Entry: C:\Users\91891\sts-4.21.1.RELEASE\plugins\org.eclipse.m2e.maven.runtime_3.9.500.20231113-2345\jars\maven-compat-3.9.5.jar
2025-05-23 13:13:32,929 [Worker-47: Launching Executing install in E__Ecommerce project_Product-Api-app] INFO  o.eclipse.m2e.core.internal.Bundles - 	Entry: C:\Users\91891\sts-4.21.1.RELEASE\plugins\org.eclipse.m2e.maven.runtime_3.9.500.20231113-2345\jars\maven-core-3.9.5.jar
2025-05-23 13:13:32,929 [Worker-47: Launching Executing install in E__Ecommerce project_Product-Api-app] INFO  o.eclipse.m2e.core.internal.Bundles - 	Entry: C:\Users\91891\sts-4.21.1.RELEASE\plugins\org.eclipse.m2e.maven.runtime_3.9.500.20231113-2345\jars\maven-embedder-3.9.5.jar
2025-05-23 13:13:32,929 [Worker-47: Launching Executing install in E__Ecommerce project_Product-Api-app] INFO  o.eclipse.m2e.core.internal.Bundles - 	Entry: C:\Users\91891\sts-4.21.1.RELEASE\plugins\org.eclipse.m2e.maven.runtime_3.9.500.20231113-2345\jars\maven-model-3.9.5.jar
2025-05-23 13:13:32,929 [Worker-47: Launching Executing install in E__Ecommerce project_Product-Api-app] INFO  o.eclipse.m2e.core.internal.Bundles - 	Entry: C:\Users\91891\sts-4.21.1.RELEASE\plugins\org.eclipse.m2e.maven.runtime_3.9.500.20231113-2345\jars\maven-model-builder-3.9.5.jar
2025-05-23 13:13:32,929 [Worker-47: Launching Executing install in E__Ecommerce project_Product-Api-app] INFO  o.eclipse.m2e.core.internal.Bundles - 	Entry: C:\Users\91891\sts-4.21.1.RELEASE\plugins\org.eclipse.m2e.maven.runtime_3.9.500.20231113-2345\jars\maven-plugin-api-3.9.5.jar
2025-05-23 13:13:32,931 [Worker-47: Launching Executing install in E__Ecommerce project_Product-Api-app] INFO  o.eclipse.m2e.core.internal.Bundles - 	Entry: C:\Users\91891\sts-4.21.1.RELEASE\plugins\org.eclipse.m2e.maven.runtime_3.9.500.20231113-2345\jars\maven-repository-metadata-3.9.5.jar
2025-05-23 13:13:32,931 [Worker-47: Launching Executing install in E__Ecommerce project_Product-Api-app] INFO  o.eclipse.m2e.core.internal.Bundles - 	Entry: C:\Users\91891\sts-4.21.1.RELEASE\plugins\org.eclipse.m2e.maven.runtime_3.9.500.20231113-2345\jars\maven-resolver-api-1.9.16.jar
2025-05-23 13:13:32,931 [Worker-47: Launching Executing install in E__Ecommerce project_Product-Api-app] INFO  o.eclipse.m2e.core.internal.Bundles - 	Entry: C:\Users\91891\sts-4.21.1.RELEASE\plugins\org.eclipse.m2e.maven.runtime_3.9.500.20231113-2345\jars\maven-resolver-connector-basic-1.9.16.jar
2025-05-23 13:13:32,931 [Worker-47: Launching Executing install in E__Ecommerce project_Product-Api-app] INFO  o.eclipse.m2e.core.internal.Bundles - 	Entry: C:\Users\91891\sts-4.21.1.RELEASE\plugins\org.eclipse.m2e.maven.runtime_3.9.500.20231113-2345\jars\maven-resolver-impl-1.9.16.jar
2025-05-23 13:13:32,931 [Worker-47: Launching Executing install in E__Ecommerce project_Product-Api-app] INFO  o.eclipse.m2e.core.internal.Bundles - 	Entry: C:\Users\91891\sts-4.21.1.RELEASE\plugins\org.eclipse.m2e.maven.runtime_3.9.500.20231113-2345\jars\maven-resolver-named-locks-1.9.16.jar
2025-05-23 13:13:32,931 [Worker-47: Launching Executing install in E__Ecommerce project_Product-Api-app] INFO  o.eclipse.m2e.core.internal.Bundles - 	Entry: C:\Users\91891\sts-4.21.1.RELEASE\plugins\org.eclipse.m2e.maven.runtime_3.9.500.20231113-2345\jars\maven-resolver-provider-3.9.5.jar
2025-05-23 13:13:32,932 [Worker-47: Launching Executing install in E__Ecommerce project_Product-Api-app] INFO  o.eclipse.m2e.core.internal.Bundles - 	Entry: C:\Users\91891\sts-4.21.1.RELEASE\plugins\org.eclipse.m2e.maven.runtime_3.9.500.20231113-2345\jars\maven-resolver-spi-1.9.16.jar
2025-05-23 13:13:32,932 [Worker-47: Launching Executing install in E__Ecommerce project_Product-Api-app] INFO  o.eclipse.m2e.core.internal.Bundles - 	Entry: C:\Users\91891\sts-4.21.1.RELEASE\plugins\org.eclipse.m2e.maven.runtime_3.9.500.20231113-2345\jars\maven-resolver-transport-file-1.9.16.jar
2025-05-23 13:13:32,932 [Worker-47: Launching Executing install in E__Ecommerce project_Product-Api-app] INFO  o.eclipse.m2e.core.internal.Bundles - 	Entry: C:\Users\91891\sts-4.21.1.RELEASE\plugins\org.eclipse.m2e.maven.runtime_3.9.500.20231113-2345\jars\maven-resolver-transport-http-1.9.16.jar
2025-05-23 13:13:32,933 [Worker-47: Launching Executing install in E__Ecommerce project_Product-Api-app] INFO  o.eclipse.m2e.core.internal.Bundles - 	Entry: C:\Users\91891\sts-4.21.1.RELEASE\plugins\org.eclipse.m2e.maven.runtime_3.9.500.20231113-2345\jars\maven-resolver-transport-wagon-1.9.16.jar
2025-05-23 13:13:32,933 [Worker-47: Launching Executing install in E__Ecommerce project_Product-Api-app] INFO  o.eclipse.m2e.core.internal.Bundles - 	Entry: C:\Users\91891\sts-4.21.1.RELEASE\plugins\org.eclipse.m2e.maven.runtime_3.9.500.20231113-2345\jars\maven-resolver-util-1.9.16.jar
2025-05-23 13:13:32,933 [Worker-47: Launching Executing install in E__Ecommerce project_Product-Api-app] INFO  o.eclipse.m2e.core.internal.Bundles - 	Entry: C:\Users\91891\sts-4.21.1.RELEASE\plugins\org.eclipse.m2e.maven.runtime_3.9.500.20231113-2345\jars\maven-settings-3.9.5.jar
2025-05-23 13:13:32,933 [Worker-47: Launching Executing install in E__Ecommerce project_Product-Api-app] INFO  o.eclipse.m2e.core.internal.Bundles - 	Entry: C:\Users\91891\sts-4.21.1.RELEASE\plugins\org.eclipse.m2e.maven.runtime_3.9.500.20231113-2345\jars\maven-settings-builder-3.9.5.jar
2025-05-23 13:13:32,935 [Worker-47: Launching Executing install in E__Ecommerce project_Product-Api-app] INFO  o.eclipse.m2e.core.internal.Bundles - 	Entry: C:\Users\91891\sts-4.21.1.RELEASE\plugins\org.eclipse.m2e.maven.runtime_3.9.500.20231113-2345\jars\maven-shared-utils-3.3.4.jar
2025-05-23 13:13:32,935 [Worker-47: Launching Executing install in E__Ecommerce project_Product-Api-app] INFO  o.eclipse.m2e.core.internal.Bundles - 	Entry: C:\Users\91891\sts-4.21.1.RELEASE\plugins\org.eclipse.m2e.maven.runtime_3.9.500.20231113-2345\jars\org.eclipse.sisu.inject-0.3.5.jar
2025-05-23 13:13:32,935 [Worker-47: Launching Executing install in E__Ecommerce project_Product-Api-app] INFO  o.eclipse.m2e.core.internal.Bundles - 	Entry: C:\Users\91891\sts-4.21.1.RELEASE\plugins\org.eclipse.m2e.maven.runtime_3.9.500.20231113-2345\jars\org.eclipse.sisu.plexus-0.3.5.jar
2025-05-23 13:13:32,936 [Worker-47: Launching Executing install in E__Ecommerce project_Product-Api-app] INFO  o.eclipse.m2e.core.internal.Bundles - 	Entry: C:\Users\91891\sts-4.21.1.RELEASE\plugins\org.eclipse.m2e.maven.runtime_3.9.500.20231113-2345\jars\plexus-build-api-0.0.7.jar
2025-05-23 13:13:32,936 [Worker-47: Launching Executing install in E__Ecommerce project_Product-Api-app] INFO  o.eclipse.m2e.core.internal.Bundles - 	Entry: C:\Users\91891\sts-4.21.1.RELEASE\plugins\org.eclipse.m2e.maven.runtime_3.9.500.20231113-2345\jars\plexus-cipher-2.0.jar
2025-05-23 13:13:32,936 [Worker-47: Launching Executing install in E__Ecommerce project_Product-Api-app] INFO  o.eclipse.m2e.core.internal.Bundles - 	Entry: C:\Users\91891\sts-4.21.1.RELEASE\plugins\org.eclipse.m2e.maven.runtime_3.9.500.20231113-2345\jars\plexus-classworlds-2.7.0.jar
2025-05-23 13:13:32,936 [Worker-47: Launching Executing install in E__Ecommerce project_Product-Api-app] INFO  o.eclipse.m2e.core.internal.Bundles - 	Entry: C:\Users\91891\sts-4.21.1.RELEASE\plugins\org.eclipse.m2e.maven.runtime_3.9.500.20231113-2345\jars\plexus-component-annotations-2.1.0.jar
2025-05-23 13:13:32,936 [Worker-47: Launching Executing install in E__Ecommerce project_Product-Api-app] INFO  o.eclipse.m2e.core.internal.Bundles - 	Entry: C:\Users\91891\sts-4.21.1.RELEASE\plugins\org.eclipse.m2e.maven.runtime_3.9.500.20231113-2345\jars\plexus-interpolation-1.26.jar
2025-05-23 13:13:32,937 [Worker-47: Launching Executing install in E__Ecommerce project_Product-Api-app] INFO  o.eclipse.m2e.core.internal.Bundles - 	Entry: C:\Users\91891\sts-4.21.1.RELEASE\plugins\org.eclipse.m2e.maven.runtime_3.9.500.20231113-2345\jars\plexus-sec-dispatcher-2.0.jar
2025-05-23 13:13:32,937 [Worker-47: Launching Executing install in E__Ecommerce project_Product-Api-app] INFO  o.eclipse.m2e.core.internal.Bundles - 	Entry: C:\Users\91891\sts-4.21.1.RELEASE\plugins\org.eclipse.m2e.maven.runtime_3.9.500.20231113-2345\jars\plexus-utils-3.5.1.jar
2025-05-23 13:13:32,937 [Worker-47: Launching Executing install in E__Ecommerce project_Product-Api-app] INFO  o.eclipse.m2e.core.internal.Bundles - 	Entry: C:\Users\91891\sts-4.21.1.RELEASE\plugins\org.eclipse.m2e.maven.runtime_3.9.500.20231113-2345\jars\wagon-file-3.5.3.jar
2025-05-23 13:13:32,937 [Worker-47: Launching Executing install in E__Ecommerce project_Product-Api-app] INFO  o.eclipse.m2e.core.internal.Bundles - 	Entry: C:\Users\91891\sts-4.21.1.RELEASE\plugins\org.eclipse.m2e.maven.runtime_3.9.500.20231113-2345\jars\wagon-http-3.5.3.jar
2025-05-23 13:13:32,937 [Worker-47: Launching Executing install in E__Ecommerce project_Product-Api-app] INFO  o.eclipse.m2e.core.internal.Bundles - 	Entry: C:\Users\91891\sts-4.21.1.RELEASE\plugins\org.eclipse.m2e.maven.runtime_3.9.500.20231113-2345\jars\wagon-http-shared-3.5.3.jar
2025-05-23 13:13:32,938 [Worker-47: Launching Executing install in E__Ecommerce project_Product-Api-app] INFO  o.eclipse.m2e.core.internal.Bundles - 	Entry: C:\Users\91891\sts-4.21.1.RELEASE\plugins\org.eclipse.m2e.maven.runtime_3.9.500.20231113-2345\jars\wagon-provider-api-3.5.3.jar
2025-05-23 13:13:32,938 [Worker-47: Launching Executing install in E__Ecommerce project_Product-Api-app] INFO  o.eclipse.m2e.core.internal.Bundles - getClasspathEntries(Bundle=com.google.guava_33.0.0.jre [25])
2025-05-23 13:13:32,939 [Worker-47: Launching Executing install in E__Ecommerce project_Product-Api-app] INFO  o.eclipse.m2e.core.internal.Bundles - 	Entry: C:\Users\91891\sts-4.21.1.RELEASE\plugins\com.google.guava_33.0.0.jre.jar
2025-05-23 13:13:32,939 [Worker-47: Launching Executing install in E__Ecommerce project_Product-Api-app] INFO  o.eclipse.m2e.core.internal.Bundles - getClasspathEntries(Bundle=slf4j.api_2.0.9 [573])
2025-05-23 13:13:32,940 [Worker-47: Launching Executing install in E__Ecommerce project_Product-Api-app] INFO  o.eclipse.m2e.core.internal.Bundles - 	Entry: C:\Users\91891\sts-4.21.1.RELEASE\plugins\slf4j.api_2.0.9.jar
2025-05-23 13:13:32,940 [Worker-47: Launching Executing install in E__Ecommerce project_Product-Api-app] INFO  o.eclipse.m2e.core.internal.Bundles - getClasspathEntries(Bundle=jakarta.inject.jakarta.inject-api_1.0.5 [41])
2025-05-23 13:13:32,940 [Worker-47: Launching Executing install in E__Ecommerce project_Product-Api-app] INFO  o.eclipse.m2e.core.internal.Bundles - 	Entry: C:\Users\91891\sts-4.21.1.RELEASE\plugins\jakarta.inject.jakarta.inject-api_1.0.5.jar
2025-05-23 13:13:32,940 [Worker-47: Launching Executing install in E__Ecommerce project_Product-Api-app] INFO  o.eclipse.m2e.core.internal.Bundles - getClasspathEntries(Bundle=jakarta.annotation-api_1.3.5 [37])
2025-05-23 13:13:32,941 [Worker-47: Launching Executing install in E__Ecommerce project_Product-Api-app] INFO  o.eclipse.m2e.core.internal.Bundles - 	Entry: C:\Users\91891\sts-4.21.1.RELEASE\plugins\jakarta.annotation-api_1.3.5.jar
2025-05-23 13:13:32,941 [Worker-47: Launching Executing install in E__Ecommerce project_Product-Api-app] INFO  o.eclipse.m2e.core.internal.Bundles - getClasspathEntries(Bundle=org.apache.commons.cli_1.6.0 [71])
2025-05-23 13:13:32,941 [Worker-47: Launching Executing install in E__Ecommerce project_Product-Api-app] INFO  o.eclipse.m2e.core.internal.Bundles - 	Entry: C:\Users\91891\sts-4.21.1.RELEASE\plugins\org.apache.commons.cli_1.6.0.jar
2025-05-23 13:13:32,941 [Worker-47: Launching Executing install in E__Ecommerce project_Product-Api-app] INFO  o.eclipse.m2e.core.internal.Bundles - getClasspathEntries(Bundle=org.apache.commons.commons-codec_1.16.0 [73])
2025-05-23 13:13:32,942 [Worker-47: Launching Executing install in E__Ecommerce project_Product-Api-app] INFO  o.eclipse.m2e.core.internal.Bundles - 	Entry: C:\Users\91891\sts-4.21.1.RELEASE\plugins\org.apache.commons.commons-codec_1.16.0.jar
2025-05-23 13:13:32,942 [Worker-47: Launching Executing install in E__Ecommerce project_Product-Api-app] INFO  o.eclipse.m2e.core.internal.Bundles - getClasspathEntries(Bundle=org.apache.commons.lang3_3.13.0 [77])
2025-05-23 13:13:32,942 [Worker-47: Launching Executing install in E__Ecommerce project_Product-Api-app] INFO  o.eclipse.m2e.core.internal.Bundles - 	Entry: C:\Users\91891\sts-4.21.1.RELEASE\plugins\org.apache.commons.lang3_3.13.0.jar
2025-05-23 13:13:32,942 [Worker-47: Launching Executing install in E__Ecommerce project_Product-Api-app] INFO  o.eclipse.m2e.core.internal.Bundles - getClasspathEntries(Bundle=com.google.guava.failureaccess_1.0.2 [27])
2025-05-23 13:13:32,943 [Worker-47: Launching Executing install in E__Ecommerce project_Product-Api-app] INFO  o.eclipse.m2e.core.internal.Bundles - 	Entry: C:\Users\91891\sts-4.21.1.RELEASE\plugins\com.google.guava.failureaccess_1.0.2.jar
2025-05-23 13:13:32,944 [Worker-47: Launching Executing install in E__Ecommerce project_Product-Api-app] INFO  o.e.m.i.launch.MavenLaunchDelegate - Run build in "E:\Ecommerce project\Product-Api-app":
2025-05-23 13:13:32,945 [Worker-47: Launching Executing install in E__Ecommerce project_Product-Api-app] INFO  o.e.m.i.launch.MavenLaunchDelegate -  mvn  -Ppom.xml -B -Dstyle.color=always install
2025-05-23 13:22:07,368 [Worker-43: Building] INFO  o.a.m.s.f.DefaultMavenResourcesFiltering - Copying 1 resource from src\main\resources to target\classes
2025-05-23 13:22:07,455 [Worker-43: Building] INFO  o.a.m.s.f.DefaultMavenResourcesFiltering - Copying 0 resource from src\main\resources to target\classes
2025-05-23 13:22:07,458 [Worker-43: Building] INFO  o.a.m.s.f.DefaultMavenResourcesFiltering - skip non existing resourceDirectory E:\Ecommerce project\Product-Api-app\src\test\resources
2025-05-23 18:56:53,138 [Worker-6: Loading available Gradle versions] INFO  o.e.b.c.i.u.g.PublishedGradleVersions - Gradle version information cache is out-of-date. Trying to update.
2025-05-23 19:01:18,061 [Worker-4: Launching Product-Api-app - ProductApiAppApplication] INFO  o.a.m.s.f.DefaultMavenResourcesFiltering - Copying 1 resource from src\main\resources to target\classes
2025-05-23 19:01:18,080 [Worker-4: Launching Product-Api-app - ProductApiAppApplication] INFO  o.a.m.s.f.DefaultMavenResourcesFiltering - Copying 0 resource from src\main\resources to target\classes
2025-05-23 19:01:18,085 [Worker-4: Launching Product-Api-app - ProductApiAppApplication] INFO  o.a.m.s.f.DefaultMavenResourcesFiltering - skip non existing resourceDirectory E:\Ecommerce project\Product-Api-app\src\test\resources
2025-05-23 19:02:39,211 [Worker-0: Building] INFO  o.a.m.s.f.DefaultMavenResourcesFiltering - Copying 1 resource from src\main\resources to target\classes
2025-05-23 19:02:39,240 [Worker-0: Building] INFO  o.a.m.s.f.DefaultMavenResourcesFiltering - Copying 0 resource from src\main\resources to target\classes
2025-05-23 19:02:39,251 [Worker-0: Building] INFO  o.a.m.s.f.DefaultMavenResourcesFiltering - skip non existing resourceDirectory E:\Ecommerce project\Product-Api-app\src\test\resources
2025-05-23 19:04:02,604 [Worker-16: Building] INFO  o.a.m.s.f.DefaultMavenResourcesFiltering - Copying 1 resource from src\main\resources to target\classes
2025-05-23 19:04:02,611 [Worker-16: Building] INFO  o.a.m.s.f.DefaultMavenResourcesFiltering - Copying 0 resource from src\main\resources to target\classes
2025-05-23 19:04:02,620 [Worker-16: Building] INFO  o.a.m.s.f.DefaultMavenResourcesFiltering - skip non existing resourceDirectory E:\Ecommerce project\Product-Api-app\src\test\resources
2025-05-23 19:04:28,552 [Worker-6: Building] INFO  o.a.m.s.f.DefaultMavenResourcesFiltering - Copying 1 resource from src\main\resources to target\classes
2025-05-23 19:04:28,560 [Worker-6: Building] INFO  o.a.m.s.f.DefaultMavenResourcesFiltering - Copying 0 resource from src\main\resources to target\classes
2025-05-23 19:04:28,564 [Worker-6: Building] INFO  o.a.m.s.f.DefaultMavenResourcesFiltering - skip non existing resourceDirectory E:\Ecommerce project\Product-Api-app\src\test\resources
2025-05-23 19:10:57,964 [Worker-2: Building] INFO  o.a.m.s.f.DefaultMavenResourcesFiltering - Copying 1 resource from src\main\resources to target\classes
2025-05-23 19:10:57,970 [Worker-2: Building] INFO  o.a.m.s.f.DefaultMavenResourcesFiltering - Copying 0 resource from src\main\resources to target\classes
2025-05-23 19:10:57,978 [Worker-2: Building] INFO  o.a.m.s.f.DefaultMavenResourcesFiltering - skip non existing resourceDirectory E:\Ecommerce project\Product-Api-app\src\test\resources
2025-05-23 20:24:09,361 [Worker-36: Building] INFO  o.a.m.s.f.DefaultMavenResourcesFiltering - Copying 1 resource from src\main\resources to target\classes
2025-05-23 20:24:09,441 [Worker-36: Building] INFO  o.a.m.s.f.DefaultMavenResourcesFiltering - Copying 0 resource from src\main\resources to target\classes
2025-05-23 20:24:09,444 [Worker-36: Building] INFO  o.a.m.s.f.DefaultMavenResourcesFiltering - skip non existing resourceDirectory E:\Ecommerce project\Product-Api-app\src\test\resources
2025-05-23 20:41:08,307 [Worker-44: Building] INFO  o.a.m.s.f.DefaultMavenResourcesFiltering - Copying 1 resource from src\main\resources to target\classes
2025-05-23 20:41:08,318 [Worker-44: Building] INFO  o.a.m.s.f.DefaultMavenResourcesFiltering - Copying 0 resource from src\main\resources to target\classes
2025-05-23 20:41:08,321 [Worker-44: Building] INFO  o.a.m.s.f.DefaultMavenResourcesFiltering - skip non existing resourceDirectory E:\Ecommerce project\Product-Api-app\src\test\resources
2025-05-23 20:42:06,010 [Worker-40: Building] INFO  o.a.m.s.f.DefaultMavenResourcesFiltering - Copying 1 resource from src\main\resources to target\classes
2025-05-23 20:42:06,018 [Worker-40: Building] INFO  o.a.m.s.f.DefaultMavenResourcesFiltering - Copying 0 resource from src\main\resources to target\classes
2025-05-23 20:42:06,025 [Worker-40: Building] INFO  o.a.m.s.f.DefaultMavenResourcesFiltering - skip non existing resourceDirectory E:\Ecommerce project\Product-Api-app\src\test\resources
2025-05-23 20:42:31,633 [Worker-40: Launching Executing clean in E__Ecommerce project_Product-Api-app] INFO  o.eclipse.m2e.core.internal.Bundles - getClasspathEntries(Bundle=org.eclipse.m2e.maven.runtime_3.9.500.20231113-2345 [346])
2025-05-23 20:42:31,641 [Worker-40: Launching Executing clean in E__Ecommerce project_Product-Api-app] INFO  o.eclipse.m2e.core.internal.Bundles - 	Entry: C:\Users\91891\sts-4.21.1.RELEASE\plugins\org.eclipse.m2e.maven.runtime_3.9.500.20231113-2345
2025-05-23 20:42:31,643 [Worker-40: Launching Executing clean in E__Ecommerce project_Product-Api-app] INFO  o.eclipse.m2e.core.internal.Bundles - 	Entry: C:\Users\91891\sts-4.21.1.RELEASE\plugins\org.eclipse.m2e.maven.runtime_3.9.500.20231113-2345\jars\aopalliance-1.0.jar
2025-05-23 20:42:31,644 [Worker-40: Launching Executing clean in E__Ecommerce project_Product-Api-app] INFO  o.eclipse.m2e.core.internal.Bundles - 	Entry: C:\Users\91891\sts-4.21.1.RELEASE\plugins\org.eclipse.m2e.maven.runtime_3.9.500.20231113-2345\jars\guice-5.1.0.jar
2025-05-23 20:42:31,644 [Worker-40: Launching Executing clean in E__Ecommerce project_Product-Api-app] INFO  o.eclipse.m2e.core.internal.Bundles - 	Entry: C:\Users\91891\sts-4.21.1.RELEASE\plugins\org.eclipse.m2e.maven.runtime_3.9.500.20231113-2345\jars\httpclient-4.5.14.jar
2025-05-23 20:42:31,645 [Worker-40: Launching Executing clean in E__Ecommerce project_Product-Api-app] INFO  o.eclipse.m2e.core.internal.Bundles - 	Entry: C:\Users\91891\sts-4.21.1.RELEASE\plugins\org.eclipse.m2e.maven.runtime_3.9.500.20231113-2345\jars\httpcore-4.4.16.jar
2025-05-23 20:42:31,645 [Worker-40: Launching Executing clean in E__Ecommerce project_Product-Api-app] INFO  o.eclipse.m2e.core.internal.Bundles - 	Entry: C:\Users\91891\sts-4.21.1.RELEASE\plugins\org.eclipse.m2e.maven.runtime_3.9.500.20231113-2345\jars\jansi-2.4.0.jar
2025-05-23 20:42:31,647 [Worker-40: Launching Executing clean in E__Ecommerce project_Product-Api-app] INFO  o.eclipse.m2e.core.internal.Bundles - 	Entry: C:\Users\91891\sts-4.21.1.RELEASE\plugins\org.eclipse.m2e.maven.runtime_3.9.500.20231113-2345\jars\jcl-over-slf4j-1.7.36.jar
2025-05-23 20:42:31,648 [Worker-40: Launching Executing clean in E__Ecommerce project_Product-Api-app] INFO  o.eclipse.m2e.core.internal.Bundles - 	Entry: C:\Users\91891\sts-4.21.1.RELEASE\plugins\org.eclipse.m2e.maven.runtime_3.9.500.20231113-2345\jars\maven-artifact-3.9.5.jar
2025-05-23 20:42:31,649 [Worker-40: Launching Executing clean in E__Ecommerce project_Product-Api-app] INFO  o.eclipse.m2e.core.internal.Bundles - 	Entry: C:\Users\91891\sts-4.21.1.RELEASE\plugins\org.eclipse.m2e.maven.runtime_3.9.500.20231113-2345\jars\maven-builder-support-3.9.5.jar
2025-05-23 20:42:31,649 [Worker-40: Launching Executing clean in E__Ecommerce project_Product-Api-app] INFO  o.eclipse.m2e.core.internal.Bundles - 	Entry: C:\Users\91891\sts-4.21.1.RELEASE\plugins\org.eclipse.m2e.maven.runtime_3.9.500.20231113-2345\jars\maven-compat-3.9.5.jar
2025-05-23 20:42:31,651 [Worker-40: Launching Executing clean in E__Ecommerce project_Product-Api-app] INFO  o.eclipse.m2e.core.internal.Bundles - 	Entry: C:\Users\91891\sts-4.21.1.RELEASE\plugins\org.eclipse.m2e.maven.runtime_3.9.500.20231113-2345\jars\maven-core-3.9.5.jar
2025-05-23 20:42:31,653 [Worker-40: Launching Executing clean in E__Ecommerce project_Product-Api-app] INFO  o.eclipse.m2e.core.internal.Bundles - 	Entry: C:\Users\91891\sts-4.21.1.RELEASE\plugins\org.eclipse.m2e.maven.runtime_3.9.500.20231113-2345\jars\maven-embedder-3.9.5.jar
2025-05-23 20:42:31,653 [Worker-40: Launching Executing clean in E__Ecommerce project_Product-Api-app] INFO  o.eclipse.m2e.core.internal.Bundles - 	Entry: C:\Users\91891\sts-4.21.1.RELEASE\plugins\org.eclipse.m2e.maven.runtime_3.9.500.20231113-2345\jars\maven-model-3.9.5.jar
2025-05-23 20:42:31,655 [Worker-40: Launching Executing clean in E__Ecommerce project_Product-Api-app] INFO  o.eclipse.m2e.core.internal.Bundles - 	Entry: C:\Users\91891\sts-4.21.1.RELEASE\plugins\org.eclipse.m2e.maven.runtime_3.9.500.20231113-2345\jars\maven-model-builder-3.9.5.jar
2025-05-23 20:42:31,656 [Worker-40: Launching Executing clean in E__Ecommerce project_Product-Api-app] INFO  o.eclipse.m2e.core.internal.Bundles - 	Entry: C:\Users\91891\sts-4.21.1.RELEASE\plugins\org.eclipse.m2e.maven.runtime_3.9.500.20231113-2345\jars\maven-plugin-api-3.9.5.jar
2025-05-23 20:42:31,657 [Worker-40: Launching Executing clean in E__Ecommerce project_Product-Api-app] INFO  o.eclipse.m2e.core.internal.Bundles - 	Entry: C:\Users\91891\sts-4.21.1.RELEASE\plugins\org.eclipse.m2e.maven.runtime_3.9.500.20231113-2345\jars\maven-repository-metadata-3.9.5.jar
2025-05-23 20:42:31,658 [Worker-40: Launching Executing clean in E__Ecommerce project_Product-Api-app] INFO  o.eclipse.m2e.core.internal.Bundles - 	Entry: C:\Users\91891\sts-4.21.1.RELEASE\plugins\org.eclipse.m2e.maven.runtime_3.9.500.20231113-2345\jars\maven-resolver-api-1.9.16.jar
2025-05-23 20:42:31,660 [Worker-40: Launching Executing clean in E__Ecommerce project_Product-Api-app] INFO  o.eclipse.m2e.core.internal.Bundles - 	Entry: C:\Users\91891\sts-4.21.1.RELEASE\plugins\org.eclipse.m2e.maven.runtime_3.9.500.20231113-2345\jars\maven-resolver-connector-basic-1.9.16.jar
2025-05-23 20:42:31,661 [Worker-40: Launching Executing clean in E__Ecommerce project_Product-Api-app] INFO  o.eclipse.m2e.core.internal.Bundles - 	Entry: C:\Users\91891\sts-4.21.1.RELEASE\plugins\org.eclipse.m2e.maven.runtime_3.9.500.20231113-2345\jars\maven-resolver-impl-1.9.16.jar
2025-05-23 20:42:31,661 [Worker-40: Launching Executing clean in E__Ecommerce project_Product-Api-app] INFO  o.eclipse.m2e.core.internal.Bundles - 	Entry: C:\Users\91891\sts-4.21.1.RELEASE\plugins\org.eclipse.m2e.maven.runtime_3.9.500.20231113-2345\jars\maven-resolver-named-locks-1.9.16.jar
2025-05-23 20:42:31,661 [Worker-40: Launching Executing clean in E__Ecommerce project_Product-Api-app] INFO  o.eclipse.m2e.core.internal.Bundles - 	Entry: C:\Users\91891\sts-4.21.1.RELEASE\plugins\org.eclipse.m2e.maven.runtime_3.9.500.20231113-2345\jars\maven-resolver-provider-3.9.5.jar
2025-05-23 20:42:31,662 [Worker-40: Launching Executing clean in E__Ecommerce project_Product-Api-app] INFO  o.eclipse.m2e.core.internal.Bundles - 	Entry: C:\Users\91891\sts-4.21.1.RELEASE\plugins\org.eclipse.m2e.maven.runtime_3.9.500.20231113-2345\jars\maven-resolver-spi-1.9.16.jar
2025-05-23 20:42:31,662 [Worker-40: Launching Executing clean in E__Ecommerce project_Product-Api-app] INFO  o.eclipse.m2e.core.internal.Bundles - 	Entry: C:\Users\91891\sts-4.21.1.RELEASE\plugins\org.eclipse.m2e.maven.runtime_3.9.500.20231113-2345\jars\maven-resolver-transport-file-1.9.16.jar
2025-05-23 20:42:31,663 [Worker-40: Launching Executing clean in E__Ecommerce project_Product-Api-app] INFO  o.eclipse.m2e.core.internal.Bundles - 	Entry: C:\Users\91891\sts-4.21.1.RELEASE\plugins\org.eclipse.m2e.maven.runtime_3.9.500.20231113-2345\jars\maven-resolver-transport-http-1.9.16.jar
2025-05-23 20:42:31,663 [Worker-40: Launching Executing clean in E__Ecommerce project_Product-Api-app] INFO  o.eclipse.m2e.core.internal.Bundles - 	Entry: C:\Users\91891\sts-4.21.1.RELEASE\plugins\org.eclipse.m2e.maven.runtime_3.9.500.20231113-2345\jars\maven-resolver-transport-wagon-1.9.16.jar
2025-05-23 20:42:31,663 [Worker-40: Launching Executing clean in E__Ecommerce project_Product-Api-app] INFO  o.eclipse.m2e.core.internal.Bundles - 	Entry: C:\Users\91891\sts-4.21.1.RELEASE\plugins\org.eclipse.m2e.maven.runtime_3.9.500.20231113-2345\jars\maven-resolver-util-1.9.16.jar
2025-05-23 20:42:31,665 [Worker-40: Launching Executing clean in E__Ecommerce project_Product-Api-app] INFO  o.eclipse.m2e.core.internal.Bundles - 	Entry: C:\Users\91891\sts-4.21.1.RELEASE\plugins\org.eclipse.m2e.maven.runtime_3.9.500.20231113-2345\jars\maven-settings-3.9.5.jar
2025-05-23 20:42:31,667 [Worker-40: Launching Executing clean in E__Ecommerce project_Product-Api-app] INFO  o.eclipse.m2e.core.internal.Bundles - 	Entry: C:\Users\91891\sts-4.21.1.RELEASE\plugins\org.eclipse.m2e.maven.runtime_3.9.500.20231113-2345\jars\maven-settings-builder-3.9.5.jar
2025-05-23 20:42:31,668 [Worker-40: Launching Executing clean in E__Ecommerce project_Product-Api-app] INFO  o.eclipse.m2e.core.internal.Bundles - 	Entry: C:\Users\91891\sts-4.21.1.RELEASE\plugins\org.eclipse.m2e.maven.runtime_3.9.500.20231113-2345\jars\maven-shared-utils-3.3.4.jar
2025-05-23 20:42:31,671 [Worker-40: Launching Executing clean in E__Ecommerce project_Product-Api-app] INFO  o.eclipse.m2e.core.internal.Bundles - 	Entry: C:\Users\91891\sts-4.21.1.RELEASE\plugins\org.eclipse.m2e.maven.runtime_3.9.500.20231113-2345\jars\org.eclipse.sisu.inject-0.3.5.jar
2025-05-23 20:42:31,671 [Worker-40: Launching Executing clean in E__Ecommerce project_Product-Api-app] INFO  o.eclipse.m2e.core.internal.Bundles - 	Entry: C:\Users\91891\sts-4.21.1.RELEASE\plugins\org.eclipse.m2e.maven.runtime_3.9.500.20231113-2345\jars\org.eclipse.sisu.plexus-0.3.5.jar
2025-05-23 20:42:31,672 [Worker-40: Launching Executing clean in E__Ecommerce project_Product-Api-app] INFO  o.eclipse.m2e.core.internal.Bundles - 	Entry: C:\Users\91891\sts-4.21.1.RELEASE\plugins\org.eclipse.m2e.maven.runtime_3.9.500.20231113-2345\jars\plexus-build-api-0.0.7.jar
2025-05-23 20:42:31,673 [Worker-40: Launching Executing clean in E__Ecommerce project_Product-Api-app] INFO  o.eclipse.m2e.core.internal.Bundles - 	Entry: C:\Users\91891\sts-4.21.1.RELEASE\plugins\org.eclipse.m2e.maven.runtime_3.9.500.20231113-2345\jars\plexus-cipher-2.0.jar
2025-05-23 20:42:31,674 [Worker-40: Launching Executing clean in E__Ecommerce project_Product-Api-app] INFO  o.eclipse.m2e.core.internal.Bundles - 	Entry: C:\Users\91891\sts-4.21.1.RELEASE\plugins\org.eclipse.m2e.maven.runtime_3.9.500.20231113-2345\jars\plexus-classworlds-2.7.0.jar
2025-05-23 20:42:31,675 [Worker-40: Launching Executing clean in E__Ecommerce project_Product-Api-app] INFO  o.eclipse.m2e.core.internal.Bundles - 	Entry: C:\Users\91891\sts-4.21.1.RELEASE\plugins\org.eclipse.m2e.maven.runtime_3.9.500.20231113-2345\jars\plexus-component-annotations-2.1.0.jar
2025-05-23 20:42:31,677 [Worker-40: Launching Executing clean in E__Ecommerce project_Product-Api-app] INFO  o.eclipse.m2e.core.internal.Bundles - 	Entry: C:\Users\91891\sts-4.21.1.RELEASE\plugins\org.eclipse.m2e.maven.runtime_3.9.500.20231113-2345\jars\plexus-interpolation-1.26.jar
2025-05-23 20:42:31,678 [Worker-40: Launching Executing clean in E__Ecommerce project_Product-Api-app] INFO  o.eclipse.m2e.core.internal.Bundles - 	Entry: C:\Users\91891\sts-4.21.1.RELEASE\plugins\org.eclipse.m2e.maven.runtime_3.9.500.20231113-2345\jars\plexus-sec-dispatcher-2.0.jar
2025-05-23 20:42:31,678 [Worker-40: Launching Executing clean in E__Ecommerce project_Product-Api-app] INFO  o.eclipse.m2e.core.internal.Bundles - 	Entry: C:\Users\91891\sts-4.21.1.RELEASE\plugins\org.eclipse.m2e.maven.runtime_3.9.500.20231113-2345\jars\plexus-utils-3.5.1.jar
2025-05-23 20:42:31,680 [Worker-40: Launching Executing clean in E__Ecommerce project_Product-Api-app] INFO  o.eclipse.m2e.core.internal.Bundles - 	Entry: C:\Users\91891\sts-4.21.1.RELEASE\plugins\org.eclipse.m2e.maven.runtime_3.9.500.20231113-2345\jars\wagon-file-3.5.3.jar
2025-05-23 20:42:31,680 [Worker-40: Launching Executing clean in E__Ecommerce project_Product-Api-app] INFO  o.eclipse.m2e.core.internal.Bundles - 	Entry: C:\Users\91891\sts-4.21.1.RELEASE\plugins\org.eclipse.m2e.maven.runtime_3.9.500.20231113-2345\jars\wagon-http-3.5.3.jar
2025-05-23 20:42:31,682 [Worker-40: Launching Executing clean in E__Ecommerce project_Product-Api-app] INFO  o.eclipse.m2e.core.internal.Bundles - 	Entry: C:\Users\91891\sts-4.21.1.RELEASE\plugins\org.eclipse.m2e.maven.runtime_3.9.500.20231113-2345\jars\wagon-http-shared-3.5.3.jar
2025-05-23 20:42:31,682 [Worker-40: Launching Executing clean in E__Ecommerce project_Product-Api-app] INFO  o.eclipse.m2e.core.internal.Bundles - 	Entry: C:\Users\91891\sts-4.21.1.RELEASE\plugins\org.eclipse.m2e.maven.runtime_3.9.500.20231113-2345\jars\wagon-provider-api-3.5.3.jar
2025-05-23 20:42:31,686 [Worker-40: Launching Executing clean in E__Ecommerce project_Product-Api-app] INFO  o.eclipse.m2e.core.internal.Bundles - getClasspathEntries(Bundle=com.google.guava_33.0.0.jre [25])
2025-05-23 20:42:31,687 [Worker-40: Launching Executing clean in E__Ecommerce project_Product-Api-app] INFO  o.eclipse.m2e.core.internal.Bundles - 	Entry: C:\Users\91891\sts-4.21.1.RELEASE\plugins\com.google.guava_33.0.0.jre.jar
2025-05-23 20:42:31,688 [Worker-40: Launching Executing clean in E__Ecommerce project_Product-Api-app] INFO  o.eclipse.m2e.core.internal.Bundles - getClasspathEntries(Bundle=slf4j.api_2.0.9 [573])
2025-05-23 20:42:31,689 [Worker-40: Launching Executing clean in E__Ecommerce project_Product-Api-app] INFO  o.eclipse.m2e.core.internal.Bundles - 	Entry: C:\Users\91891\sts-4.21.1.RELEASE\plugins\slf4j.api_2.0.9.jar
2025-05-23 20:42:31,689 [Worker-40: Launching Executing clean in E__Ecommerce project_Product-Api-app] INFO  o.eclipse.m2e.core.internal.Bundles - getClasspathEntries(Bundle=jakarta.inject.jakarta.inject-api_1.0.5 [41])
2025-05-23 20:42:31,690 [Worker-40: Launching Executing clean in E__Ecommerce project_Product-Api-app] INFO  o.eclipse.m2e.core.internal.Bundles - 	Entry: C:\Users\91891\sts-4.21.1.RELEASE\plugins\jakarta.inject.jakarta.inject-api_1.0.5.jar
2025-05-23 20:42:31,691 [Worker-40: Launching Executing clean in E__Ecommerce project_Product-Api-app] INFO  o.eclipse.m2e.core.internal.Bundles - getClasspathEntries(Bundle=jakarta.annotation-api_1.3.5 [37])
2025-05-23 20:42:31,693 [Worker-40: Launching Executing clean in E__Ecommerce project_Product-Api-app] INFO  o.eclipse.m2e.core.internal.Bundles - 	Entry: C:\Users\91891\sts-4.21.1.RELEASE\plugins\jakarta.annotation-api_1.3.5.jar
2025-05-23 20:42:31,693 [Worker-40: Launching Executing clean in E__Ecommerce project_Product-Api-app] INFO  o.eclipse.m2e.core.internal.Bundles - getClasspathEntries(Bundle=org.apache.commons.cli_1.6.0 [71])
2025-05-23 20:42:31,695 [Worker-40: Launching Executing clean in E__Ecommerce project_Product-Api-app] INFO  o.eclipse.m2e.core.internal.Bundles - 	Entry: C:\Users\91891\sts-4.21.1.RELEASE\plugins\org.apache.commons.cli_1.6.0.jar
2025-05-23 20:42:31,695 [Worker-40: Launching Executing clean in E__Ecommerce project_Product-Api-app] INFO  o.eclipse.m2e.core.internal.Bundles - getClasspathEntries(Bundle=org.apache.commons.commons-codec_1.16.0 [73])
2025-05-23 20:42:31,697 [Worker-40: Launching Executing clean in E__Ecommerce project_Product-Api-app] INFO  o.eclipse.m2e.core.internal.Bundles - 	Entry: C:\Users\91891\sts-4.21.1.RELEASE\plugins\org.apache.commons.commons-codec_1.16.0.jar
2025-05-23 20:42:31,697 [Worker-40: Launching Executing clean in E__Ecommerce project_Product-Api-app] INFO  o.eclipse.m2e.core.internal.Bundles - getClasspathEntries(Bundle=org.apache.commons.lang3_3.13.0 [77])
2025-05-23 20:42:31,698 [Worker-40: Launching Executing clean in E__Ecommerce project_Product-Api-app] INFO  o.eclipse.m2e.core.internal.Bundles - 	Entry: C:\Users\91891\sts-4.21.1.RELEASE\plugins\org.apache.commons.lang3_3.13.0.jar
2025-05-23 20:42:31,699 [Worker-40: Launching Executing clean in E__Ecommerce project_Product-Api-app] INFO  o.eclipse.m2e.core.internal.Bundles - getClasspathEntries(Bundle=com.google.guava.failureaccess_1.0.2 [27])
2025-05-23 20:42:31,700 [Worker-40: Launching Executing clean in E__Ecommerce project_Product-Api-app] INFO  o.eclipse.m2e.core.internal.Bundles - 	Entry: C:\Users\91891\sts-4.21.1.RELEASE\plugins\com.google.guava.failureaccess_1.0.2.jar
2025-05-23 20:42:31,711 [Worker-40: Launching Executing clean in E__Ecommerce project_Product-Api-app] INFO  o.e.m.i.launch.MavenLaunchDelegate - Run build in "E:\Ecommerce project\Product-Api-app":
2025-05-23 20:42:31,713 [Worker-40: Launching Executing clean in E__Ecommerce project_Product-Api-app] INFO  o.e.m.i.launch.MavenLaunchDelegate -  mvn  -Ppom.xml -B -Dstyle.color=always clean
2025-05-23 20:43:00,066 [Worker-44: Launching Executing install in E__Ecommerce project_Product-Api-app] INFO  o.eclipse.m2e.core.internal.Bundles - getClasspathEntries(Bundle=org.eclipse.m2e.maven.runtime_3.9.500.20231113-2345 [346])
2025-05-23 20:43:00,068 [Worker-44: Launching Executing install in E__Ecommerce project_Product-Api-app] INFO  o.eclipse.m2e.core.internal.Bundles - 	Entry: C:\Users\91891\sts-4.21.1.RELEASE\plugins\org.eclipse.m2e.maven.runtime_3.9.500.20231113-2345
2025-05-23 20:43:00,069 [Worker-44: Launching Executing install in E__Ecommerce project_Product-Api-app] INFO  o.eclipse.m2e.core.internal.Bundles - 	Entry: C:\Users\91891\sts-4.21.1.RELEASE\plugins\org.eclipse.m2e.maven.runtime_3.9.500.20231113-2345\jars\aopalliance-1.0.jar
2025-05-23 20:43:00,069 [Worker-44: Launching Executing install in E__Ecommerce project_Product-Api-app] INFO  o.eclipse.m2e.core.internal.Bundles - 	Entry: C:\Users\91891\sts-4.21.1.RELEASE\plugins\org.eclipse.m2e.maven.runtime_3.9.500.20231113-2345\jars\guice-5.1.0.jar
2025-05-23 20:43:00,069 [Worker-44: Launching Executing install in E__Ecommerce project_Product-Api-app] INFO  o.eclipse.m2e.core.internal.Bundles - 	Entry: C:\Users\91891\sts-4.21.1.RELEASE\plugins\org.eclipse.m2e.maven.runtime_3.9.500.20231113-2345\jars\httpclient-4.5.14.jar
2025-05-23 20:43:00,069 [Worker-44: Launching Executing install in E__Ecommerce project_Product-Api-app] INFO  o.eclipse.m2e.core.internal.Bundles - 	Entry: C:\Users\91891\sts-4.21.1.RELEASE\plugins\org.eclipse.m2e.maven.runtime_3.9.500.20231113-2345\jars\httpcore-4.4.16.jar
2025-05-23 20:43:00,069 [Worker-44: Launching Executing install in E__Ecommerce project_Product-Api-app] INFO  o.eclipse.m2e.core.internal.Bundles - 	Entry: C:\Users\91891\sts-4.21.1.RELEASE\plugins\org.eclipse.m2e.maven.runtime_3.9.500.20231113-2345\jars\jansi-2.4.0.jar
2025-05-23 20:43:00,069 [Worker-44: Launching Executing install in E__Ecommerce project_Product-Api-app] INFO  o.eclipse.m2e.core.internal.Bundles - 	Entry: C:\Users\91891\sts-4.21.1.RELEASE\plugins\org.eclipse.m2e.maven.runtime_3.9.500.20231113-2345\jars\jcl-over-slf4j-1.7.36.jar
2025-05-23 20:43:00,070 [Worker-44: Launching Executing install in E__Ecommerce project_Product-Api-app] INFO  o.eclipse.m2e.core.internal.Bundles - 	Entry: C:\Users\91891\sts-4.21.1.RELEASE\plugins\org.eclipse.m2e.maven.runtime_3.9.500.20231113-2345\jars\maven-artifact-3.9.5.jar
2025-05-23 20:43:00,070 [Worker-44: Launching Executing install in E__Ecommerce project_Product-Api-app] INFO  o.eclipse.m2e.core.internal.Bundles - 	Entry: C:\Users\91891\sts-4.21.1.RELEASE\plugins\org.eclipse.m2e.maven.runtime_3.9.500.20231113-2345\jars\maven-builder-support-3.9.5.jar
2025-05-23 20:43:00,070 [Worker-44: Launching Executing install in E__Ecommerce project_Product-Api-app] INFO  o.eclipse.m2e.core.internal.Bundles - 	Entry: C:\Users\91891\sts-4.21.1.RELEASE\plugins\org.eclipse.m2e.maven.runtime_3.9.500.20231113-2345\jars\maven-compat-3.9.5.jar
2025-05-23 20:43:00,070 [Worker-44: Launching Executing install in E__Ecommerce project_Product-Api-app] INFO  o.eclipse.m2e.core.internal.Bundles - 	Entry: C:\Users\91891\sts-4.21.1.RELEASE\plugins\org.eclipse.m2e.maven.runtime_3.9.500.20231113-2345\jars\maven-core-3.9.5.jar
2025-05-23 20:43:00,070 [Worker-44: Launching Executing install in E__Ecommerce project_Product-Api-app] INFO  o.eclipse.m2e.core.internal.Bundles - 	Entry: C:\Users\91891\sts-4.21.1.RELEASE\plugins\org.eclipse.m2e.maven.runtime_3.9.500.20231113-2345\jars\maven-embedder-3.9.5.jar
2025-05-23 20:43:00,070 [Worker-44: Launching Executing install in E__Ecommerce project_Product-Api-app] INFO  o.eclipse.m2e.core.internal.Bundles - 	Entry: C:\Users\91891\sts-4.21.1.RELEASE\plugins\org.eclipse.m2e.maven.runtime_3.9.500.20231113-2345\jars\maven-model-3.9.5.jar
2025-05-23 20:43:00,070 [Worker-44: Launching Executing install in E__Ecommerce project_Product-Api-app] INFO  o.eclipse.m2e.core.internal.Bundles - 	Entry: C:\Users\91891\sts-4.21.1.RELEASE\plugins\org.eclipse.m2e.maven.runtime_3.9.500.20231113-2345\jars\maven-model-builder-3.9.5.jar
2025-05-23 20:43:00,070 [Worker-44: Launching Executing install in E__Ecommerce project_Product-Api-app] INFO  o.eclipse.m2e.core.internal.Bundles - 	Entry: C:\Users\91891\sts-4.21.1.RELEASE\plugins\org.eclipse.m2e.maven.runtime_3.9.500.20231113-2345\jars\maven-plugin-api-3.9.5.jar
2025-05-23 20:43:00,071 [Worker-44: Launching Executing install in E__Ecommerce project_Product-Api-app] INFO  o.eclipse.m2e.core.internal.Bundles - 	Entry: C:\Users\91891\sts-4.21.1.RELEASE\plugins\org.eclipse.m2e.maven.runtime_3.9.500.20231113-2345\jars\maven-repository-metadata-3.9.5.jar
2025-05-23 20:43:00,071 [Worker-44: Launching Executing install in E__Ecommerce project_Product-Api-app] INFO  o.eclipse.m2e.core.internal.Bundles - 	Entry: C:\Users\91891\sts-4.21.1.RELEASE\plugins\org.eclipse.m2e.maven.runtime_3.9.500.20231113-2345\jars\maven-resolver-api-1.9.16.jar
2025-05-23 20:43:00,071 [Worker-44: Launching Executing install in E__Ecommerce project_Product-Api-app] INFO  o.eclipse.m2e.core.internal.Bundles - 	Entry: C:\Users\91891\sts-4.21.1.RELEASE\plugins\org.eclipse.m2e.maven.runtime_3.9.500.20231113-2345\jars\maven-resolver-connector-basic-1.9.16.jar
2025-05-23 20:43:00,071 [Worker-44: Launching Executing install in E__Ecommerce project_Product-Api-app] INFO  o.eclipse.m2e.core.internal.Bundles - 	Entry: C:\Users\91891\sts-4.21.1.RELEASE\plugins\org.eclipse.m2e.maven.runtime_3.9.500.20231113-2345\jars\maven-resolver-impl-1.9.16.jar
2025-05-23 20:43:00,071 [Worker-44: Launching Executing install in E__Ecommerce project_Product-Api-app] INFO  o.eclipse.m2e.core.internal.Bundles - 	Entry: C:\Users\91891\sts-4.21.1.RELEASE\plugins\org.eclipse.m2e.maven.runtime_3.9.500.20231113-2345\jars\maven-resolver-named-locks-1.9.16.jar
2025-05-23 20:43:00,071 [Worker-44: Launching Executing install in E__Ecommerce project_Product-Api-app] INFO  o.eclipse.m2e.core.internal.Bundles - 	Entry: C:\Users\91891\sts-4.21.1.RELEASE\plugins\org.eclipse.m2e.maven.runtime_3.9.500.20231113-2345\jars\maven-resolver-provider-3.9.5.jar
2025-05-23 20:43:00,072 [Worker-44: Launching Executing install in E__Ecommerce project_Product-Api-app] INFO  o.eclipse.m2e.core.internal.Bundles - 	Entry: C:\Users\91891\sts-4.21.1.RELEASE\plugins\org.eclipse.m2e.maven.runtime_3.9.500.20231113-2345\jars\maven-resolver-spi-1.9.16.jar
2025-05-23 20:43:00,072 [Worker-44: Launching Executing install in E__Ecommerce project_Product-Api-app] INFO  o.eclipse.m2e.core.internal.Bundles - 	Entry: C:\Users\91891\sts-4.21.1.RELEASE\plugins\org.eclipse.m2e.maven.runtime_3.9.500.20231113-2345\jars\maven-resolver-transport-file-1.9.16.jar
2025-05-23 20:43:00,072 [Worker-44: Launching Executing install in E__Ecommerce project_Product-Api-app] INFO  o.eclipse.m2e.core.internal.Bundles - 	Entry: C:\Users\91891\sts-4.21.1.RELEASE\plugins\org.eclipse.m2e.maven.runtime_3.9.500.20231113-2345\jars\maven-resolver-transport-http-1.9.16.jar
2025-05-23 20:43:00,072 [Worker-44: Launching Executing install in E__Ecommerce project_Product-Api-app] INFO  o.eclipse.m2e.core.internal.Bundles - 	Entry: C:\Users\91891\sts-4.21.1.RELEASE\plugins\org.eclipse.m2e.maven.runtime_3.9.500.20231113-2345\jars\maven-resolver-transport-wagon-1.9.16.jar
2025-05-23 20:43:00,072 [Worker-44: Launching Executing install in E__Ecommerce project_Product-Api-app] INFO  o.eclipse.m2e.core.internal.Bundles - 	Entry: C:\Users\91891\sts-4.21.1.RELEASE\plugins\org.eclipse.m2e.maven.runtime_3.9.500.20231113-2345\jars\maven-resolver-util-1.9.16.jar
2025-05-23 20:43:00,073 [Worker-44: Launching Executing install in E__Ecommerce project_Product-Api-app] INFO  o.eclipse.m2e.core.internal.Bundles - 	Entry: C:\Users\91891\sts-4.21.1.RELEASE\plugins\org.eclipse.m2e.maven.runtime_3.9.500.20231113-2345\jars\maven-settings-3.9.5.jar
2025-05-23 20:43:00,073 [Worker-44: Launching Executing install in E__Ecommerce project_Product-Api-app] INFO  o.eclipse.m2e.core.internal.Bundles - 	Entry: C:\Users\91891\sts-4.21.1.RELEASE\plugins\org.eclipse.m2e.maven.runtime_3.9.500.20231113-2345\jars\maven-settings-builder-3.9.5.jar
2025-05-23 20:43:00,073 [Worker-44: Launching Executing install in E__Ecommerce project_Product-Api-app] INFO  o.eclipse.m2e.core.internal.Bundles - 	Entry: C:\Users\91891\sts-4.21.1.RELEASE\plugins\org.eclipse.m2e.maven.runtime_3.9.500.20231113-2345\jars\maven-shared-utils-3.3.4.jar
2025-05-23 20:43:00,073 [Worker-44: Launching Executing install in E__Ecommerce project_Product-Api-app] INFO  o.eclipse.m2e.core.internal.Bundles - 	Entry: C:\Users\91891\sts-4.21.1.RELEASE\plugins\org.eclipse.m2e.maven.runtime_3.9.500.20231113-2345\jars\org.eclipse.sisu.inject-0.3.5.jar
2025-05-23 20:43:00,073 [Worker-44: Launching Executing install in E__Ecommerce project_Product-Api-app] INFO  o.eclipse.m2e.core.internal.Bundles - 	Entry: C:\Users\91891\sts-4.21.1.RELEASE\plugins\org.eclipse.m2e.maven.runtime_3.9.500.20231113-2345\jars\org.eclipse.sisu.plexus-0.3.5.jar
2025-05-23 20:43:00,073 [Worker-44: Launching Executing install in E__Ecommerce project_Product-Api-app] INFO  o.eclipse.m2e.core.internal.Bundles - 	Entry: C:\Users\91891\sts-4.21.1.RELEASE\plugins\org.eclipse.m2e.maven.runtime_3.9.500.20231113-2345\jars\plexus-build-api-0.0.7.jar
2025-05-23 20:43:00,074 [Worker-44: Launching Executing install in E__Ecommerce project_Product-Api-app] INFO  o.eclipse.m2e.core.internal.Bundles - 	Entry: C:\Users\91891\sts-4.21.1.RELEASE\plugins\org.eclipse.m2e.maven.runtime_3.9.500.20231113-2345\jars\plexus-cipher-2.0.jar
2025-05-23 20:43:00,074 [Worker-44: Launching Executing install in E__Ecommerce project_Product-Api-app] INFO  o.eclipse.m2e.core.internal.Bundles - 	Entry: C:\Users\91891\sts-4.21.1.RELEASE\plugins\org.eclipse.m2e.maven.runtime_3.9.500.20231113-2345\jars\plexus-classworlds-2.7.0.jar
2025-05-23 20:43:00,074 [Worker-44: Launching Executing install in E__Ecommerce project_Product-Api-app] INFO  o.eclipse.m2e.core.internal.Bundles - 	Entry: C:\Users\91891\sts-4.21.1.RELEASE\plugins\org.eclipse.m2e.maven.runtime_3.9.500.20231113-2345\jars\plexus-component-annotations-2.1.0.jar
2025-05-23 20:43:00,074 [Worker-44: Launching Executing install in E__Ecommerce project_Product-Api-app] INFO  o.eclipse.m2e.core.internal.Bundles - 	Entry: C:\Users\91891\sts-4.21.1.RELEASE\plugins\org.eclipse.m2e.maven.runtime_3.9.500.20231113-2345\jars\plexus-interpolation-1.26.jar
2025-05-23 20:43:00,074 [Worker-44: Launching Executing install in E__Ecommerce project_Product-Api-app] INFO  o.eclipse.m2e.core.internal.Bundles - 	Entry: C:\Users\91891\sts-4.21.1.RELEASE\plugins\org.eclipse.m2e.maven.runtime_3.9.500.20231113-2345\jars\plexus-sec-dispatcher-2.0.jar
2025-05-23 20:43:00,074 [Worker-44: Launching Executing install in E__Ecommerce project_Product-Api-app] INFO  o.eclipse.m2e.core.internal.Bundles - 	Entry: C:\Users\91891\sts-4.21.1.RELEASE\plugins\org.eclipse.m2e.maven.runtime_3.9.500.20231113-2345\jars\plexus-utils-3.5.1.jar
2025-05-23 20:43:00,075 [Worker-44: Launching Executing install in E__Ecommerce project_Product-Api-app] INFO  o.eclipse.m2e.core.internal.Bundles - 	Entry: C:\Users\91891\sts-4.21.1.RELEASE\plugins\org.eclipse.m2e.maven.runtime_3.9.500.20231113-2345\jars\wagon-file-3.5.3.jar
2025-05-23 20:43:00,075 [Worker-44: Launching Executing install in E__Ecommerce project_Product-Api-app] INFO  o.eclipse.m2e.core.internal.Bundles - 	Entry: C:\Users\91891\sts-4.21.1.RELEASE\plugins\org.eclipse.m2e.maven.runtime_3.9.500.20231113-2345\jars\wagon-http-3.5.3.jar
2025-05-23 20:43:00,075 [Worker-44: Launching Executing install in E__Ecommerce project_Product-Api-app] INFO  o.eclipse.m2e.core.internal.Bundles - 	Entry: C:\Users\91891\sts-4.21.1.RELEASE\plugins\org.eclipse.m2e.maven.runtime_3.9.500.20231113-2345\jars\wagon-http-shared-3.5.3.jar
2025-05-23 20:43:00,075 [Worker-44: Launching Executing install in E__Ecommerce project_Product-Api-app] INFO  o.eclipse.m2e.core.internal.Bundles - 	Entry: C:\Users\91891\sts-4.21.1.RELEASE\plugins\org.eclipse.m2e.maven.runtime_3.9.500.20231113-2345\jars\wagon-provider-api-3.5.3.jar
2025-05-23 20:43:00,077 [Worker-44: Launching Executing install in E__Ecommerce project_Product-Api-app] INFO  o.eclipse.m2e.core.internal.Bundles - getClasspathEntries(Bundle=com.google.guava_33.0.0.jre [25])
2025-05-23 20:43:00,077 [Worker-44: Launching Executing install in E__Ecommerce project_Product-Api-app] INFO  o.eclipse.m2e.core.internal.Bundles - 	Entry: C:\Users\91891\sts-4.21.1.RELEASE\plugins\com.google.guava_33.0.0.jre.jar
2025-05-23 20:43:00,077 [Worker-44: Launching Executing install in E__Ecommerce project_Product-Api-app] INFO  o.eclipse.m2e.core.internal.Bundles - getClasspathEntries(Bundle=slf4j.api_2.0.9 [573])
2025-05-23 20:43:00,078 [Worker-44: Launching Executing install in E__Ecommerce project_Product-Api-app] INFO  o.eclipse.m2e.core.internal.Bundles - 	Entry: C:\Users\91891\sts-4.21.1.RELEASE\plugins\slf4j.api_2.0.9.jar
2025-05-23 20:43:00,078 [Worker-44: Launching Executing install in E__Ecommerce project_Product-Api-app] INFO  o.eclipse.m2e.core.internal.Bundles - getClasspathEntries(Bundle=jakarta.inject.jakarta.inject-api_1.0.5 [41])
2025-05-23 20:43:00,078 [Worker-44: Launching Executing install in E__Ecommerce project_Product-Api-app] INFO  o.eclipse.m2e.core.internal.Bundles - 	Entry: C:\Users\91891\sts-4.21.1.RELEASE\plugins\jakarta.inject.jakarta.inject-api_1.0.5.jar
2025-05-23 20:43:00,078 [Worker-44: Launching Executing install in E__Ecommerce project_Product-Api-app] INFO  o.eclipse.m2e.core.internal.Bundles - getClasspathEntries(Bundle=jakarta.annotation-api_1.3.5 [37])
2025-05-23 20:43:00,078 [Worker-44: Launching Executing install in E__Ecommerce project_Product-Api-app] INFO  o.eclipse.m2e.core.internal.Bundles - 	Entry: C:\Users\91891\sts-4.21.1.RELEASE\plugins\jakarta.annotation-api_1.3.5.jar
2025-05-23 20:43:00,078 [Worker-44: Launching Executing install in E__Ecommerce project_Product-Api-app] INFO  o.eclipse.m2e.core.internal.Bundles - getClasspathEntries(Bundle=org.apache.commons.cli_1.6.0 [71])
2025-05-23 20:43:00,079 [Worker-44: Launching Executing install in E__Ecommerce project_Product-Api-app] INFO  o.eclipse.m2e.core.internal.Bundles - 	Entry: C:\Users\91891\sts-4.21.1.RELEASE\plugins\org.apache.commons.cli_1.6.0.jar
2025-05-23 20:43:00,079 [Worker-44: Launching Executing install in E__Ecommerce project_Product-Api-app] INFO  o.eclipse.m2e.core.internal.Bundles - getClasspathEntries(Bundle=org.apache.commons.commons-codec_1.16.0 [73])
2025-05-23 20:43:00,079 [Worker-44: Launching Executing install in E__Ecommerce project_Product-Api-app] INFO  o.eclipse.m2e.core.internal.Bundles - 	Entry: C:\Users\91891\sts-4.21.1.RELEASE\plugins\org.apache.commons.commons-codec_1.16.0.jar
2025-05-23 20:43:00,079 [Worker-44: Launching Executing install in E__Ecommerce project_Product-Api-app] INFO  o.eclipse.m2e.core.internal.Bundles - getClasspathEntries(Bundle=org.apache.commons.lang3_3.13.0 [77])
2025-05-23 20:43:00,079 [Worker-44: Launching Executing install in E__Ecommerce project_Product-Api-app] INFO  o.eclipse.m2e.core.internal.Bundles - 	Entry: C:\Users\91891\sts-4.21.1.RELEASE\plugins\org.apache.commons.lang3_3.13.0.jar
2025-05-23 20:43:00,079 [Worker-44: Launching Executing install in E__Ecommerce project_Product-Api-app] INFO  o.eclipse.m2e.core.internal.Bundles - getClasspathEntries(Bundle=com.google.guava.failureaccess_1.0.2 [27])
2025-05-23 20:43:00,080 [Worker-44: Launching Executing install in E__Ecommerce project_Product-Api-app] INFO  o.eclipse.m2e.core.internal.Bundles - 	Entry: C:\Users\91891\sts-4.21.1.RELEASE\plugins\com.google.guava.failureaccess_1.0.2.jar
2025-05-23 20:43:00,081 [Worker-44: Launching Executing install in E__Ecommerce project_Product-Api-app] INFO  o.e.m.i.launch.MavenLaunchDelegate - Run build in "E:\Ecommerce project\Product-Api-app":
2025-05-23 20:43:00,081 [Worker-44: Launching Executing install in E__Ecommerce project_Product-Api-app] INFO  o.e.m.i.launch.MavenLaunchDelegate -  mvn  -Ppom.xml -B -Dstyle.color=always install
2025-05-23 20:49:47,801 [Worker-40: Building] INFO  o.a.m.s.f.DefaultMavenResourcesFiltering - Copying 1 resource from src\main\resources to target\classes
2025-05-23 20:49:47,809 [Worker-40: Building] INFO  o.a.m.s.f.DefaultMavenResourcesFiltering - Copying 0 resource from src\main\resources to target\classes
2025-05-23 20:49:47,812 [Worker-40: Building] INFO  o.a.m.s.f.DefaultMavenResourcesFiltering - skip non existing resourceDirectory E:\Ecommerce project\Product-Api-app\src\test\resources
2025-05-23 20:51:11,136 [Worker-46: Building] INFO  o.a.m.s.f.DefaultMavenResourcesFiltering - Copying 1 resource from src\main\resources to target\classes
2025-05-23 20:51:11,141 [Worker-46: Building] INFO  o.a.m.s.f.DefaultMavenResourcesFiltering - Copying 0 resource from src\main\resources to target\classes
2025-05-23 20:51:11,144 [Worker-46: Building] INFO  o.a.m.s.f.DefaultMavenResourcesFiltering - skip non existing resourceDirectory E:\Ecommerce project\Product-Api-app\src\test\resources
2025-05-23 20:51:45,901 [Worker-40: Updating Maven Project] INFO  o.e.m.c.i.p.ProjectConfigurationManager - Update started
2025-05-23 20:51:47,055 [Worker-40: Updating Maven Project] INFO  o.e.m.c.i.l.LifecycleMappingFactory - Using org.eclipse.m2e.jdt.JarLifecycleMapping lifecycle mapping for MavenProject: sagar.solution:Product-Api-app:0.0.1-SNAPSHOT @ E:\Ecommerce project\Product-Api-app\pom.xml.
2025-05-23 20:51:47,865 [Worker-40: Updating Maven Project] INFO  o.e.m.j.i.AbstractJavaProjectConfigurator - Adding source folder /Product-Api-app/src/main/java
2025-05-23 20:51:47,865 [Worker-40: Updating Maven Project] INFO  o.e.m.j.i.AbstractJavaProjectConfigurator - Adding resource folder /Product-Api-app/src/main/resources
2025-05-23 20:51:47,865 [Worker-40: Updating Maven Project] INFO  o.e.m.j.i.AbstractJavaProjectConfigurator - Adding resource folder /Product-Api-app/src/main/resources
2025-05-23 20:51:47,866 [Worker-40: Updating Maven Project] INFO  o.e.m.j.i.AbstractJavaProjectConfigurator - Adding source folder /Product-Api-app/src/test/java
2025-05-23 20:51:47,867 [Worker-40: Updating Maven Project] INFO  o.e.m.j.i.AbstractJavaProjectConfigurator - Adding resource folder /Product-Api-app/src/test/resources
2025-05-23 20:51:48,692 [Worker-40: Updating Maven Project] INFO  o.e.m.c.i.e.AbstractTransferListenerAdapter - Downloaded https://repo.maven.apache.org/maven2/org/projectlombok/lombok//lombok-.pom
2025-05-23 20:51:48,697 [Worker-40: Updating Maven Project] WARN  o.e.m.c.i.embedder.EclipseLogger - The POM for org.projectlombok:lombok:jar: is missing, no dependency information available
2025-05-23 20:51:49,088 [Worker-40: Updating Maven Project] INFO  o.e.m.c.i.e.AbstractTransferListenerAdapter - Downloaded https://repo.maven.apache.org/maven2/org/projectlombok/lombok//lombok-.jar
2025-05-23 20:51:49,093 [Worker-40: Updating Maven Project] ERROR o.e.m.a.i.u.PluginDependencyResolver - Unable to collect dependencies for plugin
org.eclipse.aether.resolution.DependencyResolutionException: The following artifacts could not be resolved: org.projectlombok:lombok:jar: (absent): Could not find artifact org.projectlombok:lombok:jar: in central (https://repo.maven.apache.org/maven2)
	at org.eclipse.aether.internal.impl.DefaultRepositorySystem.resolveDependencies(DefaultRepositorySystem.java:365)
	at org.eclipse.m2e.apt.internal.utils.PluginDependencyResolver.getResolvedPluginDependencies(PluginDependencyResolver.java:106)
	at org.eclipse.m2e.apt.internal.compiler.MavenCompilerJdtAptDelegate.getAnnotationProcessorConfiguration(MavenCompilerJdtAptDelegate.java:172)
	at org.eclipse.m2e.apt.internal.AbstractAptConfiguratorDelegate.configureClasspath(AbstractAptConfiguratorDelegate.java:241)
	at org.eclipse.m2e.apt.internal.AbstractAptProjectConfigurator.lambda$1(AbstractAptProjectConfigurator.java:156)
	at org.eclipse.m2e.core.internal.embedder.MavenExecutionContext.executeBare(MavenExecutionContext.java:394)
	at org.eclipse.m2e.core.internal.embedder.MavenExecutionContext.execute(MavenExecutionContext.java:275)
	at org.eclipse.m2e.core.internal.embedder.MavenExecutionContext.execute(MavenExecutionContext.java:214)
	at org.eclipse.m2e.apt.internal.AbstractAptProjectConfigurator.configureRawClasspath(AbstractAptProjectConfigurator.java:150)
	at org.eclipse.m2e.jdt.internal.AbstractJavaProjectConfigurator.invokeJavaProjectConfigurators(AbstractJavaProjectConfigurator.java:209)
	at org.eclipse.m2e.jdt.internal.AbstractJavaProjectConfigurator.configure(AbstractJavaProjectConfigurator.java:167)
	at org.eclipse.m2e.core.project.configurator.AbstractLifecycleMapping.configure(AbstractLifecycleMapping.java:123)
	at org.eclipse.m2e.core.internal.project.ProjectConfigurationManager.lambda$6(ProjectConfigurationManager.java:503)
	at org.eclipse.m2e.core.internal.embedder.MavenExecutionContext.executeBare(MavenExecutionContext.java:394)
	at org.eclipse.m2e.core.internal.embedder.MavenExecutionContext.execute(MavenExecutionContext.java:275)
	at org.eclipse.m2e.core.internal.project.ProjectConfigurationManager.updateProjectConfiguration(ProjectConfigurationManager.java:497)
	at org.eclipse.m2e.core.internal.project.ProjectConfigurationManager.lambda$4(ProjectConfigurationManager.java:425)
	at java.base/java.util.Collection.removeIf(Collection.java:576)
	at org.eclipse.m2e.core.internal.project.ProjectConfigurationManager.updateProjectConfiguration0(ProjectConfigurationManager.java:413)
	at org.eclipse.m2e.core.internal.project.ProjectConfigurationManager.lambda$3(ProjectConfigurationManager.java:339)
	at org.eclipse.m2e.core.internal.embedder.MavenExecutionContext.executeBare(MavenExecutionContext.java:394)
	at org.eclipse.m2e.core.internal.embedder.MavenExecutionContext.execute(MavenExecutionContext.java:275)
	at org.eclipse.m2e.core.internal.embedder.MavenExecutionContext.execute(MavenExecutionContext.java:214)
	at org.eclipse.m2e.core.internal.embedder.MavenImpl.execute(MavenImpl.java:1097)
	at org.eclipse.m2e.core.internal.project.ProjectConfigurationManager.updateProjectConfiguration(ProjectConfigurationManager.java:338)
	at org.eclipse.m2e.core.ui.internal.UpdateMavenProjectJob.runInWorkspace(UpdateMavenProjectJob.java:80)
	at org.eclipse.core.internal.resources.InternalWorkspaceJob.run(InternalWorkspaceJob.java:43)
	at org.eclipse.core.internal.jobs.Worker.run(Worker.java:63)
Caused by: org.eclipse.aether.resolution.ArtifactResolutionException: The following artifacts could not be resolved: org.projectlombok:lombok:jar: (absent): Could not find artifact org.projectlombok:lombok:jar: in central (https://repo.maven.apache.org/maven2)
	at org.eclipse.aether.internal.impl.DefaultArtifactResolver.resolve(DefaultArtifactResolver.java:473)
	at org.eclipse.aether.internal.impl.DefaultArtifactResolver.resolveArtifacts(DefaultArtifactResolver.java:261)
	at org.eclipse.aether.internal.impl.DefaultRepositorySystem.resolveDependencies(DefaultRepositorySystem.java:353)
	... 27 common frames omitted
Caused by: org.eclipse.aether.transfer.ArtifactNotFoundException: Could not find artifact org.projectlombok:lombok:jar: in central (https://repo.maven.apache.org/maven2)
	at org.eclipse.aether.connector.basic.ArtifactTransportListener.transferFailed(ArtifactTransportListener.java:42)
	at org.eclipse.aether.connector.basic.BasicRepositoryConnector$TaskRunner.run(BasicRepositoryConnector.java:417)
	at org.eclipse.aether.connector.basic.BasicRepositoryConnector.get(BasicRepositoryConnector.java:260)
	at org.eclipse.aether.internal.impl.DefaultArtifactResolver.performDownloads(DefaultArtifactResolver.java:537)
	at org.eclipse.aether.internal.impl.DefaultArtifactResolver.resolve(DefaultArtifactResolver.java:449)
	... 29 common frames omitted
2025-05-23 20:51:49,119 [Worker-40: Updating Maven Project] INFO  o.e.m.c.i.p.ProjectConfigurationManager - Update completed for 1 poms: local refresh takes 0.00 sec, refresh facades takes 1.00 sec, update config takes 1.00 sec 
2025-05-23 20:51:49,687 [Worker-43: Building] INFO  o.a.m.s.f.DefaultMavenResourcesFiltering - Copying 1 resource from src\main\resources to target\classes
2025-05-23 20:51:49,708 [Worker-43: Building] INFO  o.a.m.s.f.DefaultMavenResourcesFiltering - Copying 0 resource from src\main\resources to target\classes
2025-05-23 20:51:49,713 [Worker-43: Building] INFO  o.a.m.s.f.DefaultMavenResourcesFiltering - skip non existing resourceDirectory E:\Ecommerce project\Product-Api-app\src\test\resources
2025-05-23 20:52:08,126 [Worker-36: Building] INFO  o.a.m.s.f.DefaultMavenResourcesFiltering - Copying 1 resource from src\main\resources to target\classes
2025-05-23 20:52:08,142 [Worker-36: Building] INFO  o.a.m.s.f.DefaultMavenResourcesFiltering - Copying 0 resource from src\main\resources to target\classes
2025-05-23 20:52:08,147 [Worker-36: Building] INFO  o.a.m.s.f.DefaultMavenResourcesFiltering - skip non existing resourceDirectory E:\Ecommerce project\Product-Api-app\src\test\resources
2025-05-23 21:50:41,567 [Worker-1: Loading available Gradle versions] INFO  o.e.b.c.i.u.g.PublishedGradleVersions - Gradle version information cache is up-to-date. Trying to read.
2025-05-23 22:15:44,050 [Worker-21: Building] INFO  o.a.m.s.f.DefaultMavenResourcesFiltering - Copying 1 resource from src\main\resources to target\classes
2025-05-23 22:15:44,149 [Worker-21: Building] INFO  o.a.m.s.f.DefaultMavenResourcesFiltering - Copying 0 resource from src\main\resources to target\classes
2025-05-23 22:15:44,155 [Worker-21: Building] INFO  o.a.m.s.f.DefaultMavenResourcesFiltering - skip non existing resourceDirectory E:\Ecommerce project\Product-Api-app\src\test\resources
2025-05-23 22:31:00,978 [Worker-28: Building] INFO  o.a.m.s.f.DefaultMavenResourcesFiltering - Copying 1 resource from src\main\resources to target\classes
2025-05-23 22:31:00,987 [Worker-28: Building] INFO  o.a.m.s.f.DefaultMavenResourcesFiltering - Copying 0 resource from src\main\resources to target\classes
2025-05-23 22:31:00,991 [Worker-28: Building] INFO  o.a.m.s.f.DefaultMavenResourcesFiltering - skip non existing resourceDirectory E:\Ecommerce project\Product-Api-app\src\test\resources
2025-05-23 22:32:13,844 [Worker-29: Launching Product-Api-app - ProductApiAppApplication] INFO  o.a.m.s.f.DefaultMavenResourcesFiltering - Copying 1 resource from src\main\resources to target\classes
2025-05-23 22:32:13,855 [Worker-29: Launching Product-Api-app - ProductApiAppApplication] INFO  o.a.m.s.f.DefaultMavenResourcesFiltering - Copying 0 resource from src\main\resources to target\classes
2025-05-23 22:32:13,858 [Worker-29: Launching Product-Api-app - ProductApiAppApplication] INFO  o.a.m.s.f.DefaultMavenResourcesFiltering - skip non existing resourceDirectory E:\Ecommerce project\Product-Api-app\src\test\resources
2025-05-23 23:36:55,273 [Worker-39: Launching Product-Api-app - ProductApiAppApplication] INFO  o.a.m.s.f.DefaultMavenResourcesFiltering - Copying 1 resource from src\main\resources to target\classes
2025-05-23 23:36:55,328 [Worker-39: Launching Product-Api-app - ProductApiAppApplication] INFO  o.a.m.s.f.DefaultMavenResourcesFiltering - Copying 0 resource from src\main\resources to target\classes
2025-05-23 23:36:55,333 [Worker-39: Launching Product-Api-app - ProductApiAppApplication] INFO  o.a.m.s.f.DefaultMavenResourcesFiltering - skip non existing resourceDirectory E:\Ecommerce project\Product-Api-app\src\test\resources
2025-05-23 23:37:19,168 [Worker-36: Building] INFO  o.a.m.s.f.DefaultMavenResourcesFiltering - Copying 1 resource from src\main\resources to target\classes
2025-05-23 23:37:19,373 [Worker-36: Building] INFO  o.a.m.s.f.DefaultMavenResourcesFiltering - Copying 0 resource from src\main\resources to target\classes
2025-05-23 23:37:19,382 [Worker-36: Building] INFO  o.a.m.s.f.DefaultMavenResourcesFiltering - skip non existing resourceDirectory E:\Ecommerce project\Product-Api-app\src\test\resources
2025-05-24 10:00:05,154 [Worker-7: Loading available Gradle versions] INFO  o.e.b.c.i.u.g.PublishedGradleVersions - Gradle version information cache is up-to-date. Trying to read.
2025-05-24 19:12:53,368 [Worker-3: Loading available Gradle versions] INFO  o.e.b.c.i.u.g.PublishedGradleVersions - Gradle version information cache is out-of-date. Trying to update.
2025-05-24 20:07:08,269 [Worker-24: Launching Product-Api-app - ProductApiAppApplication] INFO  o.a.m.s.f.DefaultMavenResourcesFiltering - Copying 1 resource from src\main\resources to target\classes
2025-05-24 20:07:08,344 [Worker-24: Launching Product-Api-app - ProductApiAppApplication] INFO  o.a.m.s.f.DefaultMavenResourcesFiltering - Copying 0 resource from src\main\resources to target\classes
2025-05-24 20:07:08,354 [Worker-24: Launching Product-Api-app - ProductApiAppApplication] INFO  o.a.m.s.f.DefaultMavenResourcesFiltering - skip non existing resourceDirectory E:\Ecommerce project\Product-Api-app\src\test\resources
2025-05-25 11:54:40,557 [Worker-2: Loading available Gradle versions] INFO  o.e.b.c.i.u.g.PublishedGradleVersions - Gradle version information cache is up-to-date. Trying to read.
2025-05-25 12:00:26,525 [Worker-12: Import Getting Started Content] INFO  o.e.m.c.i.e.AbstractTransferListenerAdapter - Downloading https://repo.maven.apache.org/maven2/org/springframework/boot/spring-boot-starter-parent/3.5.0/spring-boot-starter-parent-3.5.0.pom
2025-05-25 12:00:26,562 [Worker-12: Import Getting Started Content] INFO  o.e.m.c.i.e.AbstractTransferListenerAdapter - Downloaded https://repo.maven.apache.org/maven2/org/springframework/boot/spring-boot-starter-parent/3.5.0/spring-boot-starter-parent-3.5.0.pom
2025-05-25 12:00:26,598 [Worker-12: Import Getting Started Content] INFO  o.e.m.c.i.e.AbstractTransferListenerAdapter - Downloading https://repo.maven.apache.org/maven2/org/springframework/boot/spring-boot-dependencies/3.5.0/spring-boot-dependencies-3.5.0.pom
2025-05-25 12:00:26,615 [Worker-12: Import Getting Started Content] INFO  o.e.m.c.i.e.AbstractTransferListenerAdapter - Downloaded https://repo.maven.apache.org/maven2/org/springframework/boot/spring-boot-dependencies/3.5.0/spring-boot-dependencies-3.5.0.pom
2025-05-25 12:00:26,699 [Worker-12: Import Getting Started Content] INFO  o.e.m.c.i.e.AbstractTransferListenerAdapter - Downloading https://repo.maven.apache.org/maven2/org/apache/activemq/artemis-bom/2.40.0/artemis-bom-2.40.0.pom
2025-05-25 12:00:26,705 [Worker-12: Import Getting Started Content] INFO  o.e.m.c.i.e.AbstractTransferListenerAdapter - Downloaded https://repo.maven.apache.org/maven2/org/apache/activemq/artemis-bom/2.40.0/artemis-bom-2.40.0.pom
2025-05-25 12:00:26,729 [Worker-12: Import Getting Started Content] INFO  o.e.m.c.i.e.AbstractTransferListenerAdapter - Downloading https://repo.maven.apache.org/maven2/org/apache/activemq/artemis-project/2.40.0/artemis-project-2.40.0.pom
2025-05-25 12:00:26,740 [Worker-12: Import Getting Started Content] INFO  o.e.m.c.i.e.AbstractTransferListenerAdapter - Downloaded https://repo.maven.apache.org/maven2/org/apache/activemq/artemis-project/2.40.0/artemis-project-2.40.0.pom
2025-05-25 12:00:26,778 [Worker-12: Import Getting Started Content] INFO  o.e.m.c.i.e.AbstractTransferListenerAdapter - Downloading https://repo.maven.apache.org/maven2/org/assertj/assertj-bom/3.27.3/assertj-bom-3.27.3.pom
2025-05-25 12:00:26,783 [Worker-12: Import Getting Started Content] INFO  o.e.m.c.i.e.AbstractTransferListenerAdapter - Downloaded https://repo.maven.apache.org/maven2/org/assertj/assertj-bom/3.27.3/assertj-bom-3.27.3.pom
2025-05-25 12:00:26,806 [Worker-12: Import Getting Started Content] INFO  o.e.m.c.i.e.AbstractTransferListenerAdapter - Downloading https://repo.maven.apache.org/maven2/io/zipkin/reporter2/zipkin-reporter-bom/3.5.0/zipkin-reporter-bom-3.5.0.pom
2025-05-25 12:00:26,810 [Worker-12: Import Getting Started Content] INFO  o.e.m.c.i.e.AbstractTransferListenerAdapter - Downloaded https://repo.maven.apache.org/maven2/io/zipkin/reporter2/zipkin-reporter-bom/3.5.0/zipkin-reporter-bom-3.5.0.pom
2025-05-25 12:00:26,835 [Worker-12: Import Getting Started Content] INFO  o.e.m.c.i.e.AbstractTransferListenerAdapter - Downloading https://repo.maven.apache.org/maven2/io/zipkin/brave/brave-bom/6.1.0/brave-bom-6.1.0.pom
2025-05-25 12:00:26,838 [Worker-12: Import Getting Started Content] INFO  o.e.m.c.i.e.AbstractTransferListenerAdapter - Downloaded https://repo.maven.apache.org/maven2/io/zipkin/brave/brave-bom/6.1.0/brave-bom-6.1.0.pom
2025-05-25 12:00:26,860 [Worker-12: Import Getting Started Content] INFO  o.e.m.c.i.e.AbstractTransferListenerAdapter - Downloading https://repo.maven.apache.org/maven2/org/apache/cassandra/java-driver-bom/4.19.0/java-driver-bom-4.19.0.pom
2025-05-25 12:00:26,864 [Worker-12: Import Getting Started Content] INFO  o.e.m.c.i.e.AbstractTransferListenerAdapter - Downloaded https://repo.maven.apache.org/maven2/org/apache/cassandra/java-driver-bom/4.19.0/java-driver-bom-4.19.0.pom
2025-05-25 12:00:26,898 [Worker-12: Import Getting Started Content] INFO  o.e.m.c.i.e.AbstractTransferListenerAdapter - Downloading https://repo.maven.apache.org/maven2/org/infinispan/infinispan-bom/15.2.1.Final/infinispan-bom-15.2.1.Final.pom
2025-05-25 12:00:26,904 [Worker-12: Import Getting Started Content] INFO  o.e.m.c.i.e.AbstractTransferListenerAdapter - Downloaded https://repo.maven.apache.org/maven2/org/infinispan/infinispan-bom/15.2.1.Final/infinispan-bom-15.2.1.Final.pom
2025-05-25 12:00:26,925 [Worker-12: Import Getting Started Content] INFO  o.e.m.c.i.e.AbstractTransferListenerAdapter - Downloading https://repo.maven.apache.org/maven2/org/infinispan/infinispan-build-configuration-parent/15.2.1.Final/infinispan-build-configuration-parent-15.2.1.Final.pom
2025-05-25 12:00:26,930 [Worker-12: Import Getting Started Content] INFO  o.e.m.c.i.e.AbstractTransferListenerAdapter - Downloaded https://repo.maven.apache.org/maven2/org/infinispan/infinispan-build-configuration-parent/15.2.1.Final/infinispan-build-configuration-parent-15.2.1.Final.pom
2025-05-25 12:00:26,950 [Worker-12: Import Getting Started Content] INFO  o.e.m.c.i.e.AbstractTransferListenerAdapter - Downloading https://repo.maven.apache.org/maven2/com/fasterxml/jackson/jackson-bom/2.19.0/jackson-bom-2.19.0.pom
2025-05-25 12:00:26,956 [Worker-12: Import Getting Started Content] INFO  o.e.m.c.i.e.AbstractTransferListenerAdapter - Downloaded https://repo.maven.apache.org/maven2/com/fasterxml/jackson/jackson-bom/2.19.0/jackson-bom-2.19.0.pom
2025-05-25 12:00:26,977 [Worker-12: Import Getting Started Content] INFO  o.e.m.c.i.e.AbstractTransferListenerAdapter - Downloading https://repo.maven.apache.org/maven2/com/fasterxml/jackson/jackson-parent/2.19/jackson-parent-2.19.pom
2025-05-25 12:00:26,981 [Worker-12: Import Getting Started Content] INFO  o.e.m.c.i.e.AbstractTransferListenerAdapter - Downloaded https://repo.maven.apache.org/maven2/com/fasterxml/jackson/jackson-parent/2.19/jackson-parent-2.19.pom
2025-05-25 12:00:27,005 [Worker-12: Import Getting Started Content] INFO  o.e.m.c.i.e.AbstractTransferListenerAdapter - Downloading https://repo.maven.apache.org/maven2/com/fasterxml/oss-parent/65/oss-parent-65.pom
2025-05-25 12:00:27,013 [Worker-12: Import Getting Started Content] INFO  o.e.m.c.i.e.AbstractTransferListenerAdapter - Downloaded https://repo.maven.apache.org/maven2/com/fasterxml/oss-parent/65/oss-parent-65.pom
2025-05-25 12:00:27,053 [Worker-12: Import Getting Started Content] INFO  o.e.m.c.i.e.AbstractTransferListenerAdapter - Downloading https://repo.maven.apache.org/maven2/org/eclipse/jetty/ee10/jetty-ee10-bom/12.0.21/jetty-ee10-bom-12.0.21.pom
2025-05-25 12:00:27,059 [Worker-12: Import Getting Started Content] INFO  o.e.m.c.i.e.AbstractTransferListenerAdapter - Downloaded https://repo.maven.apache.org/maven2/org/eclipse/jetty/ee10/jetty-ee10-bom/12.0.21/jetty-ee10-bom-12.0.21.pom
2025-05-25 12:00:27,088 [Worker-12: Import Getting Started Content] INFO  o.e.m.c.i.e.AbstractTransferListenerAdapter - Downloading https://repo.maven.apache.org/maven2/org/eclipse/jetty/jetty-bom/12.0.21/jetty-bom-12.0.21.pom
2025-05-25 12:00:27,094 [Worker-12: Import Getting Started Content] INFO  o.e.m.c.i.e.AbstractTransferListenerAdapter - Downloaded https://repo.maven.apache.org/maven2/org/eclipse/jetty/jetty-bom/12.0.21/jetty-bom-12.0.21.pom
2025-05-25 12:00:27,126 [Worker-12: Import Getting Started Content] INFO  o.e.m.c.i.e.AbstractTransferListenerAdapter - Downloading https://repo.maven.apache.org/maven2/org/junit/junit-bom/5.12.2/junit-bom-5.12.2.pom
2025-05-25 12:00:27,131 [Worker-12: Import Getting Started Content] INFO  o.e.m.c.i.e.AbstractTransferListenerAdapter - Downloaded https://repo.maven.apache.org/maven2/org/junit/junit-bom/5.12.2/junit-bom-5.12.2.pom
2025-05-25 12:00:27,184 [Worker-12: Import Getting Started Content] INFO  o.e.m.c.i.e.AbstractTransferListenerAdapter - Downloading https://repo.maven.apache.org/maven2/io/micrometer/micrometer-bom/1.15.0/micrometer-bom-1.15.0.pom
2025-05-25 12:00:27,190 [Worker-12: Import Getting Started Content] INFO  o.e.m.c.i.e.AbstractTransferListenerAdapter - Downloaded https://repo.maven.apache.org/maven2/io/micrometer/micrometer-bom/1.15.0/micrometer-bom-1.15.0.pom
2025-05-25 12:00:27,212 [Worker-12: Import Getting Started Content] INFO  o.e.m.c.i.e.AbstractTransferListenerAdapter - Downloading https://repo.maven.apache.org/maven2/io/micrometer/micrometer-tracing-bom/1.5.0/micrometer-tracing-bom-1.5.0.pom
2025-05-25 12:00:27,216 [Worker-12: Import Getting Started Content] INFO  o.e.m.c.i.e.AbstractTransferListenerAdapter - Downloaded https://repo.maven.apache.org/maven2/io/micrometer/micrometer-tracing-bom/1.5.0/micrometer-tracing-bom-1.5.0.pom
2025-05-25 12:00:27,241 [Worker-12: Import Getting Started Content] INFO  o.e.m.c.i.e.AbstractTransferListenerAdapter - Downloading https://repo.maven.apache.org/maven2/org/mockito/mockito-bom/5.17.0/mockito-bom-5.17.0.pom
2025-05-25 12:00:27,246 [Worker-12: Import Getting Started Content] INFO  o.e.m.c.i.e.AbstractTransferListenerAdapter - Downloaded https://repo.maven.apache.org/maven2/org/mockito/mockito-bom/5.17.0/mockito-bom-5.17.0.pom
2025-05-25 12:00:27,273 [Worker-12: Import Getting Started Content] INFO  o.e.m.c.i.e.AbstractTransferListenerAdapter - Downloading https://repo.maven.apache.org/maven2/org/mongodb/mongodb-driver-bom/5.4.0/mongodb-driver-bom-5.4.0.pom
2025-05-25 12:00:27,277 [Worker-12: Import Getting Started Content] INFO  o.e.m.c.i.e.AbstractTransferListenerAdapter - Downloaded https://repo.maven.apache.org/maven2/org/mongodb/mongodb-driver-bom/5.4.0/mongodb-driver-bom-5.4.0.pom
2025-05-25 12:00:27,296 [Worker-12: Import Getting Started Content] INFO  o.e.m.c.i.e.AbstractTransferListenerAdapter - Downloading https://repo.maven.apache.org/maven2/io/netty/netty-bom/4.1.121.Final/netty-bom-4.1.121.Final.pom
2025-05-25 12:00:27,300 [Worker-12: Import Getting Started Content] INFO  o.e.m.c.i.e.AbstractTransferListenerAdapter - Downloaded https://repo.maven.apache.org/maven2/io/netty/netty-bom/4.1.121.Final/netty-bom-4.1.121.Final.pom
2025-05-25 12:00:27,327 [Worker-12: Import Getting Started Content] INFO  o.e.m.c.i.e.AbstractTransferListenerAdapter - Downloading https://repo.maven.apache.org/maven2/io/opentelemetry/opentelemetry-bom/1.49.0/opentelemetry-bom-1.49.0.pom
2025-05-25 12:00:27,332 [Worker-12: Import Getting Started Content] INFO  o.e.m.c.i.e.AbstractTransferListenerAdapter - Downloaded https://repo.maven.apache.org/maven2/io/opentelemetry/opentelemetry-bom/1.49.0/opentelemetry-bom-1.49.0.pom
2025-05-25 12:00:27,373 [Worker-12: Import Getting Started Content] INFO  o.e.m.c.i.e.AbstractTransferListenerAdapter - Downloading https://repo.maven.apache.org/maven2/org/apache/pulsar/pulsar-bom/4.0.4/pulsar-bom-4.0.4.pom
2025-05-25 12:00:27,381 [Worker-12: Import Getting Started Content] INFO  o.e.m.c.i.e.AbstractTransferListenerAdapter - Downloaded https://repo.maven.apache.org/maven2/org/apache/pulsar/pulsar-bom/4.0.4/pulsar-bom-4.0.4.pom
2025-05-25 12:00:27,418 [Worker-12: Import Getting Started Content] INFO  o.e.m.c.i.e.AbstractTransferListenerAdapter - Downloading https://repo.maven.apache.org/maven2/org/apache/pulsar/pulsar-client-reactive-bom/0.6.0/pulsar-client-reactive-bom-0.6.0.pom
2025-05-25 12:00:27,422 [Worker-12: Import Getting Started Content] INFO  o.e.m.c.i.e.AbstractTransferListenerAdapter - Downloaded https://repo.maven.apache.org/maven2/org/apache/pulsar/pulsar-client-reactive-bom/0.6.0/pulsar-client-reactive-bom-0.6.0.pom
2025-05-25 12:00:27,455 [Worker-12: Import Getting Started Content] INFO  o.e.m.c.i.e.AbstractTransferListenerAdapter - Downloading https://repo.maven.apache.org/maven2/io/projectreactor/reactor-bom/2024.0.6/reactor-bom-2024.0.6.pom
2025-05-25 12:00:27,463 [Worker-12: Import Getting Started Content] INFO  o.e.m.c.i.e.AbstractTransferListenerAdapter - Downloaded https://repo.maven.apache.org/maven2/io/projectreactor/reactor-bom/2024.0.6/reactor-bom-2024.0.6.pom
2025-05-25 12:00:27,492 [Worker-12: Import Getting Started Content] INFO  o.e.m.c.i.e.AbstractTransferListenerAdapter - Downloading https://repo.maven.apache.org/maven2/io/rest-assured/rest-assured-bom/5.5.2/rest-assured-bom-5.5.2.pom
2025-05-25 12:00:27,499 [Worker-12: Import Getting Started Content] INFO  o.e.m.c.i.e.AbstractTransferListenerAdapter - Downloaded https://repo.maven.apache.org/maven2/io/rest-assured/rest-assured-bom/5.5.2/rest-assured-bom-5.5.2.pom
2025-05-25 12:00:27,530 [Worker-12: Import Getting Started Content] INFO  o.e.m.c.i.e.AbstractTransferListenerAdapter - Downloading https://repo.maven.apache.org/maven2/org/seleniumhq/selenium/selenium-bom/4.31.0/selenium-bom-4.31.0.pom
2025-05-25 12:00:27,538 [Worker-12: Import Getting Started Content] INFO  o.e.m.c.i.e.AbstractTransferListenerAdapter - Downloaded https://repo.maven.apache.org/maven2/org/seleniumhq/selenium/selenium-bom/4.31.0/selenium-bom-4.31.0.pom
2025-05-25 12:00:27,583 [Worker-12: Import Getting Started Content] INFO  o.e.m.c.i.e.AbstractTransferListenerAdapter - Downloading https://repo.maven.apache.org/maven2/org/springframework/data/spring-data-bom/2025.0.0/spring-data-bom-2025.0.0.pom
2025-05-25 12:00:27,589 [Worker-12: Import Getting Started Content] INFO  o.e.m.c.i.e.AbstractTransferListenerAdapter - Downloaded https://repo.maven.apache.org/maven2/org/springframework/data/spring-data-bom/2025.0.0/spring-data-bom-2025.0.0.pom
2025-05-25 12:00:27,616 [Worker-12: Import Getting Started Content] INFO  o.e.m.c.i.e.AbstractTransferListenerAdapter - Downloading https://repo.maven.apache.org/maven2/org/springframework/spring-framework-bom/6.2.7/spring-framework-bom-6.2.7.pom
2025-05-25 12:00:27,621 [Worker-12: Import Getting Started Content] INFO  o.e.m.c.i.e.AbstractTransferListenerAdapter - Downloaded https://repo.maven.apache.org/maven2/org/springframework/spring-framework-bom/6.2.7/spring-framework-bom-6.2.7.pom
2025-05-25 12:00:27,653 [Worker-12: Import Getting Started Content] INFO  o.e.m.c.i.e.AbstractTransferListenerAdapter - Downloading https://repo.maven.apache.org/maven2/org/springframework/integration/spring-integration-bom/6.5.0/spring-integration-bom-6.5.0.pom
2025-05-25 12:00:27,659 [Worker-12: Import Getting Started Content] INFO  o.e.m.c.i.e.AbstractTransferListenerAdapter - Downloaded https://repo.maven.apache.org/maven2/org/springframework/integration/spring-integration-bom/6.5.0/spring-integration-bom-6.5.0.pom
2025-05-25 12:00:27,683 [Worker-12: Import Getting Started Content] INFO  o.e.m.c.i.e.AbstractTransferListenerAdapter - Downloading https://repo.maven.apache.org/maven2/org/springframework/pulsar/spring-pulsar-bom/1.2.6/spring-pulsar-bom-1.2.6.pom
2025-05-25 12:00:27,688 [Worker-12: Import Getting Started Content] INFO  o.e.m.c.i.e.AbstractTransferListenerAdapter - Downloaded https://repo.maven.apache.org/maven2/org/springframework/pulsar/spring-pulsar-bom/1.2.6/spring-pulsar-bom-1.2.6.pom
2025-05-25 12:00:27,720 [Worker-12: Import Getting Started Content] INFO  o.e.m.c.i.e.AbstractTransferListenerAdapter - Downloading https://repo.maven.apache.org/maven2/org/springframework/security/spring-security-bom/6.5.0/spring-security-bom-6.5.0.pom
2025-05-25 12:00:27,725 [Worker-12: Import Getting Started Content] INFO  o.e.m.c.i.e.AbstractTransferListenerAdapter - Downloaded https://repo.maven.apache.org/maven2/org/springframework/security/spring-security-bom/6.5.0/spring-security-bom-6.5.0.pom
2025-05-25 12:00:27,753 [Worker-12: Import Getting Started Content] INFO  o.e.m.c.i.e.AbstractTransferListenerAdapter - Downloading https://repo.maven.apache.org/maven2/org/springframework/session/spring-session-bom/3.5.0/spring-session-bom-3.5.0.pom
2025-05-25 12:00:27,758 [Worker-12: Import Getting Started Content] INFO  o.e.m.c.i.e.AbstractTransferListenerAdapter - Downloaded https://repo.maven.apache.org/maven2/org/springframework/session/spring-session-bom/3.5.0/spring-session-bom-3.5.0.pom
2025-05-25 12:00:27,780 [Worker-12: Import Getting Started Content] INFO  o.e.m.c.i.e.AbstractTransferListenerAdapter - Downloading https://repo.maven.apache.org/maven2/org/springframework/ws/spring-ws-bom/4.1.0/spring-ws-bom-4.1.0.pom
2025-05-25 12:00:27,784 [Worker-12: Import Getting Started Content] INFO  o.e.m.c.i.e.AbstractTransferListenerAdapter - Downloaded https://repo.maven.apache.org/maven2/org/springframework/ws/spring-ws-bom/4.1.0/spring-ws-bom-4.1.0.pom
2025-05-25 12:00:27,807 [Worker-12: Import Getting Started Content] INFO  o.e.m.c.i.e.AbstractTransferListenerAdapter - Downloading https://repo.maven.apache.org/maven2/org/testcontainers/testcontainers-bom/1.21.0/testcontainers-bom-1.21.0.pom
2025-05-25 12:00:27,812 [Worker-12: Import Getting Started Content] INFO  o.e.m.c.i.e.AbstractTransferListenerAdapter - Downloaded https://repo.maven.apache.org/maven2/org/testcontainers/testcontainers-bom/1.21.0/testcontainers-bom-1.21.0.pom
2025-05-25 12:00:28,832 [Worker-12: Import Getting Started Content] INFO  o.e.m.c.i.e.AbstractTransferListenerAdapter - Downloading https://repo.maven.apache.org/maven2/org/springframework/boot/spring-boot-maven-plugin/3.5.0/spring-boot-maven-plugin-3.5.0.pom
2025-05-25 12:00:28,839 [Worker-12: Import Getting Started Content] INFO  o.e.m.c.i.e.AbstractTransferListenerAdapter - Downloaded https://repo.maven.apache.org/maven2/org/springframework/boot/spring-boot-maven-plugin/3.5.0/spring-boot-maven-plugin-3.5.0.pom
2025-05-25 12:00:28,868 [Worker-12: Import Getting Started Content] INFO  o.e.m.c.i.e.AbstractTransferListenerAdapter - Downloading https://repo.maven.apache.org/maven2/org/springframework/boot/spring-boot-maven-plugin/3.5.0/spring-boot-maven-plugin-3.5.0.jar
2025-05-25 12:00:28,891 [Worker-12: Import Getting Started Content] INFO  o.e.m.c.i.e.AbstractTransferListenerAdapter - Downloaded https://repo.maven.apache.org/maven2/org/springframework/boot/spring-boot-maven-plugin/3.5.0/spring-boot-maven-plugin-3.5.0.jar
2025-05-25 12:00:29,216 [Worker-12: Import Getting Started Content] INFO  o.e.m.c.i.e.AbstractTransferListenerAdapter - Downloading https://repo.maven.apache.org/maven2/org/apache/maven/plugins/maven-compiler-plugin/3.14.0/maven-compiler-plugin-3.14.0.jar
2025-05-25 12:00:29,229 [Worker-12: Import Getting Started Content] INFO  o.e.m.c.i.e.AbstractTransferListenerAdapter - Downloaded https://repo.maven.apache.org/maven2/org/apache/maven/plugins/maven-compiler-plugin/3.14.0/maven-compiler-plugin-3.14.0.jar
2025-05-25 12:00:29,772 [Worker-12: Import Getting Started Content] INFO  o.e.m.c.i.e.AbstractTransferListenerAdapter - Downloading https://repo.maven.apache.org/maven2/org/apache/maven/plugins/maven-compiler-plugin/3.14.0/maven-compiler-plugin-3.14.0.pom
2025-05-25 12:00:29,778 [Worker-12: Import Getting Started Content] INFO  o.e.m.c.i.e.AbstractTransferListenerAdapter - Downloaded https://repo.maven.apache.org/maven2/org/apache/maven/plugins/maven-compiler-plugin/3.14.0/maven-compiler-plugin-3.14.0.pom
2025-05-25 12:00:31,196 [Worker-12: Import Getting Started Content] INFO  o.e.m.c.i.l.LifecycleMappingFactory - Using org.eclipse.m2e.jdt.JarLifecycleMapping lifecycle mapping for MavenProject: sagar.solution:Customer-Api:0.0.1-SNAPSHOT @ E:\Ecommerce project\Customer-Api\pom.xml.
2025-05-25 12:00:31,217 [Worker-12: Import Getting Started Content] INFO  o.e.m.c.i.e.AbstractTransferListenerAdapter - Downloading https://repo.maven.apache.org/maven2/org/springframework/boot/spring-boot-starter-data-jpa/3.5.0/spring-boot-starter-data-jpa-3.5.0.pom
2025-05-25 12:00:31,222 [Worker-12: Import Getting Started Content] INFO  o.e.m.c.i.e.AbstractTransferListenerAdapter - Downloaded https://repo.maven.apache.org/maven2/org/springframework/boot/spring-boot-starter-data-jpa/3.5.0/spring-boot-starter-data-jpa-3.5.0.pom
2025-05-25 12:00:31,248 [Worker-12: Import Getting Started Content] INFO  o.e.m.c.i.e.AbstractTransferListenerAdapter - Downloading https://repo.maven.apache.org/maven2/org/springframework/boot/spring-boot-starter/3.5.0/spring-boot-starter-3.5.0.pom
2025-05-25 12:00:31,253 [Worker-12: Import Getting Started Content] INFO  o.e.m.c.i.e.AbstractTransferListenerAdapter - Downloaded https://repo.maven.apache.org/maven2/org/springframework/boot/spring-boot-starter/3.5.0/spring-boot-starter-3.5.0.pom
2025-05-25 12:00:31,278 [Worker-12: Import Getting Started Content] INFO  o.e.m.c.i.e.AbstractTransferListenerAdapter - Downloading https://repo.maven.apache.org/maven2/org/springframework/boot/spring-boot/3.5.0/spring-boot-3.5.0.pom
2025-05-25 12:00:31,282 [Worker-12: Import Getting Started Content] INFO  o.e.m.c.i.e.AbstractTransferListenerAdapter - Downloaded https://repo.maven.apache.org/maven2/org/springframework/boot/spring-boot/3.5.0/spring-boot-3.5.0.pom
2025-05-25 12:00:31,305 [Worker-12: Import Getting Started Content] INFO  o.e.m.c.i.e.AbstractTransferListenerAdapter - Downloading https://repo.maven.apache.org/maven2/org/springframework/spring-core/6.2.7/spring-core-6.2.7.pom
2025-05-25 12:00:31,310 [Worker-12: Import Getting Started Content] INFO  o.e.m.c.i.e.AbstractTransferListenerAdapter - Downloaded https://repo.maven.apache.org/maven2/org/springframework/spring-core/6.2.7/spring-core-6.2.7.pom
2025-05-25 12:00:31,330 [Worker-12: Import Getting Started Content] INFO  o.e.m.c.i.e.AbstractTransferListenerAdapter - Downloading https://repo.maven.apache.org/maven2/org/springframework/spring-jcl/6.2.7/spring-jcl-6.2.7.pom
2025-05-25 12:00:31,334 [Worker-12: Import Getting Started Content] INFO  o.e.m.c.i.e.AbstractTransferListenerAdapter - Downloaded https://repo.maven.apache.org/maven2/org/springframework/spring-jcl/6.2.7/spring-jcl-6.2.7.pom
2025-05-25 12:00:31,353 [Worker-12: Import Getting Started Content] INFO  o.e.m.c.i.e.AbstractTransferListenerAdapter - Downloading https://repo.maven.apache.org/maven2/org/springframework/spring-context/6.2.7/spring-context-6.2.7.pom
2025-05-25 12:00:31,359 [Worker-12: Import Getting Started Content] INFO  o.e.m.c.i.e.AbstractTransferListenerAdapter - Downloaded https://repo.maven.apache.org/maven2/org/springframework/spring-context/6.2.7/spring-context-6.2.7.pom
2025-05-25 12:00:31,381 [Worker-12: Import Getting Started Content] INFO  o.e.m.c.i.e.AbstractTransferListenerAdapter - Downloading https://repo.maven.apache.org/maven2/org/springframework/spring-aop/6.2.7/spring-aop-6.2.7.pom
2025-05-25 12:00:31,385 [Worker-12: Import Getting Started Content] INFO  o.e.m.c.i.e.AbstractTransferListenerAdapter - Downloaded https://repo.maven.apache.org/maven2/org/springframework/spring-aop/6.2.7/spring-aop-6.2.7.pom
2025-05-25 12:00:31,408 [Worker-12: Import Getting Started Content] INFO  o.e.m.c.i.e.AbstractTransferListenerAdapter - Downloading https://repo.maven.apache.org/maven2/org/springframework/spring-beans/6.2.7/spring-beans-6.2.7.pom
2025-05-25 12:00:31,414 [Worker-12: Import Getting Started Content] INFO  o.e.m.c.i.e.AbstractTransferListenerAdapter - Downloaded https://repo.maven.apache.org/maven2/org/springframework/spring-beans/6.2.7/spring-beans-6.2.7.pom
2025-05-25 12:00:31,440 [Worker-12: Import Getting Started Content] INFO  o.e.m.c.i.e.AbstractTransferListenerAdapter - Downloading https://repo.maven.apache.org/maven2/org/springframework/spring-expression/6.2.7/spring-expression-6.2.7.pom
2025-05-25 12:00:31,444 [Worker-12: Import Getting Started Content] INFO  o.e.m.c.i.e.AbstractTransferListenerAdapter - Downloaded https://repo.maven.apache.org/maven2/org/springframework/spring-expression/6.2.7/spring-expression-6.2.7.pom
2025-05-25 12:00:31,467 [Worker-12: Import Getting Started Content] INFO  o.e.m.c.i.e.AbstractTransferListenerAdapter - Downloading https://repo.maven.apache.org/maven2/io/micrometer/micrometer-observation/1.15.0/micrometer-observation-1.15.0.pom
2025-05-25 12:00:31,474 [Worker-12: Import Getting Started Content] INFO  o.e.m.c.i.e.AbstractTransferListenerAdapter - Downloaded https://repo.maven.apache.org/maven2/io/micrometer/micrometer-observation/1.15.0/micrometer-observation-1.15.0.pom
2025-05-25 12:00:31,495 [Worker-12: Import Getting Started Content] INFO  o.e.m.c.i.e.AbstractTransferListenerAdapter - Downloading https://repo.maven.apache.org/maven2/io/micrometer/micrometer-commons/1.15.0/micrometer-commons-1.15.0.pom
2025-05-25 12:00:31,500 [Worker-12: Import Getting Started Content] INFO  o.e.m.c.i.e.AbstractTransferListenerAdapter - Downloaded https://repo.maven.apache.org/maven2/io/micrometer/micrometer-commons/1.15.0/micrometer-commons-1.15.0.pom
2025-05-25 12:00:31,528 [Worker-12: Import Getting Started Content] INFO  o.e.m.c.i.e.AbstractTransferListenerAdapter - Downloading https://repo.maven.apache.org/maven2/org/springframework/boot/spring-boot-autoconfigure/3.5.0/spring-boot-autoconfigure-3.5.0.pom
2025-05-25 12:00:31,534 [Worker-12: Import Getting Started Content] INFO  o.e.m.c.i.e.AbstractTransferListenerAdapter - Downloaded https://repo.maven.apache.org/maven2/org/springframework/boot/spring-boot-autoconfigure/3.5.0/spring-boot-autoconfigure-3.5.0.pom
2025-05-25 12:00:31,556 [Worker-12: Import Getting Started Content] INFO  o.e.m.c.i.e.AbstractTransferListenerAdapter - Downloading https://repo.maven.apache.org/maven2/org/springframework/boot/spring-boot-starter-logging/3.5.0/spring-boot-starter-logging-3.5.0.pom
2025-05-25 12:00:31,563 [Worker-12: Import Getting Started Content] INFO  o.e.m.c.i.e.AbstractTransferListenerAdapter - Downloaded https://repo.maven.apache.org/maven2/org/springframework/boot/spring-boot-starter-logging/3.5.0/spring-boot-starter-logging-3.5.0.pom
2025-05-25 12:00:31,674 [Worker-12: Import Getting Started Content] INFO  o.e.m.c.i.e.AbstractTransferListenerAdapter - Downloading https://repo.maven.apache.org/maven2/org/yaml/snakeyaml/2.4/snakeyaml-2.4.pom
2025-05-25 12:00:31,683 [Worker-12: Import Getting Started Content] INFO  o.e.m.c.i.e.AbstractTransferListenerAdapter - Downloaded https://repo.maven.apache.org/maven2/org/yaml/snakeyaml/2.4/snakeyaml-2.4.pom
2025-05-25 12:00:31,706 [Worker-12: Import Getting Started Content] INFO  o.e.m.c.i.e.AbstractTransferListenerAdapter - Downloading https://repo.maven.apache.org/maven2/org/springframework/boot/spring-boot-starter-jdbc/3.5.0/spring-boot-starter-jdbc-3.5.0.pom
2025-05-25 12:00:31,713 [Worker-12: Import Getting Started Content] INFO  o.e.m.c.i.e.AbstractTransferListenerAdapter - Downloaded https://repo.maven.apache.org/maven2/org/springframework/boot/spring-boot-starter-jdbc/3.5.0/spring-boot-starter-jdbc-3.5.0.pom
2025-05-25 12:00:31,740 [Worker-12: Import Getting Started Content] INFO  o.e.m.c.i.e.AbstractTransferListenerAdapter - Downloading https://repo.maven.apache.org/maven2/com/zaxxer/HikariCP/6.3.0/HikariCP-6.3.0.pom
2025-05-25 12:00:31,747 [Worker-12: Import Getting Started Content] INFO  o.e.m.c.i.e.AbstractTransferListenerAdapter - Downloaded https://repo.maven.apache.org/maven2/com/zaxxer/HikariCP/6.3.0/HikariCP-6.3.0.pom
2025-05-25 12:00:31,772 [Worker-12: Import Getting Started Content] INFO  o.e.m.c.i.e.AbstractTransferListenerAdapter - Downloading https://repo.maven.apache.org/maven2/org/springframework/spring-jdbc/6.2.7/spring-jdbc-6.2.7.pom
2025-05-25 12:00:31,776 [Worker-12: Import Getting Started Content] INFO  o.e.m.c.i.e.AbstractTransferListenerAdapter - Downloaded https://repo.maven.apache.org/maven2/org/springframework/spring-jdbc/6.2.7/spring-jdbc-6.2.7.pom
2025-05-25 12:00:31,803 [Worker-12: Import Getting Started Content] INFO  o.e.m.c.i.e.AbstractTransferListenerAdapter - Downloading https://repo.maven.apache.org/maven2/org/springframework/spring-tx/6.2.7/spring-tx-6.2.7.pom
2025-05-25 12:00:31,808 [Worker-12: Import Getting Started Content] INFO  o.e.m.c.i.e.AbstractTransferListenerAdapter - Downloaded https://repo.maven.apache.org/maven2/org/springframework/spring-tx/6.2.7/spring-tx-6.2.7.pom
2025-05-25 12:00:31,830 [Worker-12: Import Getting Started Content] INFO  o.e.m.c.i.e.AbstractTransferListenerAdapter - Downloading https://repo.maven.apache.org/maven2/org/hibernate/orm/hibernate-core/6.6.15.Final/hibernate-core-6.6.15.Final.pom
2025-05-25 12:00:31,834 [Worker-12: Import Getting Started Content] INFO  o.e.m.c.i.e.AbstractTransferListenerAdapter - Downloaded https://repo.maven.apache.org/maven2/org/hibernate/orm/hibernate-core/6.6.15.Final/hibernate-core-6.6.15.Final.pom
2025-05-25 12:00:31,904 [Worker-12: Import Getting Started Content] INFO  o.e.m.c.i.e.AbstractTransferListenerAdapter - Downloading https://repo.maven.apache.org/maven2/net/bytebuddy/byte-buddy/1.17.5/byte-buddy-1.17.5.pom
2025-05-25 12:00:31,911 [Worker-12: Import Getting Started Content] INFO  o.e.m.c.i.e.AbstractTransferListenerAdapter - Downloaded https://repo.maven.apache.org/maven2/net/bytebuddy/byte-buddy/1.17.5/byte-buddy-1.17.5.pom
2025-05-25 12:00:31,933 [Worker-12: Import Getting Started Content] INFO  o.e.m.c.i.e.AbstractTransferListenerAdapter - Downloading https://repo.maven.apache.org/maven2/net/bytebuddy/byte-buddy-parent/1.17.5/byte-buddy-parent-1.17.5.pom
2025-05-25 12:00:31,943 [Worker-12: Import Getting Started Content] INFO  o.e.m.c.i.e.AbstractTransferListenerAdapter - Downloaded https://repo.maven.apache.org/maven2/net/bytebuddy/byte-buddy-parent/1.17.5/byte-buddy-parent-1.17.5.pom
2025-05-25 12:00:32,034 [Worker-12: Import Getting Started Content] INFO  o.e.m.c.i.e.AbstractTransferListenerAdapter - Downloading https://repo.maven.apache.org/maven2/org/springframework/data/spring-data-jpa/3.5.0/spring-data-jpa-3.5.0.pom
2025-05-25 12:00:32,039 [Worker-12: Import Getting Started Content] INFO  o.e.m.c.i.e.AbstractTransferListenerAdapter - Downloaded https://repo.maven.apache.org/maven2/org/springframework/data/spring-data-jpa/3.5.0/spring-data-jpa-3.5.0.pom
2025-05-25 12:00:32,060 [Worker-12: Import Getting Started Content] INFO  o.e.m.c.i.e.AbstractTransferListenerAdapter - Downloading https://repo.maven.apache.org/maven2/org/springframework/data/spring-data-jpa-parent/3.5.0/spring-data-jpa-parent-3.5.0.pom
2025-05-25 12:00:32,065 [Worker-12: Import Getting Started Content] INFO  o.e.m.c.i.e.AbstractTransferListenerAdapter - Downloaded https://repo.maven.apache.org/maven2/org/springframework/data/spring-data-jpa-parent/3.5.0/spring-data-jpa-parent-3.5.0.pom
2025-05-25 12:00:32,087 [Worker-12: Import Getting Started Content] INFO  o.e.m.c.i.e.AbstractTransferListenerAdapter - Downloading https://repo.maven.apache.org/maven2/org/springframework/data/build/spring-data-parent/3.5.0/spring-data-parent-3.5.0.pom
2025-05-25 12:00:32,096 [Worker-12: Import Getting Started Content] INFO  o.e.m.c.i.e.AbstractTransferListenerAdapter - Downloaded https://repo.maven.apache.org/maven2/org/springframework/data/build/spring-data-parent/3.5.0/spring-data-parent-3.5.0.pom
2025-05-25 12:00:32,118 [Worker-12: Import Getting Started Content] INFO  o.e.m.c.i.e.AbstractTransferListenerAdapter - Downloading https://repo.maven.apache.org/maven2/org/springframework/data/build/spring-data-build/3.5.0/spring-data-build-3.5.0.pom
2025-05-25 12:00:32,123 [Worker-12: Import Getting Started Content] INFO  o.e.m.c.i.e.AbstractTransferListenerAdapter - Downloaded https://repo.maven.apache.org/maven2/org/springframework/data/build/spring-data-build/3.5.0/spring-data-build-3.5.0.pom
2025-05-25 12:00:32,160 [Worker-12: Import Getting Started Content] INFO  o.e.m.c.i.e.AbstractTransferListenerAdapter - Downloading https://repo.maven.apache.org/maven2/org/springframework/data/spring-data-commons/3.5.0/spring-data-commons-3.5.0.pom
2025-05-25 12:00:32,165 [Worker-12: Import Getting Started Content] INFO  o.e.m.c.i.e.AbstractTransferListenerAdapter - Downloaded https://repo.maven.apache.org/maven2/org/springframework/data/spring-data-commons/3.5.0/spring-data-commons-3.5.0.pom
2025-05-25 12:00:32,186 [Worker-12: Import Getting Started Content] INFO  o.e.m.c.i.e.AbstractTransferListenerAdapter - Downloading https://repo.maven.apache.org/maven2/org/springframework/spring-orm/6.2.7/spring-orm-6.2.7.pom
2025-05-25 12:00:32,190 [Worker-12: Import Getting Started Content] INFO  o.e.m.c.i.e.AbstractTransferListenerAdapter - Downloaded https://repo.maven.apache.org/maven2/org/springframework/spring-orm/6.2.7/spring-orm-6.2.7.pom
2025-05-25 12:00:32,211 [Worker-12: Import Getting Started Content] INFO  o.e.m.c.i.e.AbstractTransferListenerAdapter - Downloading https://repo.maven.apache.org/maven2/org/springframework/spring-aspects/6.2.7/spring-aspects-6.2.7.pom
2025-05-25 12:00:32,216 [Worker-12: Import Getting Started Content] INFO  o.e.m.c.i.e.AbstractTransferListenerAdapter - Downloaded https://repo.maven.apache.org/maven2/org/springframework/spring-aspects/6.2.7/spring-aspects-6.2.7.pom
2025-05-25 12:00:32,242 [Worker-12: Import Getting Started Content] INFO  o.e.m.c.i.e.AbstractTransferListenerAdapter - Downloading https://repo.maven.apache.org/maven2/org/springframework/boot/spring-boot-starter-web/3.5.0/spring-boot-starter-web-3.5.0.pom
2025-05-25 12:00:32,247 [Worker-12: Import Getting Started Content] INFO  o.e.m.c.i.e.AbstractTransferListenerAdapter - Downloaded https://repo.maven.apache.org/maven2/org/springframework/boot/spring-boot-starter-web/3.5.0/spring-boot-starter-web-3.5.0.pom
2025-05-25 12:00:32,269 [Worker-12: Import Getting Started Content] INFO  o.e.m.c.i.e.AbstractTransferListenerAdapter - Downloading https://repo.maven.apache.org/maven2/org/springframework/boot/spring-boot-starter-json/3.5.0/spring-boot-starter-json-3.5.0.pom
2025-05-25 12:00:32,275 [Worker-12: Import Getting Started Content] INFO  o.e.m.c.i.e.AbstractTransferListenerAdapter - Downloaded https://repo.maven.apache.org/maven2/org/springframework/boot/spring-boot-starter-json/3.5.0/spring-boot-starter-json-3.5.0.pom
2025-05-25 12:00:32,293 [Worker-12: Import Getting Started Content] INFO  o.e.m.c.i.e.AbstractTransferListenerAdapter - Downloading https://repo.maven.apache.org/maven2/org/springframework/spring-web/6.2.7/spring-web-6.2.7.pom
2025-05-25 12:00:32,297 [Worker-12: Import Getting Started Content] INFO  o.e.m.c.i.e.AbstractTransferListenerAdapter - Downloaded https://repo.maven.apache.org/maven2/org/springframework/spring-web/6.2.7/spring-web-6.2.7.pom
2025-05-25 12:00:32,320 [Worker-12: Import Getting Started Content] INFO  o.e.m.c.i.e.AbstractTransferListenerAdapter - Downloading https://repo.maven.apache.org/maven2/com/fasterxml/jackson/core/jackson-databind/2.19.0/jackson-databind-2.19.0.pom
2025-05-25 12:00:32,327 [Worker-12: Import Getting Started Content] INFO  o.e.m.c.i.e.AbstractTransferListenerAdapter - Downloaded https://repo.maven.apache.org/maven2/com/fasterxml/jackson/core/jackson-databind/2.19.0/jackson-databind-2.19.0.pom
2025-05-25 12:00:32,346 [Worker-12: Import Getting Started Content] INFO  o.e.m.c.i.e.AbstractTransferListenerAdapter - Downloading https://repo.maven.apache.org/maven2/com/fasterxml/jackson/jackson-base/2.19.0/jackson-base-2.19.0.pom
2025-05-25 12:00:32,350 [Worker-12: Import Getting Started Content] INFO  o.e.m.c.i.e.AbstractTransferListenerAdapter - Downloaded https://repo.maven.apache.org/maven2/com/fasterxml/jackson/jackson-base/2.19.0/jackson-base-2.19.0.pom
2025-05-25 12:00:32,372 [Worker-12: Import Getting Started Content] INFO  o.e.m.c.i.e.AbstractTransferListenerAdapter - Downloading https://repo.maven.apache.org/maven2/com/fasterxml/jackson/core/jackson-annotations/2.19.0/jackson-annotations-2.19.0.pom
2025-05-25 12:00:32,379 [Worker-12: Import Getting Started Content] INFO  o.e.m.c.i.e.AbstractTransferListenerAdapter - Downloaded https://repo.maven.apache.org/maven2/com/fasterxml/jackson/core/jackson-annotations/2.19.0/jackson-annotations-2.19.0.pom
2025-05-25 12:00:32,400 [Worker-12: Import Getting Started Content] INFO  o.e.m.c.i.e.AbstractTransferListenerAdapter - Downloading https://repo.maven.apache.org/maven2/com/fasterxml/jackson/core/jackson-core/2.19.0/jackson-core-2.19.0.pom
2025-05-25 12:00:32,406 [Worker-12: Import Getting Started Content] INFO  o.e.m.c.i.e.AbstractTransferListenerAdapter - Downloaded https://repo.maven.apache.org/maven2/com/fasterxml/jackson/core/jackson-core/2.19.0/jackson-core-2.19.0.pom
2025-05-25 12:00:32,430 [Worker-12: Import Getting Started Content] INFO  o.e.m.c.i.e.AbstractTransferListenerAdapter - Downloading https://repo.maven.apache.org/maven2/com/fasterxml/jackson/datatype/jackson-datatype-jdk8/2.19.0/jackson-datatype-jdk8-2.19.0.pom
2025-05-25 12:00:32,434 [Worker-12: Import Getting Started Content] INFO  o.e.m.c.i.e.AbstractTransferListenerAdapter - Downloaded https://repo.maven.apache.org/maven2/com/fasterxml/jackson/datatype/jackson-datatype-jdk8/2.19.0/jackson-datatype-jdk8-2.19.0.pom
2025-05-25 12:00:32,459 [Worker-12: Import Getting Started Content] INFO  o.e.m.c.i.e.AbstractTransferListenerAdapter - Downloading https://repo.maven.apache.org/maven2/com/fasterxml/jackson/module/jackson-modules-java8/2.19.0/jackson-modules-java8-2.19.0.pom
2025-05-25 12:00:32,465 [Worker-12: Import Getting Started Content] INFO  o.e.m.c.i.e.AbstractTransferListenerAdapter - Downloaded https://repo.maven.apache.org/maven2/com/fasterxml/jackson/module/jackson-modules-java8/2.19.0/jackson-modules-java8-2.19.0.pom
2025-05-25 12:00:32,492 [Worker-12: Import Getting Started Content] INFO  o.e.m.c.i.e.AbstractTransferListenerAdapter - Downloading https://repo.maven.apache.org/maven2/com/fasterxml/jackson/datatype/jackson-datatype-jsr310/2.19.0/jackson-datatype-jsr310-2.19.0.pom
2025-05-25 12:00:32,502 [Worker-12: Import Getting Started Content] INFO  o.e.m.c.i.e.AbstractTransferListenerAdapter - Downloaded https://repo.maven.apache.org/maven2/com/fasterxml/jackson/datatype/jackson-datatype-jsr310/2.19.0/jackson-datatype-jsr310-2.19.0.pom
2025-05-25 12:00:32,522 [Worker-12: Import Getting Started Content] INFO  o.e.m.c.i.e.AbstractTransferListenerAdapter - Downloading https://repo.maven.apache.org/maven2/com/fasterxml/jackson/module/jackson-module-parameter-names/2.19.0/jackson-module-parameter-names-2.19.0.pom
2025-05-25 12:00:32,528 [Worker-12: Import Getting Started Content] INFO  o.e.m.c.i.e.AbstractTransferListenerAdapter - Downloaded https://repo.maven.apache.org/maven2/com/fasterxml/jackson/module/jackson-module-parameter-names/2.19.0/jackson-module-parameter-names-2.19.0.pom
2025-05-25 12:00:32,552 [Worker-12: Import Getting Started Content] INFO  o.e.m.c.i.e.AbstractTransferListenerAdapter - Downloading https://repo.maven.apache.org/maven2/org/springframework/boot/spring-boot-starter-tomcat/3.5.0/spring-boot-starter-tomcat-3.5.0.pom
2025-05-25 12:00:32,558 [Worker-12: Import Getting Started Content] INFO  o.e.m.c.i.e.AbstractTransferListenerAdapter - Downloaded https://repo.maven.apache.org/maven2/org/springframework/boot/spring-boot-starter-tomcat/3.5.0/spring-boot-starter-tomcat-3.5.0.pom
2025-05-25 12:00:32,578 [Worker-12: Import Getting Started Content] INFO  o.e.m.c.i.e.AbstractTransferListenerAdapter - Downloading https://repo.maven.apache.org/maven2/org/apache/tomcat/embed/tomcat-embed-core/10.1.41/tomcat-embed-core-10.1.41.pom
2025-05-25 12:00:32,583 [Worker-12: Import Getting Started Content] INFO  o.e.m.c.i.e.AbstractTransferListenerAdapter - Downloaded https://repo.maven.apache.org/maven2/org/apache/tomcat/embed/tomcat-embed-core/10.1.41/tomcat-embed-core-10.1.41.pom
2025-05-25 12:00:32,604 [Worker-12: Import Getting Started Content] INFO  o.e.m.c.i.e.AbstractTransferListenerAdapter - Downloading https://repo.maven.apache.org/maven2/org/apache/tomcat/embed/tomcat-embed-el/10.1.41/tomcat-embed-el-10.1.41.pom
2025-05-25 12:00:32,609 [Worker-12: Import Getting Started Content] INFO  o.e.m.c.i.e.AbstractTransferListenerAdapter - Downloaded https://repo.maven.apache.org/maven2/org/apache/tomcat/embed/tomcat-embed-el/10.1.41/tomcat-embed-el-10.1.41.pom
2025-05-25 12:00:32,629 [Worker-12: Import Getting Started Content] INFO  o.e.m.c.i.e.AbstractTransferListenerAdapter - Downloading https://repo.maven.apache.org/maven2/org/apache/tomcat/embed/tomcat-embed-websocket/10.1.41/tomcat-embed-websocket-10.1.41.pom
2025-05-25 12:00:32,633 [Worker-12: Import Getting Started Content] INFO  o.e.m.c.i.e.AbstractTransferListenerAdapter - Downloaded https://repo.maven.apache.org/maven2/org/apache/tomcat/embed/tomcat-embed-websocket/10.1.41/tomcat-embed-websocket-10.1.41.pom
2025-05-25 12:00:32,655 [Worker-12: Import Getting Started Content] INFO  o.e.m.c.i.e.AbstractTransferListenerAdapter - Downloading https://repo.maven.apache.org/maven2/org/springframework/spring-webmvc/6.2.7/spring-webmvc-6.2.7.pom
2025-05-25 12:00:32,660 [Worker-12: Import Getting Started Content] INFO  o.e.m.c.i.e.AbstractTransferListenerAdapter - Downloaded https://repo.maven.apache.org/maven2/org/springframework/spring-webmvc/6.2.7/spring-webmvc-6.2.7.pom
2025-05-25 12:00:32,683 [Worker-12: Import Getting Started Content] INFO  o.e.m.c.i.e.AbstractTransferListenerAdapter - Downloading https://repo.maven.apache.org/maven2/org/springframework/boot/spring-boot-devtools/3.5.0/spring-boot-devtools-3.5.0.pom
2025-05-25 12:00:32,688 [Worker-12: Import Getting Started Content] INFO  o.e.m.c.i.e.AbstractTransferListenerAdapter - Downloaded https://repo.maven.apache.org/maven2/org/springframework/boot/spring-boot-devtools/3.5.0/spring-boot-devtools-3.5.0.pom
2025-05-25 12:00:32,712 [Worker-12: Import Getting Started Content] INFO  o.e.m.c.i.e.AbstractTransferListenerAdapter - Downloading https://repo.maven.apache.org/maven2/com/mysql/mysql-connector-j/9.2.0/mysql-connector-j-9.2.0.pom
2025-05-25 12:00:32,717 [Worker-12: Import Getting Started Content] INFO  o.e.m.c.i.e.AbstractTransferListenerAdapter - Downloaded https://repo.maven.apache.org/maven2/com/mysql/mysql-connector-j/9.2.0/mysql-connector-j-9.2.0.pom
2025-05-25 12:00:32,741 [Worker-12: Import Getting Started Content] INFO  o.e.m.c.i.e.AbstractTransferListenerAdapter - Downloading https://repo.maven.apache.org/maven2/org/springframework/boot/spring-boot-starter-test/3.5.0/spring-boot-starter-test-3.5.0.pom
2025-05-25 12:00:32,746 [Worker-12: Import Getting Started Content] INFO  o.e.m.c.i.e.AbstractTransferListenerAdapter - Downloaded https://repo.maven.apache.org/maven2/org/springframework/boot/spring-boot-starter-test/3.5.0/spring-boot-starter-test-3.5.0.pom
2025-05-25 12:00:32,768 [Worker-12: Import Getting Started Content] INFO  o.e.m.c.i.e.AbstractTransferListenerAdapter - Downloading https://repo.maven.apache.org/maven2/org/springframework/boot/spring-boot-test/3.5.0/spring-boot-test-3.5.0.pom
2025-05-25 12:00:32,773 [Worker-12: Import Getting Started Content] INFO  o.e.m.c.i.e.AbstractTransferListenerAdapter - Downloaded https://repo.maven.apache.org/maven2/org/springframework/boot/spring-boot-test/3.5.0/spring-boot-test-3.5.0.pom
2025-05-25 12:00:32,796 [Worker-12: Import Getting Started Content] INFO  o.e.m.c.i.e.AbstractTransferListenerAdapter - Downloading https://repo.maven.apache.org/maven2/org/springframework/spring-test/6.2.7/spring-test-6.2.7.pom
2025-05-25 12:00:32,802 [Worker-12: Import Getting Started Content] INFO  o.e.m.c.i.e.AbstractTransferListenerAdapter - Downloaded https://repo.maven.apache.org/maven2/org/springframework/spring-test/6.2.7/spring-test-6.2.7.pom
2025-05-25 12:00:32,820 [Worker-12: Import Getting Started Content] INFO  o.e.m.c.i.e.AbstractTransferListenerAdapter - Downloading https://repo.maven.apache.org/maven2/org/springframework/boot/spring-boot-test-autoconfigure/3.5.0/spring-boot-test-autoconfigure-3.5.0.pom
2025-05-25 12:00:32,825 [Worker-12: Import Getting Started Content] INFO  o.e.m.c.i.e.AbstractTransferListenerAdapter - Downloaded https://repo.maven.apache.org/maven2/org/springframework/boot/spring-boot-test-autoconfigure/3.5.0/spring-boot-test-autoconfigure-3.5.0.pom
2025-05-25 12:00:32,855 [Worker-12: Import Getting Started Content] INFO  o.e.m.c.i.e.AbstractTransferListenerAdapter - Downloading https://repo.maven.apache.org/maven2/org/assertj/assertj-core/3.27.3/assertj-core-3.27.3.pom
2025-05-25 12:00:32,859 [Worker-12: Import Getting Started Content] INFO  o.e.m.c.i.e.AbstractTransferListenerAdapter - Downloaded https://repo.maven.apache.org/maven2/org/assertj/assertj-core/3.27.3/assertj-core-3.27.3.pom
2025-05-25 12:00:32,886 [Worker-12: Import Getting Started Content] INFO  o.e.m.c.i.e.AbstractTransferListenerAdapter - Downloading https://repo.maven.apache.org/maven2/org/awaitility/awaitility/4.3.0/awaitility-4.3.0.pom
2025-05-25 12:00:32,891 [Worker-12: Import Getting Started Content] INFO  o.e.m.c.i.e.AbstractTransferListenerAdapter - Downloaded https://repo.maven.apache.org/maven2/org/awaitility/awaitility/4.3.0/awaitility-4.3.0.pom
2025-05-25 12:00:32,911 [Worker-12: Import Getting Started Content] INFO  o.e.m.c.i.e.AbstractTransferListenerAdapter - Downloading https://repo.maven.apache.org/maven2/org/awaitility/awaitility-parent/4.3.0/awaitility-parent-4.3.0.pom
2025-05-25 12:00:32,916 [Worker-12: Import Getting Started Content] INFO  o.e.m.c.i.e.AbstractTransferListenerAdapter - Downloaded https://repo.maven.apache.org/maven2/org/awaitility/awaitility-parent/4.3.0/awaitility-parent-4.3.0.pom
2025-05-25 12:00:32,980 [Worker-12: Import Getting Started Content] INFO  o.e.m.c.i.e.AbstractTransferListenerAdapter - Downloading https://repo.maven.apache.org/maven2/org/hamcrest/hamcrest/3.0/hamcrest-3.0.pom
2025-05-25 12:00:32,986 [Worker-12: Import Getting Started Content] INFO  o.e.m.c.i.e.AbstractTransferListenerAdapter - Downloaded https://repo.maven.apache.org/maven2/org/hamcrest/hamcrest/3.0/hamcrest-3.0.pom
2025-05-25 12:00:33,007 [Worker-12: Import Getting Started Content] INFO  o.e.m.c.i.e.AbstractTransferListenerAdapter - Downloading https://repo.maven.apache.org/maven2/org/junit/jupiter/junit-jupiter/5.12.2/junit-jupiter-5.12.2.pom
2025-05-25 12:00:33,012 [Worker-12: Import Getting Started Content] INFO  o.e.m.c.i.e.AbstractTransferListenerAdapter - Downloaded https://repo.maven.apache.org/maven2/org/junit/jupiter/junit-jupiter/5.12.2/junit-jupiter-5.12.2.pom
2025-05-25 12:00:33,033 [Worker-12: Import Getting Started Content] INFO  o.e.m.c.i.e.AbstractTransferListenerAdapter - Downloading https://repo.maven.apache.org/maven2/org/junit/jupiter/junit-jupiter-api/5.12.2/junit-jupiter-api-5.12.2.pom
2025-05-25 12:00:33,039 [Worker-12: Import Getting Started Content] INFO  o.e.m.c.i.e.AbstractTransferListenerAdapter - Downloaded https://repo.maven.apache.org/maven2/org/junit/jupiter/junit-jupiter-api/5.12.2/junit-jupiter-api-5.12.2.pom
2025-05-25 12:00:33,061 [Worker-12: Import Getting Started Content] INFO  o.e.m.c.i.e.AbstractTransferListenerAdapter - Downloading https://repo.maven.apache.org/maven2/org/junit/platform/junit-platform-commons/1.12.2/junit-platform-commons-1.12.2.pom
2025-05-25 12:00:33,068 [Worker-12: Import Getting Started Content] INFO  o.e.m.c.i.e.AbstractTransferListenerAdapter - Downloaded https://repo.maven.apache.org/maven2/org/junit/platform/junit-platform-commons/1.12.2/junit-platform-commons-1.12.2.pom
2025-05-25 12:00:33,088 [Worker-12: Import Getting Started Content] INFO  o.e.m.c.i.e.AbstractTransferListenerAdapter - Downloading https://repo.maven.apache.org/maven2/org/junit/jupiter/junit-jupiter-params/5.12.2/junit-jupiter-params-5.12.2.pom
2025-05-25 12:00:33,092 [Worker-12: Import Getting Started Content] INFO  o.e.m.c.i.e.AbstractTransferListenerAdapter - Downloaded https://repo.maven.apache.org/maven2/org/junit/jupiter/junit-jupiter-params/5.12.2/junit-jupiter-params-5.12.2.pom
2025-05-25 12:00:33,116 [Worker-12: Import Getting Started Content] INFO  o.e.m.c.i.e.AbstractTransferListenerAdapter - Downloading https://repo.maven.apache.org/maven2/org/junit/jupiter/junit-jupiter-engine/5.12.2/junit-jupiter-engine-5.12.2.pom
2025-05-25 12:00:33,121 [Worker-12: Import Getting Started Content] INFO  o.e.m.c.i.e.AbstractTransferListenerAdapter - Downloaded https://repo.maven.apache.org/maven2/org/junit/jupiter/junit-jupiter-engine/5.12.2/junit-jupiter-engine-5.12.2.pom
2025-05-25 12:00:33,143 [Worker-12: Import Getting Started Content] INFO  o.e.m.c.i.e.AbstractTransferListenerAdapter - Downloading https://repo.maven.apache.org/maven2/org/junit/platform/junit-platform-engine/1.12.2/junit-platform-engine-1.12.2.pom
2025-05-25 12:00:33,148 [Worker-12: Import Getting Started Content] INFO  o.e.m.c.i.e.AbstractTransferListenerAdapter - Downloaded https://repo.maven.apache.org/maven2/org/junit/platform/junit-platform-engine/1.12.2/junit-platform-engine-1.12.2.pom
2025-05-25 12:00:33,170 [Worker-12: Import Getting Started Content] INFO  o.e.m.c.i.e.AbstractTransferListenerAdapter - Downloading https://repo.maven.apache.org/maven2/org/mockito/mockito-core/5.17.0/mockito-core-5.17.0.pom
2025-05-25 12:00:33,175 [Worker-12: Import Getting Started Content] INFO  o.e.m.c.i.e.AbstractTransferListenerAdapter - Downloaded https://repo.maven.apache.org/maven2/org/mockito/mockito-core/5.17.0/mockito-core-5.17.0.pom
2025-05-25 12:00:33,196 [Worker-12: Import Getting Started Content] INFO  o.e.m.c.i.e.AbstractTransferListenerAdapter - Downloading https://repo.maven.apache.org/maven2/net/bytebuddy/byte-buddy-agent/1.17.5/byte-buddy-agent-1.17.5.pom
2025-05-25 12:00:33,203 [Worker-12: Import Getting Started Content] INFO  o.e.m.c.i.e.AbstractTransferListenerAdapter - Downloaded https://repo.maven.apache.org/maven2/net/bytebuddy/byte-buddy-agent/1.17.5/byte-buddy-agent-1.17.5.pom
2025-05-25 12:00:33,228 [Worker-12: Import Getting Started Content] INFO  o.e.m.c.i.e.AbstractTransferListenerAdapter - Downloading https://repo.maven.apache.org/maven2/org/mockito/mockito-junit-jupiter/5.17.0/mockito-junit-jupiter-5.17.0.pom
2025-05-25 12:00:33,233 [Worker-12: Import Getting Started Content] INFO  o.e.m.c.i.e.AbstractTransferListenerAdapter - Downloaded https://repo.maven.apache.org/maven2/org/mockito/mockito-junit-jupiter/5.17.0/mockito-junit-jupiter-5.17.0.pom
2025-05-25 12:00:33,266 [Worker-12: Import Getting Started Content] INFO  o.e.m.c.i.e.AbstractTransferListenerAdapter - Downloading https://repo.maven.apache.org/maven2/org/xmlunit/xmlunit-core/2.10.1/xmlunit-core-2.10.1.pom
2025-05-25 12:00:33,272 [Worker-12: Import Getting Started Content] INFO  o.e.m.c.i.e.AbstractTransferListenerAdapter - Downloaded https://repo.maven.apache.org/maven2/org/xmlunit/xmlunit-core/2.10.1/xmlunit-core-2.10.1.pom
2025-05-25 12:00:33,293 [Worker-12: Import Getting Started Content] INFO  o.e.m.c.i.e.AbstractTransferListenerAdapter - Downloading https://repo.maven.apache.org/maven2/org/xmlunit/xmlunit-parent/2.10.1/xmlunit-parent-2.10.1.pom
2025-05-25 12:00:33,298 [Worker-12: Import Getting Started Content] INFO  o.e.m.c.i.e.AbstractTransferListenerAdapter - Downloaded https://repo.maven.apache.org/maven2/org/xmlunit/xmlunit-parent/2.10.1/xmlunit-parent-2.10.1.pom
2025-05-25 12:00:33,389 [Worker-12: Import Getting Started Content] INFO  o.e.m.c.i.e.AbstractTransferListenerAdapter - Downloading https://repo.maven.apache.org/maven2/org/springframework/boot/spring-boot-starter-data-jpa/3.5.0/spring-boot-starter-data-jpa-3.5.0.jar
2025-05-25 12:00:33,394 [Worker-12: Import Getting Started Content] INFO  o.e.m.c.i.e.AbstractTransferListenerAdapter - Downloaded https://repo.maven.apache.org/maven2/org/springframework/boot/spring-boot-starter-data-jpa/3.5.0/spring-boot-starter-data-jpa-3.5.0.jar
2025-05-25 12:00:33,403 [BasicRepositoryConnector-repo.maven.apache.org-0-2] INFO  o.e.m.c.i.e.AbstractTransferListenerAdapter - Downloading https://repo.maven.apache.org/maven2/org/yaml/snakeyaml/2.4/snakeyaml-2.4.jar
2025-05-25 12:00:33,426 [BasicRepositoryConnector-repo.maven.apache.org-0-4] INFO  o.e.m.c.i.e.AbstractTransferListenerAdapter - Downloading https://repo.maven.apache.org/maven2/com/zaxxer/HikariCP/6.3.0/HikariCP-6.3.0.jar
2025-05-25 12:00:33,426 [BasicRepositoryConnector-repo.maven.apache.org-0-0] INFO  o.e.m.c.i.e.AbstractTransferListenerAdapter - Downloading https://repo.maven.apache.org/maven2/org/springframework/boot/spring-boot-starter/3.5.0/spring-boot-starter-3.5.0.jar
2025-05-25 12:00:33,431 [BasicRepositoryConnector-repo.maven.apache.org-0-0] INFO  o.e.m.c.i.e.AbstractTransferListenerAdapter - Downloaded https://repo.maven.apache.org/maven2/org/springframework/boot/spring-boot-starter/3.5.0/spring-boot-starter-3.5.0.jar
2025-05-25 12:00:33,438 [BasicRepositoryConnector-repo.maven.apache.org-0-3] INFO  o.e.m.c.i.e.AbstractTransferListenerAdapter - Downloading https://repo.maven.apache.org/maven2/org/springframework/boot/spring-boot-starter-jdbc/3.5.0/spring-boot-starter-jdbc-3.5.0.jar
2025-05-25 12:00:33,441 [BasicRepositoryConnector-repo.maven.apache.org-0-1] INFO  o.e.m.c.i.e.AbstractTransferListenerAdapter - Downloading https://repo.maven.apache.org/maven2/org/springframework/boot/spring-boot-starter-logging/3.5.0/spring-boot-starter-logging-3.5.0.jar
2025-05-25 12:00:33,445 [BasicRepositoryConnector-repo.maven.apache.org-0-3] INFO  o.e.m.c.i.e.AbstractTransferListenerAdapter - Downloaded https://repo.maven.apache.org/maven2/org/springframework/boot/spring-boot-starter-jdbc/3.5.0/spring-boot-starter-jdbc-3.5.0.jar
2025-05-25 12:00:33,445 [BasicRepositoryConnector-repo.maven.apache.org-0-0] INFO  o.e.m.c.i.e.AbstractTransferListenerAdapter - Downloading https://repo.maven.apache.org/maven2/org/springframework/spring-jdbc/6.2.7/spring-jdbc-6.2.7.jar
2025-05-25 12:00:33,447 [BasicRepositoryConnector-repo.maven.apache.org-0-1] INFO  o.e.m.c.i.e.AbstractTransferListenerAdapter - Downloaded https://repo.maven.apache.org/maven2/org/springframework/boot/spring-boot-starter-logging/3.5.0/spring-boot-starter-logging-3.5.0.jar
2025-05-25 12:00:33,467 [BasicRepositoryConnector-repo.maven.apache.org-0-1] INFO  o.e.m.c.i.e.AbstractTransferListenerAdapter - Downloading https://repo.maven.apache.org/maven2/net/bytebuddy/byte-buddy/1.17.5/byte-buddy-1.17.5.jar
2025-05-25 12:00:33,472 [BasicRepositoryConnector-repo.maven.apache.org-0-2] INFO  o.e.m.c.i.e.AbstractTransferListenerAdapter - Downloaded https://repo.maven.apache.org/maven2/org/yaml/snakeyaml/2.4/snakeyaml-2.4.jar
2025-05-25 12:00:33,481 [BasicRepositoryConnector-repo.maven.apache.org-0-3] INFO  o.e.m.c.i.e.AbstractTransferListenerAdapter - Downloading https://repo.maven.apache.org/maven2/org/hibernate/orm/hibernate-core/6.6.15.Final/hibernate-core-6.6.15.Final.jar
2025-05-25 12:00:33,489 [BasicRepositoryConnector-repo.maven.apache.org-0-2] INFO  o.e.m.c.i.e.AbstractTransferListenerAdapter - Downloading https://repo.maven.apache.org/maven2/org/springframework/data/spring-data-jpa/3.5.0/spring-data-jpa-3.5.0.jar
2025-05-25 12:00:33,571 [BasicRepositoryConnector-repo.maven.apache.org-0-0] INFO  o.e.m.c.i.e.AbstractTransferListenerAdapter - Downloaded https://repo.maven.apache.org/maven2/org/springframework/spring-jdbc/6.2.7/spring-jdbc-6.2.7.jar
2025-05-25 12:00:33,590 [BasicRepositoryConnector-repo.maven.apache.org-0-0] INFO  o.e.m.c.i.e.AbstractTransferListenerAdapter - Downloading https://repo.maven.apache.org/maven2/org/springframework/data/spring-data-commons/3.5.0/spring-data-commons-3.5.0.jar
2025-05-25 12:00:33,728 [BasicRepositoryConnector-repo.maven.apache.org-0-4] INFO  o.e.m.c.i.e.AbstractTransferListenerAdapter - Downloaded https://repo.maven.apache.org/maven2/com/zaxxer/HikariCP/6.3.0/HikariCP-6.3.0.jar
2025-05-25 12:00:33,736 [BasicRepositoryConnector-repo.maven.apache.org-0-4] INFO  o.e.m.c.i.e.AbstractTransferListenerAdapter - Downloading https://repo.maven.apache.org/maven2/org/springframework/spring-orm/6.2.7/spring-orm-6.2.7.jar
2025-05-25 12:00:33,893 [BasicRepositoryConnector-repo.maven.apache.org-0-4] INFO  o.e.m.c.i.e.AbstractTransferListenerAdapter - Downloaded https://repo.maven.apache.org/maven2/org/springframework/spring-orm/6.2.7/spring-orm-6.2.7.jar
2025-05-25 12:00:33,903 [BasicRepositoryConnector-repo.maven.apache.org-0-4] INFO  o.e.m.c.i.e.AbstractTransferListenerAdapter - Downloading https://repo.maven.apache.org/maven2/org/springframework/spring-context/6.2.7/spring-context-6.2.7.jar
2025-05-25 12:00:34,203 [BasicRepositoryConnector-repo.maven.apache.org-0-0] INFO  o.e.m.c.i.e.AbstractTransferListenerAdapter - Downloaded https://repo.maven.apache.org/maven2/org/springframework/data/spring-data-commons/3.5.0/spring-data-commons-3.5.0.jar
2025-05-25 12:00:34,214 [BasicRepositoryConnector-repo.maven.apache.org-0-0] INFO  o.e.m.c.i.e.AbstractTransferListenerAdapter - Downloading https://repo.maven.apache.org/maven2/org/springframework/spring-aop/6.2.7/spring-aop-6.2.7.jar
2025-05-25 12:00:34,362 [BasicRepositoryConnector-repo.maven.apache.org-0-2] INFO  o.e.m.c.i.e.AbstractTransferListenerAdapter - Downloaded https://repo.maven.apache.org/maven2/org/springframework/data/spring-data-jpa/3.5.0/spring-data-jpa-3.5.0.jar
2025-05-25 12:00:34,378 [BasicRepositoryConnector-repo.maven.apache.org-0-2] INFO  o.e.m.c.i.e.AbstractTransferListenerAdapter - Downloading https://repo.maven.apache.org/maven2/org/springframework/spring-tx/6.2.7/spring-tx-6.2.7.jar
2025-05-25 12:00:34,417 [BasicRepositoryConnector-repo.maven.apache.org-0-0] INFO  o.e.m.c.i.e.AbstractTransferListenerAdapter - Downloaded https://repo.maven.apache.org/maven2/org/springframework/spring-aop/6.2.7/spring-aop-6.2.7.jar
2025-05-25 12:00:34,438 [BasicRepositoryConnector-repo.maven.apache.org-0-0] INFO  o.e.m.c.i.e.AbstractTransferListenerAdapter - Downloading https://repo.maven.apache.org/maven2/org/springframework/spring-beans/6.2.7/spring-beans-6.2.7.jar
2025-05-25 12:00:34,503 [BasicRepositoryConnector-repo.maven.apache.org-0-2] INFO  o.e.m.c.i.e.AbstractTransferListenerAdapter - Downloaded https://repo.maven.apache.org/maven2/org/springframework/spring-tx/6.2.7/spring-tx-6.2.7.jar
2025-05-25 12:00:34,515 [BasicRepositoryConnector-repo.maven.apache.org-0-2] INFO  o.e.m.c.i.e.AbstractTransferListenerAdapter - Downloading https://repo.maven.apache.org/maven2/org/springframework/spring-aspects/6.2.7/spring-aspects-6.2.7.jar
2025-05-25 12:00:34,531 [BasicRepositoryConnector-repo.maven.apache.org-0-2] INFO  o.e.m.c.i.e.AbstractTransferListenerAdapter - Downloaded https://repo.maven.apache.org/maven2/org/springframework/spring-aspects/6.2.7/spring-aspects-6.2.7.jar
2025-05-25 12:00:34,542 [BasicRepositoryConnector-repo.maven.apache.org-0-2] INFO  o.e.m.c.i.e.AbstractTransferListenerAdapter - Downloading https://repo.maven.apache.org/maven2/org/springframework/boot/spring-boot-starter-web/3.5.0/spring-boot-starter-web-3.5.0.jar
2025-05-25 12:00:34,550 [BasicRepositoryConnector-repo.maven.apache.org-0-2] INFO  o.e.m.c.i.e.AbstractTransferListenerAdapter - Downloaded https://repo.maven.apache.org/maven2/org/springframework/boot/spring-boot-starter-web/3.5.0/spring-boot-starter-web-3.5.0.jar
2025-05-25 12:00:34,567 [BasicRepositoryConnector-repo.maven.apache.org-0-2] INFO  o.e.m.c.i.e.AbstractTransferListenerAdapter - Downloading https://repo.maven.apache.org/maven2/org/springframework/boot/spring-boot-starter-json/3.5.0/spring-boot-starter-json-3.5.0.jar
2025-05-25 12:00:34,573 [BasicRepositoryConnector-repo.maven.apache.org-0-2] INFO  o.e.m.c.i.e.AbstractTransferListenerAdapter - Downloaded https://repo.maven.apache.org/maven2/org/springframework/boot/spring-boot-starter-json/3.5.0/spring-boot-starter-json-3.5.0.jar
2025-05-25 12:00:34,587 [BasicRepositoryConnector-repo.maven.apache.org-0-2] INFO  o.e.m.c.i.e.AbstractTransferListenerAdapter - Downloading https://repo.maven.apache.org/maven2/com/fasterxml/jackson/core/jackson-databind/2.19.0/jackson-databind-2.19.0.jar
2025-05-25 12:00:34,774 [BasicRepositoryConnector-repo.maven.apache.org-0-4] INFO  o.e.m.c.i.e.AbstractTransferListenerAdapter - Downloaded https://repo.maven.apache.org/maven2/org/springframework/spring-context/6.2.7/spring-context-6.2.7.jar
2025-05-25 12:00:34,786 [BasicRepositoryConnector-repo.maven.apache.org-0-4] INFO  o.e.m.c.i.e.AbstractTransferListenerAdapter - Downloading https://repo.maven.apache.org/maven2/com/fasterxml/jackson/core/jackson-annotations/2.19.0/jackson-annotations-2.19.0.jar
2025-05-25 12:00:34,831 [BasicRepositoryConnector-repo.maven.apache.org-0-4] INFO  o.e.m.c.i.e.AbstractTransferListenerAdapter - Downloaded https://repo.maven.apache.org/maven2/com/fasterxml/jackson/core/jackson-annotations/2.19.0/jackson-annotations-2.19.0.jar
2025-05-25 12:00:34,850 [BasicRepositoryConnector-repo.maven.apache.org-0-4] INFO  o.e.m.c.i.e.AbstractTransferListenerAdapter - Downloading https://repo.maven.apache.org/maven2/com/fasterxml/jackson/core/jackson-core/2.19.0/jackson-core-2.19.0.jar
2025-05-25 12:00:34,885 [BasicRepositoryConnector-repo.maven.apache.org-0-0] INFO  o.e.m.c.i.e.AbstractTransferListenerAdapter - Downloaded https://repo.maven.apache.org/maven2/org/springframework/spring-beans/6.2.7/spring-beans-6.2.7.jar
2025-05-25 12:00:34,899 [BasicRepositoryConnector-repo.maven.apache.org-0-0] INFO  o.e.m.c.i.e.AbstractTransferListenerAdapter - Downloading https://repo.maven.apache.org/maven2/com/fasterxml/jackson/datatype/jackson-datatype-jdk8/2.19.0/jackson-datatype-jdk8-2.19.0.jar
2025-05-25 12:00:34,925 [BasicRepositoryConnector-repo.maven.apache.org-0-0] INFO  o.e.m.c.i.e.AbstractTransferListenerAdapter - Downloaded https://repo.maven.apache.org/maven2/com/fasterxml/jackson/datatype/jackson-datatype-jdk8/2.19.0/jackson-datatype-jdk8-2.19.0.jar
2025-05-25 12:00:34,946 [BasicRepositoryConnector-repo.maven.apache.org-0-0] INFO  o.e.m.c.i.e.AbstractTransferListenerAdapter - Downloading https://repo.maven.apache.org/maven2/com/fasterxml/jackson/datatype/jackson-datatype-jsr310/2.19.0/jackson-datatype-jsr310-2.19.0.jar
2025-05-25 12:00:35,054 [BasicRepositoryConnector-repo.maven.apache.org-0-0] INFO  o.e.m.c.i.e.AbstractTransferListenerAdapter - Downloaded https://repo.maven.apache.org/maven2/com/fasterxml/jackson/datatype/jackson-datatype-jsr310/2.19.0/jackson-datatype-jsr310-2.19.0.jar
2025-05-25 12:00:35,069 [BasicRepositoryConnector-repo.maven.apache.org-0-0] INFO  o.e.m.c.i.e.AbstractTransferListenerAdapter - Downloading https://repo.maven.apache.org/maven2/com/fasterxml/jackson/module/jackson-module-parameter-names/2.19.0/jackson-module-parameter-names-2.19.0.jar
2025-05-25 12:00:35,076 [BasicRepositoryConnector-repo.maven.apache.org-0-0] INFO  o.e.m.c.i.e.AbstractTransferListenerAdapter - Downloaded https://repo.maven.apache.org/maven2/com/fasterxml/jackson/module/jackson-module-parameter-names/2.19.0/jackson-module-parameter-names-2.19.0.jar
2025-05-25 12:00:35,086 [BasicRepositoryConnector-repo.maven.apache.org-0-0] INFO  o.e.m.c.i.e.AbstractTransferListenerAdapter - Downloading https://repo.maven.apache.org/maven2/org/springframework/boot/spring-boot-starter-tomcat/3.5.0/spring-boot-starter-tomcat-3.5.0.jar
2025-05-25 12:00:35,104 [BasicRepositoryConnector-repo.maven.apache.org-0-0] INFO  o.e.m.c.i.e.AbstractTransferListenerAdapter - Downloaded https://repo.maven.apache.org/maven2/org/springframework/boot/spring-boot-starter-tomcat/3.5.0/spring-boot-starter-tomcat-3.5.0.jar
2025-05-25 12:00:35,118 [BasicRepositoryConnector-repo.maven.apache.org-0-0] INFO  o.e.m.c.i.e.AbstractTransferListenerAdapter - Downloading https://repo.maven.apache.org/maven2/org/apache/tomcat/embed/tomcat-embed-core/10.1.41/tomcat-embed-core-10.1.41.jar
2025-05-25 12:00:35,241 [BasicRepositoryConnector-repo.maven.apache.org-0-4] INFO  o.e.m.c.i.e.AbstractTransferListenerAdapter - Downloaded https://repo.maven.apache.org/maven2/com/fasterxml/jackson/core/jackson-core/2.19.0/jackson-core-2.19.0.jar
2025-05-25 12:00:35,250 [BasicRepositoryConnector-repo.maven.apache.org-0-4] INFO  o.e.m.c.i.e.AbstractTransferListenerAdapter - Downloading https://repo.maven.apache.org/maven2/org/apache/tomcat/embed/tomcat-embed-el/10.1.41/tomcat-embed-el-10.1.41.jar
2025-05-25 12:00:35,376 [BasicRepositoryConnector-repo.maven.apache.org-0-2] INFO  o.e.m.c.i.e.AbstractTransferListenerAdapter - Downloaded https://repo.maven.apache.org/maven2/com/fasterxml/jackson/core/jackson-databind/2.19.0/jackson-databind-2.19.0.jar
2025-05-25 12:00:35,394 [BasicRepositoryConnector-repo.maven.apache.org-0-2] INFO  o.e.m.c.i.e.AbstractTransferListenerAdapter - Downloading https://repo.maven.apache.org/maven2/org/apache/tomcat/embed/tomcat-embed-websocket/10.1.41/tomcat-embed-websocket-10.1.41.jar
2025-05-25 12:00:35,483 [BasicRepositoryConnector-repo.maven.apache.org-0-4] INFO  o.e.m.c.i.e.AbstractTransferListenerAdapter - Downloaded https://repo.maven.apache.org/maven2/org/apache/tomcat/embed/tomcat-embed-el/10.1.41/tomcat-embed-el-10.1.41.jar
2025-05-25 12:00:35,497 [BasicRepositoryConnector-repo.maven.apache.org-0-4] INFO  o.e.m.c.i.e.AbstractTransferListenerAdapter - Downloading https://repo.maven.apache.org/maven2/org/springframework/spring-web/6.2.7/spring-web-6.2.7.jar
2025-05-25 12:00:35,549 [BasicRepositoryConnector-repo.maven.apache.org-0-2] INFO  o.e.m.c.i.e.AbstractTransferListenerAdapter - Downloaded https://repo.maven.apache.org/maven2/org/apache/tomcat/embed/tomcat-embed-websocket/10.1.41/tomcat-embed-websocket-10.1.41.jar
2025-05-25 12:00:35,563 [BasicRepositoryConnector-repo.maven.apache.org-0-2] INFO  o.e.m.c.i.e.AbstractTransferListenerAdapter - Downloading https://repo.maven.apache.org/maven2/io/micrometer/micrometer-observation/1.15.0/micrometer-observation-1.15.0.jar
2025-05-25 12:00:35,608 [BasicRepositoryConnector-repo.maven.apache.org-0-2] INFO  o.e.m.c.i.e.AbstractTransferListenerAdapter - Downloaded https://repo.maven.apache.org/maven2/io/micrometer/micrometer-observation/1.15.0/micrometer-observation-1.15.0.jar
2025-05-25 12:00:35,627 [BasicRepositoryConnector-repo.maven.apache.org-0-2] INFO  o.e.m.c.i.e.AbstractTransferListenerAdapter - Downloading https://repo.maven.apache.org/maven2/io/micrometer/micrometer-commons/1.15.0/micrometer-commons-1.15.0.jar
2025-05-25 12:00:35,692 [BasicRepositoryConnector-repo.maven.apache.org-0-2] INFO  o.e.m.c.i.e.AbstractTransferListenerAdapter - Downloaded https://repo.maven.apache.org/maven2/io/micrometer/micrometer-commons/1.15.0/micrometer-commons-1.15.0.jar
2025-05-25 12:00:35,906 [BasicRepositoryConnector-repo.maven.apache.org-0-2] INFO  o.e.m.c.i.e.AbstractTransferListenerAdapter - Downloading https://repo.maven.apache.org/maven2/org/springframework/spring-webmvc/6.2.7/spring-webmvc-6.2.7.jar
2025-05-25 12:00:36,962 [BasicRepositoryConnector-repo.maven.apache.org-0-2] INFO  o.e.m.c.i.e.AbstractTransferListenerAdapter - Downloaded https://repo.maven.apache.org/maven2/org/springframework/spring-webmvc/6.2.7/spring-webmvc-6.2.7.jar
2025-05-25 12:00:36,979 [BasicRepositoryConnector-repo.maven.apache.org-0-2] INFO  o.e.m.c.i.e.AbstractTransferListenerAdapter - Downloading https://repo.maven.apache.org/maven2/org/springframework/spring-expression/6.2.7/spring-expression-6.2.7.jar
2025-05-25 12:00:37,636 [BasicRepositoryConnector-repo.maven.apache.org-0-4] INFO  o.e.m.c.i.e.AbstractTransferListenerAdapter - Downloaded https://repo.maven.apache.org/maven2/org/springframework/spring-web/6.2.7/spring-web-6.2.7.jar
2025-05-25 12:00:37,771 [BasicRepositoryConnector-repo.maven.apache.org-0-4] INFO  o.e.m.c.i.e.AbstractTransferListenerAdapter - Downloading https://repo.maven.apache.org/maven2/org/springframework/boot/spring-boot-devtools/3.5.0/spring-boot-devtools-3.5.0.jar
2025-05-25 12:00:38,848 [BasicRepositoryConnector-repo.maven.apache.org-0-4] INFO  o.e.m.c.i.e.AbstractTransferListenerAdapter - Downloaded https://repo.maven.apache.org/maven2/org/springframework/boot/spring-boot-devtools/3.5.0/spring-boot-devtools-3.5.0.jar
2025-05-25 12:00:38,848 [BasicRepositoryConnector-repo.maven.apache.org-0-2] INFO  o.e.m.c.i.e.AbstractTransferListenerAdapter - Downloaded https://repo.maven.apache.org/maven2/org/springframework/spring-expression/6.2.7/spring-expression-6.2.7.jar
2025-05-25 12:00:38,911 [BasicRepositoryConnector-repo.maven.apache.org-0-2] INFO  o.e.m.c.i.e.AbstractTransferListenerAdapter - Downloading https://repo.maven.apache.org/maven2/org/springframework/boot/spring-boot-autoconfigure/3.5.0/spring-boot-autoconfigure-3.5.0.jar
2025-05-25 12:00:38,912 [BasicRepositoryConnector-repo.maven.apache.org-0-4] INFO  o.e.m.c.i.e.AbstractTransferListenerAdapter - Downloading https://repo.maven.apache.org/maven2/org/springframework/boot/spring-boot/3.5.0/spring-boot-3.5.0.jar
2025-05-25 12:00:39,671 [BasicRepositoryConnector-repo.maven.apache.org-0-0] INFO  o.e.m.c.i.e.AbstractTransferListenerAdapter - Downloaded https://repo.maven.apache.org/maven2/org/apache/tomcat/embed/tomcat-embed-core/10.1.41/tomcat-embed-core-10.1.41.jar
2025-05-25 12:00:39,684 [BasicRepositoryConnector-repo.maven.apache.org-0-0] INFO  o.e.m.c.i.e.AbstractTransferListenerAdapter - Downloading https://repo.maven.apache.org/maven2/com/mysql/mysql-connector-j/9.2.0/mysql-connector-j-9.2.0.jar
2025-05-25 12:00:40,053 [BasicRepositoryConnector-repo.maven.apache.org-0-1] INFO  o.e.m.c.i.e.AbstractTransferListenerAdapter - Downloaded https://repo.maven.apache.org/maven2/net/bytebuddy/byte-buddy/1.17.5/byte-buddy-1.17.5.jar
2025-05-25 12:00:40,064 [BasicRepositoryConnector-repo.maven.apache.org-0-1] INFO  o.e.m.c.i.e.AbstractTransferListenerAdapter - Downloading https://repo.maven.apache.org/maven2/org/springframework/boot/spring-boot-starter-test/3.5.0/spring-boot-starter-test-3.5.0.jar
2025-05-25 12:00:40,069 [BasicRepositoryConnector-repo.maven.apache.org-0-1] INFO  o.e.m.c.i.e.AbstractTransferListenerAdapter - Downloaded https://repo.maven.apache.org/maven2/org/springframework/boot/spring-boot-starter-test/3.5.0/spring-boot-starter-test-3.5.0.jar
2025-05-25 12:00:40,081 [BasicRepositoryConnector-repo.maven.apache.org-0-1] INFO  o.e.m.c.i.e.AbstractTransferListenerAdapter - Downloading https://repo.maven.apache.org/maven2/org/springframework/boot/spring-boot-test/3.5.0/spring-boot-test-3.5.0.jar
2025-05-25 12:00:40,207 [BasicRepositoryConnector-repo.maven.apache.org-0-1] INFO  o.e.m.c.i.e.AbstractTransferListenerAdapter - Downloaded https://repo.maven.apache.org/maven2/org/springframework/boot/spring-boot-test/3.5.0/spring-boot-test-3.5.0.jar
2025-05-25 12:00:40,222 [BasicRepositoryConnector-repo.maven.apache.org-0-1] INFO  o.e.m.c.i.e.AbstractTransferListenerAdapter - Downloading https://repo.maven.apache.org/maven2/org/springframework/boot/spring-boot-test-autoconfigure/3.5.0/spring-boot-test-autoconfigure-3.5.0.jar
2025-05-25 12:00:40,369 [BasicRepositoryConnector-repo.maven.apache.org-0-1] INFO  o.e.m.c.i.e.AbstractTransferListenerAdapter - Downloaded https://repo.maven.apache.org/maven2/org/springframework/boot/spring-boot-test-autoconfigure/3.5.0/spring-boot-test-autoconfigure-3.5.0.jar
2025-05-25 12:00:40,383 [BasicRepositoryConnector-repo.maven.apache.org-0-1] INFO  o.e.m.c.i.e.AbstractTransferListenerAdapter - Downloading https://repo.maven.apache.org/maven2/org/assertj/assertj-core/3.27.3/assertj-core-3.27.3.jar
2025-05-25 12:00:40,581 [BasicRepositoryConnector-repo.maven.apache.org-0-4] INFO  o.e.m.c.i.e.AbstractTransferListenerAdapter - Downloaded https://repo.maven.apache.org/maven2/org/springframework/boot/spring-boot/3.5.0/spring-boot-3.5.0.jar
2025-05-25 12:00:40,596 [BasicRepositoryConnector-repo.maven.apache.org-0-4] INFO  o.e.m.c.i.e.AbstractTransferListenerAdapter - Downloading https://repo.maven.apache.org/maven2/org/awaitility/awaitility/4.3.0/awaitility-4.3.0.jar
2025-05-25 12:00:40,688 [BasicRepositoryConnector-repo.maven.apache.org-0-4] INFO  o.e.m.c.i.e.AbstractTransferListenerAdapter - Downloaded https://repo.maven.apache.org/maven2/org/awaitility/awaitility/4.3.0/awaitility-4.3.0.jar
2025-05-25 12:00:40,697 [BasicRepositoryConnector-repo.maven.apache.org-0-2] INFO  o.e.m.c.i.e.AbstractTransferListenerAdapter - Downloaded https://repo.maven.apache.org/maven2/org/springframework/boot/spring-boot-autoconfigure/3.5.0/spring-boot-autoconfigure-3.5.0.jar
2025-05-25 12:00:40,702 [BasicRepositoryConnector-repo.maven.apache.org-0-4] INFO  o.e.m.c.i.e.AbstractTransferListenerAdapter - Downloading https://repo.maven.apache.org/maven2/org/hamcrest/hamcrest/3.0/hamcrest-3.0.jar
2025-05-25 12:00:40,714 [BasicRepositoryConnector-repo.maven.apache.org-0-2] INFO  o.e.m.c.i.e.AbstractTransferListenerAdapter - Downloading https://repo.maven.apache.org/maven2/org/junit/jupiter/junit-jupiter/5.12.2/junit-jupiter-5.12.2.jar
2025-05-25 12:00:40,720 [BasicRepositoryConnector-repo.maven.apache.org-0-2] INFO  o.e.m.c.i.e.AbstractTransferListenerAdapter - Downloaded https://repo.maven.apache.org/maven2/org/junit/jupiter/junit-jupiter/5.12.2/junit-jupiter-5.12.2.jar
2025-05-25 12:00:40,733 [BasicRepositoryConnector-repo.maven.apache.org-0-2] INFO  o.e.m.c.i.e.AbstractTransferListenerAdapter - Downloading https://repo.maven.apache.org/maven2/org/junit/jupiter/junit-jupiter-api/5.12.2/junit-jupiter-api-5.12.2.jar
2025-05-25 12:00:40,791 [BasicRepositoryConnector-repo.maven.apache.org-0-4] INFO  o.e.m.c.i.e.AbstractTransferListenerAdapter - Downloaded https://repo.maven.apache.org/maven2/org/hamcrest/hamcrest/3.0/hamcrest-3.0.jar
2025-05-25 12:00:40,807 [BasicRepositoryConnector-repo.maven.apache.org-0-4] INFO  o.e.m.c.i.e.AbstractTransferListenerAdapter - Downloading https://repo.maven.apache.org/maven2/org/junit/platform/junit-platform-commons/1.12.2/junit-platform-commons-1.12.2.jar
2025-05-25 12:00:40,853 [BasicRepositoryConnector-repo.maven.apache.org-0-2] INFO  o.e.m.c.i.e.AbstractTransferListenerAdapter - Downloaded https://repo.maven.apache.org/maven2/org/junit/jupiter/junit-jupiter-api/5.12.2/junit-jupiter-api-5.12.2.jar
2025-05-25 12:00:40,869 [BasicRepositoryConnector-repo.maven.apache.org-0-2] INFO  o.e.m.c.i.e.AbstractTransferListenerAdapter - Downloading https://repo.maven.apache.org/maven2/org/junit/jupiter/junit-jupiter-params/5.12.2/junit-jupiter-params-5.12.2.jar
2025-05-25 12:00:40,895 [BasicRepositoryConnector-repo.maven.apache.org-0-4] INFO  o.e.m.c.i.e.AbstractTransferListenerAdapter - Downloaded https://repo.maven.apache.org/maven2/org/junit/platform/junit-platform-commons/1.12.2/junit-platform-commons-1.12.2.jar
2025-05-25 12:00:40,907 [BasicRepositoryConnector-repo.maven.apache.org-0-4] INFO  o.e.m.c.i.e.AbstractTransferListenerAdapter - Downloading https://repo.maven.apache.org/maven2/org/junit/jupiter/junit-jupiter-engine/5.12.2/junit-jupiter-engine-5.12.2.jar
2025-05-25 12:00:41,026 [BasicRepositoryConnector-repo.maven.apache.org-0-4] INFO  o.e.m.c.i.e.AbstractTransferListenerAdapter - Downloaded https://repo.maven.apache.org/maven2/org/junit/jupiter/junit-jupiter-engine/5.12.2/junit-jupiter-engine-5.12.2.jar
2025-05-25 12:00:41,037 [BasicRepositoryConnector-repo.maven.apache.org-0-4] INFO  o.e.m.c.i.e.AbstractTransferListenerAdapter - Downloading https://repo.maven.apache.org/maven2/org/junit/platform/junit-platform-engine/1.12.2/junit-platform-engine-1.12.2.jar
2025-05-25 12:00:41,171 [BasicRepositoryConnector-repo.maven.apache.org-0-4] INFO  o.e.m.c.i.e.AbstractTransferListenerAdapter - Downloaded https://repo.maven.apache.org/maven2/org/junit/platform/junit-platform-engine/1.12.2/junit-platform-engine-1.12.2.jar
2025-05-25 12:00:41,184 [BasicRepositoryConnector-repo.maven.apache.org-0-4] INFO  o.e.m.c.i.e.AbstractTransferListenerAdapter - Downloading https://repo.maven.apache.org/maven2/org/mockito/mockito-core/5.17.0/mockito-core-5.17.0.jar
2025-05-25 12:00:41,259 [BasicRepositoryConnector-repo.maven.apache.org-0-1] INFO  o.e.m.c.i.e.AbstractTransferListenerAdapter - Downloaded https://repo.maven.apache.org/maven2/org/assertj/assertj-core/3.27.3/assertj-core-3.27.3.jar
2025-05-25 12:00:41,273 [BasicRepositoryConnector-repo.maven.apache.org-0-1] INFO  o.e.m.c.i.e.AbstractTransferListenerAdapter - Downloading https://repo.maven.apache.org/maven2/net/bytebuddy/byte-buddy-agent/1.17.5/byte-buddy-agent-1.17.5.jar
2025-05-25 12:00:41,459 [BasicRepositoryConnector-repo.maven.apache.org-0-0] INFO  o.e.m.c.i.e.AbstractTransferListenerAdapter - Downloaded https://repo.maven.apache.org/maven2/com/mysql/mysql-connector-j/9.2.0/mysql-connector-j-9.2.0.jar
2025-05-25 12:00:41,465 [BasicRepositoryConnector-repo.maven.apache.org-0-1] INFO  o.e.m.c.i.e.AbstractTransferListenerAdapter - Downloaded https://repo.maven.apache.org/maven2/net/bytebuddy/byte-buddy-agent/1.17.5/byte-buddy-agent-1.17.5.jar
2025-05-25 12:00:41,470 [BasicRepositoryConnector-repo.maven.apache.org-0-0] INFO  o.e.m.c.i.e.AbstractTransferListenerAdapter - Downloading https://repo.maven.apache.org/maven2/org/mockito/mockito-junit-jupiter/5.17.0/mockito-junit-jupiter-5.17.0.jar
2025-05-25 12:00:41,477 [BasicRepositoryConnector-repo.maven.apache.org-0-1] INFO  o.e.m.c.i.e.AbstractTransferListenerAdapter - Downloading https://repo.maven.apache.org/maven2/org/springframework/spring-core/6.2.7/spring-core-6.2.7.jar
2025-05-25 12:00:41,478 [BasicRepositoryConnector-repo.maven.apache.org-0-2] INFO  o.e.m.c.i.e.AbstractTransferListenerAdapter - Downloaded https://repo.maven.apache.org/maven2/org/junit/jupiter/junit-jupiter-params/5.12.2/junit-jupiter-params-5.12.2.jar
2025-05-25 12:00:41,480 [BasicRepositoryConnector-repo.maven.apache.org-0-0] INFO  o.e.m.c.i.e.AbstractTransferListenerAdapter - Downloaded https://repo.maven.apache.org/maven2/org/mockito/mockito-junit-jupiter/5.17.0/mockito-junit-jupiter-5.17.0.jar
2025-05-25 12:00:41,491 [BasicRepositoryConnector-repo.maven.apache.org-0-2] INFO  o.e.m.c.i.e.AbstractTransferListenerAdapter - Downloading https://repo.maven.apache.org/maven2/org/springframework/spring-jcl/6.2.7/spring-jcl-6.2.7.jar
2025-05-25 12:00:41,493 [BasicRepositoryConnector-repo.maven.apache.org-0-0] INFO  o.e.m.c.i.e.AbstractTransferListenerAdapter - Downloading https://repo.maven.apache.org/maven2/org/springframework/spring-test/6.2.7/spring-test-6.2.7.jar
2025-05-25 12:00:41,520 [BasicRepositoryConnector-repo.maven.apache.org-0-2] INFO  o.e.m.c.i.e.AbstractTransferListenerAdapter - Downloaded https://repo.maven.apache.org/maven2/org/springframework/spring-jcl/6.2.7/spring-jcl-6.2.7.jar
2025-05-25 12:00:41,533 [BasicRepositoryConnector-repo.maven.apache.org-0-2] INFO  o.e.m.c.i.e.AbstractTransferListenerAdapter - Downloading https://repo.maven.apache.org/maven2/org/xmlunit/xmlunit-core/2.10.1/xmlunit-core-2.10.1.jar
2025-05-25 12:00:41,562 [BasicRepositoryConnector-repo.maven.apache.org-0-4] INFO  o.e.m.c.i.e.AbstractTransferListenerAdapter - Downloaded https://repo.maven.apache.org/maven2/org/mockito/mockito-core/5.17.0/mockito-core-5.17.0.jar
2025-05-25 12:00:41,640 [BasicRepositoryConnector-repo.maven.apache.org-0-2] INFO  o.e.m.c.i.e.AbstractTransferListenerAdapter - Downloaded https://repo.maven.apache.org/maven2/org/xmlunit/xmlunit-core/2.10.1/xmlunit-core-2.10.1.jar
2025-05-25 12:00:42,009 [BasicRepositoryConnector-repo.maven.apache.org-0-0] INFO  o.e.m.c.i.e.AbstractTransferListenerAdapter - Downloaded https://repo.maven.apache.org/maven2/org/springframework/spring-test/6.2.7/spring-test-6.2.7.jar
2025-05-25 12:00:42,179 [BasicRepositoryConnector-repo.maven.apache.org-0-1] INFO  o.e.m.c.i.e.AbstractTransferListenerAdapter - Downloaded https://repo.maven.apache.org/maven2/org/springframework/spring-core/6.2.7/spring-core-6.2.7.jar
2025-05-25 12:00:43,327 [BasicRepositoryConnector-repo.maven.apache.org-0-3] INFO  o.e.m.c.i.e.AbstractTransferListenerAdapter - Downloaded https://repo.maven.apache.org/maven2/org/hibernate/orm/hibernate-core/6.6.15.Final/hibernate-core-6.6.15.Final.jar
2025-05-25 12:00:44,083 [Worker-12: Import Getting Started Content] INFO  o.e.m.c.i.l.LifecycleMappingFactory - Using org.eclipse.m2e.jdt.JarLifecycleMapping lifecycle mapping for MavenProject: sagar.solution:Product-Api-app:0.0.1-SNAPSHOT @ E:\Ecommerce project\Product-Api-app\pom.xml.
2025-05-25 12:00:45,581 [Worker-12: Import Getting Started Content] INFO  o.e.m.j.i.AbstractJavaProjectConfigurator - Adding source folder /Customer-Api/src/main/java
2025-05-25 12:00:45,581 [Worker-12: Import Getting Started Content] INFO  o.e.m.j.i.AbstractJavaProjectConfigurator - Adding resource folder /Customer-Api/src/main/resources
2025-05-25 12:00:45,595 [Worker-12: Import Getting Started Content] INFO  o.e.m.j.i.AbstractJavaProjectConfigurator - Adding resource folder /Customer-Api/src/main/resources
2025-05-25 12:00:45,607 [Worker-12: Import Getting Started Content] INFO  o.e.m.j.i.AbstractJavaProjectConfigurator - Adding source folder /Customer-Api/src/test/java
2025-05-25 12:00:45,607 [Worker-12: Import Getting Started Content] INFO  o.e.m.j.i.AbstractJavaProjectConfigurator - Adding resource folder /Customer-Api/src/test/resources
2025-05-25 12:00:46,040 [Worker-12: Import Getting Started Content] INFO  o.e.m.c.i.e.AbstractTransferListenerAdapter - Downloaded https://repo.maven.apache.org/maven2/org/projectlombok/lombok//lombok-.pom
2025-05-25 12:00:46,042 [Worker-12: Import Getting Started Content] WARN  o.e.m.c.i.embedder.EclipseLogger - The POM for org.projectlombok:lombok:jar: is missing, no dependency information available
2025-05-25 12:00:46,302 [Worker-19: Download sources and javadoc] INFO  o.e.m.c.i.e.AbstractTransferListenerAdapter - Downloading https://repo.maven.apache.org/maven2/org/springframework/boot/spring-boot-starter-data-jpa/3.5.0/spring-boot-starter-data-jpa-3.5.0-sources.jar
2025-05-25 12:00:46,307 [Worker-19: Download sources and javadoc] INFO  o.e.m.c.i.e.AbstractTransferListenerAdapter - Downloaded https://repo.maven.apache.org/maven2/org/springframework/boot/spring-boot-starter-data-jpa/3.5.0/spring-boot-starter-data-jpa-3.5.0-sources.jar
2025-05-25 12:00:46,312 [Worker-19: Download sources and javadoc] INFO  o.e.m.j.internal.DownloadSourcesJob - Downloaded sources for org.springframework.boot:spring-boot-starter-data-jpa:3.5.0
2025-05-25 12:00:46,341 [Worker-19: Download sources and javadoc] INFO  o.e.m.c.i.e.AbstractTransferListenerAdapter - Downloading https://repo.maven.apache.org/maven2/org/springframework/boot/spring-boot-starter/3.5.0/spring-boot-starter-3.5.0-sources.jar
2025-05-25 12:00:46,346 [Worker-19: Download sources and javadoc] INFO  o.e.m.c.i.e.AbstractTransferListenerAdapter - Downloaded https://repo.maven.apache.org/maven2/org/springframework/boot/spring-boot-starter/3.5.0/spring-boot-starter-3.5.0-sources.jar
2025-05-25 12:00:46,351 [Worker-19: Download sources and javadoc] INFO  o.e.m.j.internal.DownloadSourcesJob - Downloaded sources for org.springframework.boot:spring-boot-starter:3.5.0
2025-05-25 12:00:46,359 [Worker-12: Import Getting Started Content] INFO  o.e.m.c.i.e.AbstractTransferListenerAdapter - Downloaded https://repo.maven.apache.org/maven2/org/projectlombok/lombok//lombok-.jar
2025-05-25 12:00:46,361 [Worker-12: Import Getting Started Content] ERROR o.e.m.a.i.u.PluginDependencyResolver - Unable to collect dependencies for plugin
org.eclipse.aether.resolution.DependencyResolutionException: The following artifacts could not be resolved: org.projectlombok:lombok:jar: (absent): Could not find artifact org.projectlombok:lombok:jar: in central (https://repo.maven.apache.org/maven2)
	at org.eclipse.aether.internal.impl.DefaultRepositorySystem.resolveDependencies(DefaultRepositorySystem.java:365)
	at org.eclipse.m2e.apt.internal.utils.PluginDependencyResolver.getResolvedPluginDependencies(PluginDependencyResolver.java:106)
	at org.eclipse.m2e.apt.internal.compiler.MavenCompilerJdtAptDelegate.getAnnotationProcessorConfiguration(MavenCompilerJdtAptDelegate.java:172)
	at org.eclipse.m2e.apt.internal.AbstractAptConfiguratorDelegate.configureClasspath(AbstractAptConfiguratorDelegate.java:241)
	at org.eclipse.m2e.apt.internal.AbstractAptProjectConfigurator.lambda$1(AbstractAptProjectConfigurator.java:156)
	at org.eclipse.m2e.core.internal.embedder.MavenExecutionContext.executeBare(MavenExecutionContext.java:394)
	at org.eclipse.m2e.core.internal.embedder.MavenExecutionContext.execute(MavenExecutionContext.java:275)
	at org.eclipse.m2e.core.internal.embedder.MavenExecutionContext.execute(MavenExecutionContext.java:214)
	at org.eclipse.m2e.apt.internal.AbstractAptProjectConfigurator.configureRawClasspath(AbstractAptProjectConfigurator.java:150)
	at org.eclipse.m2e.jdt.internal.AbstractJavaProjectConfigurator.invokeJavaProjectConfigurators(AbstractJavaProjectConfigurator.java:209)
	at org.eclipse.m2e.jdt.internal.AbstractJavaProjectConfigurator.configure(AbstractJavaProjectConfigurator.java:167)
	at org.eclipse.m2e.core.project.configurator.AbstractLifecycleMapping.configure(AbstractLifecycleMapping.java:123)
	at org.eclipse.m2e.core.internal.project.ProjectConfigurationManager.lambda$6(ProjectConfigurationManager.java:503)
	at org.eclipse.m2e.core.internal.embedder.MavenExecutionContext.executeBare(MavenExecutionContext.java:394)
	at org.eclipse.m2e.core.internal.embedder.MavenExecutionContext.execute(MavenExecutionContext.java:275)
	at org.eclipse.m2e.core.internal.project.ProjectConfigurationManager.updateProjectConfiguration(ProjectConfigurationManager.java:497)
	at org.eclipse.m2e.core.internal.project.ProjectConfigurationManager.configureNewMavenProjects(ProjectConfigurationManager.java:278)
	at org.eclipse.m2e.core.internal.project.ProjectConfigurationManager.lambda$1(ProjectConfigurationManager.java:165)
	at org.eclipse.m2e.core.internal.embedder.MavenExecutionContext.executeBare(MavenExecutionContext.java:394)
	at org.eclipse.m2e.core.internal.embedder.MavenExecutionContext.execute(MavenExecutionContext.java:275)
	at org.eclipse.m2e.core.internal.embedder.MavenExecutionContext.execute(MavenExecutionContext.java:214)
	at org.eclipse.m2e.core.internal.project.ProjectConfigurationManager.importProjects(ProjectConfigurationManager.java:138)
	at org.eclipse.m2e.core.internal.project.ProjectConfigurationManager.importProjects(ProjectConfigurationManager.java:129)
	at org.springframework.ide.eclipse.boot.wizard.importing.MavenStrategy.createEclipseProjectFromExistingMavenProject(MavenStrategy.java:134)
	at org.springframework.ide.eclipse.boot.wizard.importing.MavenStrategy$MavenCodeSetImport.run(MavenStrategy.java:85)
	at org.springframework.ide.eclipse.boot.wizard.importing.MavenStrategy$MavenCodeSetImport.run(MavenStrategy.java:1)
	at org.springframework.ide.eclipse.boot.wizard.NewSpringBootWizardModel.importProject(NewSpringBootWizardModel.java:343)
	at org.springframework.ide.eclipse.boot.wizard.NewSpringBootWizardModel.performFinish(NewSpringBootWizardModel.java:322)
	at org.springframework.ide.eclipse.boot.wizard.NewSpringBootWizard$1.runInWorkspace(NewSpringBootWizard.java:239)
	at org.eclipse.core.internal.resources.InternalWorkspaceJob.run(InternalWorkspaceJob.java:43)
	at org.eclipse.core.internal.jobs.Worker.run(Worker.java:63)
Caused by: org.eclipse.aether.resolution.ArtifactResolutionException: The following artifacts could not be resolved: org.projectlombok:lombok:jar: (absent): Could not find artifact org.projectlombok:lombok:jar: in central (https://repo.maven.apache.org/maven2)
	at org.eclipse.aether.internal.impl.DefaultArtifactResolver.resolve(DefaultArtifactResolver.java:473)
	at org.eclipse.aether.internal.impl.DefaultArtifactResolver.resolveArtifacts(DefaultArtifactResolver.java:261)
	at org.eclipse.aether.internal.impl.DefaultRepositorySystem.resolveDependencies(DefaultRepositorySystem.java:353)
	... 30 common frames omitted
Caused by: org.eclipse.aether.transfer.ArtifactNotFoundException: Could not find artifact org.projectlombok:lombok:jar: in central (https://repo.maven.apache.org/maven2)
	at org.eclipse.aether.connector.basic.ArtifactTransportListener.transferFailed(ArtifactTransportListener.java:42)
	at org.eclipse.aether.connector.basic.BasicRepositoryConnector$TaskRunner.run(BasicRepositoryConnector.java:417)
	at org.eclipse.aether.connector.basic.BasicRepositoryConnector.get(BasicRepositoryConnector.java:260)
	at org.eclipse.aether.internal.impl.DefaultArtifactResolver.performDownloads(DefaultArtifactResolver.java:537)
	at org.eclipse.aether.internal.impl.DefaultArtifactResolver.resolve(DefaultArtifactResolver.java:449)
	... 32 common frames omitted
2025-05-25 12:00:46,450 [Worker-19: Download sources and javadoc] INFO  o.e.m.c.i.e.AbstractTransferListenerAdapter - Downloading https://repo.maven.apache.org/maven2/org/springframework/boot/spring-boot-starter-logging/3.5.0/spring-boot-starter-logging-3.5.0-sources.jar
2025-05-25 12:00:46,455 [Worker-19: Download sources and javadoc] INFO  o.e.m.c.i.e.AbstractTransferListenerAdapter - Downloaded https://repo.maven.apache.org/maven2/org/springframework/boot/spring-boot-starter-logging/3.5.0/spring-boot-starter-logging-3.5.0-sources.jar
2025-05-25 12:00:46,461 [Worker-19: Download sources and javadoc] INFO  o.e.m.j.internal.DownloadSourcesJob - Downloaded sources for org.springframework.boot:spring-boot-starter-logging:3.5.0
2025-05-25 12:00:46,486 [Worker-19: Download sources and javadoc] INFO  o.e.m.c.i.e.AbstractTransferListenerAdapter - Downloading https://repo.maven.apache.org/maven2/org/yaml/snakeyaml/2.4/snakeyaml-2.4-sources.jar
2025-05-25 12:00:46,522 [Worker-19: Download sources and javadoc] INFO  o.e.m.c.i.e.AbstractTransferListenerAdapter - Downloaded https://repo.maven.apache.org/maven2/org/yaml/snakeyaml/2.4/snakeyaml-2.4-sources.jar
2025-05-25 12:00:46,528 [Worker-19: Download sources and javadoc] INFO  o.e.m.j.internal.DownloadSourcesJob - Downloaded sources for org.yaml:snakeyaml:2.4
2025-05-25 12:00:46,566 [Worker-19: Download sources and javadoc] INFO  o.e.m.c.i.e.AbstractTransferListenerAdapter - Downloading https://repo.maven.apache.org/maven2/org/springframework/boot/spring-boot-starter-jdbc/3.5.0/spring-boot-starter-jdbc-3.5.0-sources.jar
2025-05-25 12:00:46,572 [Worker-19: Download sources and javadoc] INFO  o.e.m.c.i.e.AbstractTransferListenerAdapter - Downloaded https://repo.maven.apache.org/maven2/org/springframework/boot/spring-boot-starter-jdbc/3.5.0/spring-boot-starter-jdbc-3.5.0-sources.jar
2025-05-25 12:00:46,578 [Worker-19: Download sources and javadoc] INFO  o.e.m.j.internal.DownloadSourcesJob - Downloaded sources for org.springframework.boot:spring-boot-starter-jdbc:3.5.0
2025-05-25 12:00:46,630 [Worker-19: Download sources and javadoc] INFO  o.e.m.c.i.e.AbstractTransferListenerAdapter - Downloading https://repo.maven.apache.org/maven2/com/zaxxer/HikariCP/6.3.0/HikariCP-6.3.0-sources.jar
2025-05-25 12:00:46,679 [Worker-19: Download sources and javadoc] INFO  o.e.m.c.i.e.AbstractTransferListenerAdapter - Downloaded https://repo.maven.apache.org/maven2/com/zaxxer/HikariCP/6.3.0/HikariCP-6.3.0-sources.jar
2025-05-25 12:00:46,686 [Worker-19: Download sources and javadoc] INFO  o.e.m.j.internal.DownloadSourcesJob - Downloaded sources for com.zaxxer:HikariCP:6.3.0
2025-05-25 12:00:46,729 [Worker-19: Download sources and javadoc] INFO  o.e.m.c.i.e.AbstractTransferListenerAdapter - Downloading https://repo.maven.apache.org/maven2/org/springframework/spring-jdbc/6.2.7/spring-jdbc-6.2.7-sources.jar
2025-05-25 12:00:47,080 [Worker-19: Download sources and javadoc] INFO  o.e.m.c.i.e.AbstractTransferListenerAdapter - Downloaded https://repo.maven.apache.org/maven2/org/springframework/spring-jdbc/6.2.7/spring-jdbc-6.2.7-sources.jar
2025-05-25 12:00:47,086 [Worker-19: Download sources and javadoc] INFO  o.e.m.j.internal.DownloadSourcesJob - Downloaded sources for org.springframework:spring-jdbc:6.2.7
2025-05-25 12:00:47,138 [Worker-19: Download sources and javadoc] INFO  o.e.m.c.i.e.AbstractTransferListenerAdapter - Downloading https://repo.maven.apache.org/maven2/org/hibernate/orm/hibernate-core/6.6.15.Final/hibernate-core-6.6.15.Final-sources.jar
2025-05-25 12:00:47,215 [Worker-12: Updating Maven Project] INFO  o.e.m.c.i.p.ProjectConfigurationManager - Update started
2025-05-25 12:00:47,782 [Worker-12: Updating Maven Project] INFO  o.e.m.c.i.l.LifecycleMappingFactory - Using org.eclipse.m2e.jdt.JarLifecycleMapping lifecycle mapping for MavenProject: sagar.solution:Product-Api-app:0.0.1-SNAPSHOT @ E:\Ecommerce project\Product-Api-app\pom.xml.
2025-05-25 12:00:48,589 [Worker-12: Updating Maven Project] INFO  o.e.m.j.i.AbstractJavaProjectConfigurator - Adding source folder /Product-Api-app/src/main/java
2025-05-25 12:00:48,590 [Worker-12: Updating Maven Project] INFO  o.e.m.j.i.AbstractJavaProjectConfigurator - Adding resource folder /Product-Api-app/src/main/resources
2025-05-25 12:00:48,590 [Worker-12: Updating Maven Project] INFO  o.e.m.j.i.AbstractJavaProjectConfigurator - Adding resource folder /Product-Api-app/src/main/resources
2025-05-25 12:00:48,591 [Worker-12: Updating Maven Project] INFO  o.e.m.j.i.AbstractJavaProjectConfigurator - Adding source folder /Product-Api-app/src/test/java
2025-05-25 12:00:48,591 [Worker-12: Updating Maven Project] INFO  o.e.m.j.i.AbstractJavaProjectConfigurator - Adding resource folder /Product-Api-app/src/test/resources
2025-05-25 12:00:48,610 [Worker-12: Updating Maven Project] WARN  o.e.m.c.i.embedder.EclipseLogger - The POM for org.projectlombok:lombok:jar: is missing, no dependency information available
2025-05-25 12:00:48,613 [Worker-12: Updating Maven Project] ERROR o.e.m.a.i.u.PluginDependencyResolver - Unable to collect dependencies for plugin
org.eclipse.aether.resolution.DependencyResolutionException: The following artifacts could not be resolved: org.projectlombok:lombok:jar: (absent): org.projectlombok:lombok:jar: was not found in https://repo.maven.apache.org/maven2 during a previous attempt. This failure was cached in the local repository and resolution is not reattempted until the update interval of central has elapsed or updates are forced
	at org.eclipse.aether.internal.impl.DefaultRepositorySystem.resolveDependencies(DefaultRepositorySystem.java:365)
	at org.eclipse.m2e.apt.internal.utils.PluginDependencyResolver.getResolvedPluginDependencies(PluginDependencyResolver.java:106)
	at org.eclipse.m2e.apt.internal.compiler.MavenCompilerJdtAptDelegate.getAnnotationProcessorConfiguration(MavenCompilerJdtAptDelegate.java:172)
	at org.eclipse.m2e.apt.internal.AbstractAptConfiguratorDelegate.configureClasspath(AbstractAptConfiguratorDelegate.java:241)
	at org.eclipse.m2e.apt.internal.AbstractAptProjectConfigurator.lambda$1(AbstractAptProjectConfigurator.java:156)
	at org.eclipse.m2e.core.internal.embedder.MavenExecutionContext.executeBare(MavenExecutionContext.java:394)
	at org.eclipse.m2e.core.internal.embedder.MavenExecutionContext.execute(MavenExecutionContext.java:275)
	at org.eclipse.m2e.core.internal.embedder.MavenExecutionContext.execute(MavenExecutionContext.java:214)
	at org.eclipse.m2e.apt.internal.AbstractAptProjectConfigurator.configureRawClasspath(AbstractAptProjectConfigurator.java:150)
	at org.eclipse.m2e.jdt.internal.AbstractJavaProjectConfigurator.invokeJavaProjectConfigurators(AbstractJavaProjectConfigurator.java:209)
	at org.eclipse.m2e.jdt.internal.AbstractJavaProjectConfigurator.configure(AbstractJavaProjectConfigurator.java:167)
	at org.eclipse.m2e.core.project.configurator.AbstractLifecycleMapping.configure(AbstractLifecycleMapping.java:123)
	at org.eclipse.m2e.core.internal.project.ProjectConfigurationManager.lambda$6(ProjectConfigurationManager.java:503)
	at org.eclipse.m2e.core.internal.embedder.MavenExecutionContext.executeBare(MavenExecutionContext.java:394)
	at org.eclipse.m2e.core.internal.embedder.MavenExecutionContext.execute(MavenExecutionContext.java:275)
	at org.eclipse.m2e.core.internal.project.ProjectConfigurationManager.updateProjectConfiguration(ProjectConfigurationManager.java:497)
	at org.eclipse.m2e.core.internal.project.ProjectConfigurationManager.lambda$4(ProjectConfigurationManager.java:425)
	at java.base/java.util.Collection.removeIf(Collection.java:576)
	at org.eclipse.m2e.core.internal.project.ProjectConfigurationManager.updateProjectConfiguration0(ProjectConfigurationManager.java:413)
	at org.eclipse.m2e.core.internal.project.ProjectConfigurationManager.lambda$3(ProjectConfigurationManager.java:339)
	at org.eclipse.m2e.core.internal.embedder.MavenExecutionContext.executeBare(MavenExecutionContext.java:394)
	at org.eclipse.m2e.core.internal.embedder.MavenExecutionContext.execute(MavenExecutionContext.java:275)
	at org.eclipse.m2e.core.internal.embedder.MavenExecutionContext.execute(MavenExecutionContext.java:214)
	at org.eclipse.m2e.core.internal.embedder.MavenImpl.execute(MavenImpl.java:1097)
	at org.eclipse.m2e.core.internal.project.ProjectConfigurationManager.updateProjectConfiguration(ProjectConfigurationManager.java:338)
	at org.eclipse.m2e.core.ui.internal.UpdateMavenProjectJob.runInWorkspace(UpdateMavenProjectJob.java:80)
	at org.eclipse.core.internal.resources.InternalWorkspaceJob.run(InternalWorkspaceJob.java:43)
	at org.eclipse.core.internal.jobs.Worker.run(Worker.java:63)
Caused by: org.eclipse.aether.resolution.ArtifactResolutionException: The following artifacts could not be resolved: org.projectlombok:lombok:jar: (absent): org.projectlombok:lombok:jar: was not found in https://repo.maven.apache.org/maven2 during a previous attempt. This failure was cached in the local repository and resolution is not reattempted until the update interval of central has elapsed or updates are forced
	at org.eclipse.aether.internal.impl.DefaultArtifactResolver.resolve(DefaultArtifactResolver.java:473)
	at org.eclipse.aether.internal.impl.DefaultArtifactResolver.resolveArtifacts(DefaultArtifactResolver.java:261)
	at org.eclipse.aether.internal.impl.DefaultRepositorySystem.resolveDependencies(DefaultRepositorySystem.java:353)
	... 27 common frames omitted
Caused by: org.eclipse.aether.transfer.ArtifactNotFoundException: org.projectlombok:lombok:jar: was not found in https://repo.maven.apache.org/maven2 during a previous attempt. This failure was cached in the local repository and resolution is not reattempted until the update interval of central has elapsed or updates are forced
	at org.eclipse.aether.internal.impl.DefaultUpdateCheckManager.newException(DefaultUpdateCheckManager.java:225)
	at org.eclipse.aether.internal.impl.DefaultUpdateCheckManager.checkArtifact(DefaultUpdateCheckManager.java:201)
	at org.eclipse.aether.internal.impl.DefaultArtifactResolver.gatherDownloads(DefaultArtifactResolver.java:586)
	at org.eclipse.aether.internal.impl.DefaultArtifactResolver.performDownloads(DefaultArtifactResolver.java:525)
	at org.eclipse.aether.internal.impl.DefaultArtifactResolver.resolve(DefaultArtifactResolver.java:449)
	... 29 common frames omitted
2025-05-25 12:00:48,617 [Worker-12: Updating Maven Project] INFO  o.e.m.c.i.p.ProjectConfigurationManager - Update completed for 1 poms: local refresh takes 0.00 sec, refresh facades takes 1.00 sec, update config takes 0.00 sec 
2025-05-25 12:00:48,686 [Worker-19: Download sources and javadoc] INFO  o.e.m.c.i.e.AbstractTransferListenerAdapter - Downloaded https://repo.maven.apache.org/maven2/org/hibernate/orm/hibernate-core/6.6.15.Final/hibernate-core-6.6.15.Final-sources.jar
2025-05-25 12:00:48,692 [Worker-19: Download sources and javadoc] INFO  o.e.m.j.internal.DownloadSourcesJob - Downloaded sources for org.hibernate.orm:hibernate-core:6.6.15.Final
2025-05-25 12:00:48,727 [Worker-19: Download sources and javadoc] INFO  o.e.m.c.i.e.AbstractTransferListenerAdapter - Downloading https://repo.maven.apache.org/maven2/net/bytebuddy/byte-buddy/1.17.5/byte-buddy-1.17.5-sources.jar
2025-05-25 12:00:49,001 [Worker-19: Download sources and javadoc] INFO  o.e.m.c.i.e.AbstractTransferListenerAdapter - Downloaded https://repo.maven.apache.org/maven2/net/bytebuddy/byte-buddy/1.17.5/byte-buddy-1.17.5-sources.jar
2025-05-25 12:00:49,017 [Worker-19: Download sources and javadoc] INFO  o.e.m.j.internal.DownloadSourcesJob - Downloaded sources for net.bytebuddy:byte-buddy:1.17.5
2025-05-25 12:00:49,084 [Worker-19: Download sources and javadoc] INFO  o.e.m.c.i.e.AbstractTransferListenerAdapter - Downloading https://repo.maven.apache.org/maven2/org/springframework/data/spring-data-jpa/3.5.0/spring-data-jpa-3.5.0-sources.jar
2025-05-25 12:00:49,180 [Worker-19: Download sources and javadoc] INFO  o.e.m.c.i.e.AbstractTransferListenerAdapter - Downloaded https://repo.maven.apache.org/maven2/org/springframework/data/spring-data-jpa/3.5.0/spring-data-jpa-3.5.0-sources.jar
2025-05-25 12:00:49,185 [Worker-19: Download sources and javadoc] INFO  o.e.m.j.internal.DownloadSourcesJob - Downloaded sources for org.springframework.data:spring-data-jpa:3.5.0
2025-05-25 12:00:49,239 [Worker-19: Download sources and javadoc] INFO  o.e.m.c.i.e.AbstractTransferListenerAdapter - Downloading https://repo.maven.apache.org/maven2/org/springframework/data/spring-data-commons/3.5.0/spring-data-commons-3.5.0-sources.jar
2025-05-25 12:00:49,342 [Worker-19: Download sources and javadoc] INFO  o.e.m.c.i.e.AbstractTransferListenerAdapter - Downloaded https://repo.maven.apache.org/maven2/org/springframework/data/spring-data-commons/3.5.0/spring-data-commons-3.5.0-sources.jar
2025-05-25 12:00:49,348 [Worker-19: Download sources and javadoc] INFO  o.e.m.j.internal.DownloadSourcesJob - Downloaded sources for org.springframework.data:spring-data-commons:3.5.0
2025-05-25 12:00:49,383 [Worker-19: Download sources and javadoc] INFO  o.e.m.c.i.e.AbstractTransferListenerAdapter - Downloading https://repo.maven.apache.org/maven2/org/springframework/spring-orm/6.2.7/spring-orm-6.2.7-sources.jar
2025-05-25 12:00:49,416 [Worker-19: Download sources and javadoc] INFO  o.e.m.c.i.e.AbstractTransferListenerAdapter - Downloaded https://repo.maven.apache.org/maven2/org/springframework/spring-orm/6.2.7/spring-orm-6.2.7-sources.jar
2025-05-25 12:00:49,421 [Worker-19: Download sources and javadoc] INFO  o.e.m.j.internal.DownloadSourcesJob - Downloaded sources for org.springframework:spring-orm:6.2.7
2025-05-25 12:00:49,449 [Worker-19: Download sources and javadoc] INFO  o.e.m.c.i.e.AbstractTransferListenerAdapter - Downloading https://repo.maven.apache.org/maven2/org/springframework/spring-context/6.2.7/spring-context-6.2.7-sources.jar
2025-05-25 12:00:49,505 [Worker-16: Building] INFO  o.a.m.s.f.DefaultMavenResourcesFiltering - Copying 1 resource from src\main\resources to target\classes
2025-05-25 12:00:49,561 [Worker-16: Building] INFO  o.a.m.s.f.DefaultMavenResourcesFiltering - Copying 0 resource from src\main\resources to target\classes
2025-05-25 12:00:49,563 [Worker-19: Download sources and javadoc] INFO  o.e.m.c.i.e.AbstractTransferListenerAdapter - Downloaded https://repo.maven.apache.org/maven2/org/springframework/spring-context/6.2.7/spring-context-6.2.7-sources.jar
2025-05-25 12:00:49,569 [Worker-19: Download sources and javadoc] INFO  o.e.m.j.internal.DownloadSourcesJob - Downloaded sources for org.springframework:spring-context:6.2.7
2025-05-25 12:00:49,569 [Worker-16: Building] INFO  o.a.m.s.f.DefaultMavenResourcesFiltering - skip non existing resourceDirectory E:\Ecommerce project\Customer-Api\src\test\resources
2025-05-25 12:00:49,602 [Worker-19: Download sources and javadoc] INFO  o.e.m.c.i.e.AbstractTransferListenerAdapter - Downloading https://repo.maven.apache.org/maven2/org/springframework/spring-aop/6.2.7/spring-aop-6.2.7-sources.jar
2025-05-25 12:00:49,657 [Worker-19: Download sources and javadoc] INFO  o.e.m.c.i.e.AbstractTransferListenerAdapter - Downloaded https://repo.maven.apache.org/maven2/org/springframework/spring-aop/6.2.7/spring-aop-6.2.7-sources.jar
2025-05-25 12:00:49,663 [Worker-19: Download sources and javadoc] INFO  o.e.m.j.internal.DownloadSourcesJob - Downloaded sources for org.springframework:spring-aop:6.2.7
2025-05-25 12:00:49,689 [Worker-19: Download sources and javadoc] INFO  o.e.m.c.i.e.AbstractTransferListenerAdapter - Downloading https://repo.maven.apache.org/maven2/org/springframework/spring-tx/6.2.7/spring-tx-6.2.7-sources.jar
2025-05-25 12:00:49,723 [Worker-19: Download sources and javadoc] INFO  o.e.m.c.i.e.AbstractTransferListenerAdapter - Downloaded https://repo.maven.apache.org/maven2/org/springframework/spring-tx/6.2.7/spring-tx-6.2.7-sources.jar
2025-05-25 12:00:49,729 [Worker-19: Download sources and javadoc] INFO  o.e.m.j.internal.DownloadSourcesJob - Downloaded sources for org.springframework:spring-tx:6.2.7
2025-05-25 12:00:49,764 [Worker-19: Download sources and javadoc] INFO  o.e.m.c.i.e.AbstractTransferListenerAdapter - Downloading https://repo.maven.apache.org/maven2/org/springframework/spring-beans/6.2.7/spring-beans-6.2.7-sources.jar
2025-05-25 12:00:49,844 [Worker-19: Download sources and javadoc] INFO  o.e.m.c.i.e.AbstractTransferListenerAdapter - Downloaded https://repo.maven.apache.org/maven2/org/springframework/spring-beans/6.2.7/spring-beans-6.2.7-sources.jar
2025-05-25 12:00:49,850 [Worker-19: Download sources and javadoc] INFO  o.e.m.j.internal.DownloadSourcesJob - Downloaded sources for org.springframework:spring-beans:6.2.7
2025-05-25 12:00:49,880 [Worker-19: Download sources and javadoc] INFO  o.e.m.c.i.e.AbstractTransferListenerAdapter - Downloading https://repo.maven.apache.org/maven2/org/springframework/spring-aspects/6.2.7/spring-aspects-6.2.7-sources.jar
2025-05-25 12:00:49,889 [Worker-19: Download sources and javadoc] INFO  o.e.m.c.i.e.AbstractTransferListenerAdapter - Downloaded https://repo.maven.apache.org/maven2/org/springframework/spring-aspects/6.2.7/spring-aspects-6.2.7-sources.jar
2025-05-25 12:00:49,897 [Worker-19: Download sources and javadoc] INFO  o.e.m.j.internal.DownloadSourcesJob - Downloaded sources for org.springframework:spring-aspects:6.2.7
2025-05-25 12:00:49,922 [Worker-19: Download sources and javadoc] INFO  o.e.m.c.i.e.AbstractTransferListenerAdapter - Downloading https://repo.maven.apache.org/maven2/org/springframework/boot/spring-boot-starter-web/3.5.0/spring-boot-starter-web-3.5.0-sources.jar
2025-05-25 12:00:49,929 [Worker-19: Download sources and javadoc] INFO  o.e.m.c.i.e.AbstractTransferListenerAdapter - Downloaded https://repo.maven.apache.org/maven2/org/springframework/boot/spring-boot-starter-web/3.5.0/spring-boot-starter-web-3.5.0-sources.jar
2025-05-25 12:00:49,936 [Worker-19: Download sources and javadoc] INFO  o.e.m.j.internal.DownloadSourcesJob - Downloaded sources for org.springframework.boot:spring-boot-starter-web:3.5.0
2025-05-25 12:00:49,961 [Worker-19: Download sources and javadoc] INFO  o.e.m.c.i.e.AbstractTransferListenerAdapter - Downloading https://repo.maven.apache.org/maven2/org/springframework/boot/spring-boot-starter-json/3.5.0/spring-boot-starter-json-3.5.0-sources.jar
2025-05-25 12:00:49,967 [Worker-19: Download sources and javadoc] INFO  o.e.m.c.i.e.AbstractTransferListenerAdapter - Downloaded https://repo.maven.apache.org/maven2/org/springframework/boot/spring-boot-starter-json/3.5.0/spring-boot-starter-json-3.5.0-sources.jar
2025-05-25 12:00:49,973 [Worker-19: Download sources and javadoc] INFO  o.e.m.j.internal.DownloadSourcesJob - Downloaded sources for org.springframework.boot:spring-boot-starter-json:3.5.0
2025-05-25 12:00:50,002 [Worker-19: Download sources and javadoc] INFO  o.e.m.c.i.e.AbstractTransferListenerAdapter - Downloading https://repo.maven.apache.org/maven2/com/fasterxml/jackson/core/jackson-databind/2.19.0/jackson-databind-2.19.0-sources.jar
2025-05-25 12:00:50,207 [Worker-19: Download sources and javadoc] INFO  o.e.m.c.i.e.AbstractTransferListenerAdapter - Downloaded https://repo.maven.apache.org/maven2/com/fasterxml/jackson/core/jackson-databind/2.19.0/jackson-databind-2.19.0-sources.jar
2025-05-25 12:00:50,216 [Worker-19: Download sources and javadoc] INFO  o.e.m.j.internal.DownloadSourcesJob - Downloaded sources for com.fasterxml.jackson.core:jackson-databind:2.19.0
2025-05-25 12:00:50,251 [Worker-19: Download sources and javadoc] INFO  o.e.m.c.i.e.AbstractTransferListenerAdapter - Downloading https://repo.maven.apache.org/maven2/com/fasterxml/jackson/core/jackson-annotations/2.19.0/jackson-annotations-2.19.0-sources.jar
2025-05-25 12:00:50,264 [Worker-19: Download sources and javadoc] INFO  o.e.m.c.i.e.AbstractTransferListenerAdapter - Downloaded https://repo.maven.apache.org/maven2/com/fasterxml/jackson/core/jackson-annotations/2.19.0/jackson-annotations-2.19.0-sources.jar
2025-05-25 12:00:50,270 [Worker-19: Download sources and javadoc] INFO  o.e.m.j.internal.DownloadSourcesJob - Downloaded sources for com.fasterxml.jackson.core:jackson-annotations:2.19.0
2025-05-25 12:00:50,316 [Worker-19: Download sources and javadoc] INFO  o.e.m.c.i.e.AbstractTransferListenerAdapter - Downloading https://repo.maven.apache.org/maven2/com/fasterxml/jackson/core/jackson-core/2.19.0/jackson-core-2.19.0-sources.jar
2025-05-25 12:00:50,601 [Worker-19: Download sources and javadoc] INFO  o.e.m.c.i.e.AbstractTransferListenerAdapter - Downloaded https://repo.maven.apache.org/maven2/com/fasterxml/jackson/core/jackson-core/2.19.0/jackson-core-2.19.0-sources.jar
2025-05-25 12:00:50,606 [Worker-19: Download sources and javadoc] INFO  o.e.m.j.internal.DownloadSourcesJob - Downloaded sources for com.fasterxml.jackson.core:jackson-core:2.19.0
2025-05-25 12:00:50,633 [Worker-19: Download sources and javadoc] INFO  o.e.m.c.i.e.AbstractTransferListenerAdapter - Downloading https://repo.maven.apache.org/maven2/com/fasterxml/jackson/datatype/jackson-datatype-jdk8/2.19.0/jackson-datatype-jdk8-2.19.0-sources.jar
2025-05-25 12:00:50,704 [Worker-19: Download sources and javadoc] INFO  o.e.m.c.i.e.AbstractTransferListenerAdapter - Downloaded https://repo.maven.apache.org/maven2/com/fasterxml/jackson/datatype/jackson-datatype-jdk8/2.19.0/jackson-datatype-jdk8-2.19.0-sources.jar
2025-05-25 12:00:50,772 [Worker-19: Download sources and javadoc] INFO  o.e.m.j.internal.DownloadSourcesJob - Downloaded sources for com.fasterxml.jackson.datatype:jackson-datatype-jdk8:2.19.0
2025-05-25 12:00:50,834 [Worker-19: Download sources and javadoc] INFO  o.e.m.c.i.e.AbstractTransferListenerAdapter - Downloading https://repo.maven.apache.org/maven2/com/fasterxml/jackson/datatype/jackson-datatype-jsr310/2.19.0/jackson-datatype-jsr310-2.19.0-sources.jar
2025-05-25 12:00:50,852 [Worker-19: Download sources and javadoc] INFO  o.e.m.c.i.e.AbstractTransferListenerAdapter - Downloaded https://repo.maven.apache.org/maven2/com/fasterxml/jackson/datatype/jackson-datatype-jsr310/2.19.0/jackson-datatype-jsr310-2.19.0-sources.jar
2025-05-25 12:00:50,858 [Worker-19: Download sources and javadoc] INFO  o.e.m.j.internal.DownloadSourcesJob - Downloaded sources for com.fasterxml.jackson.datatype:jackson-datatype-jsr310:2.19.0
2025-05-25 12:00:50,917 [Worker-19: Download sources and javadoc] INFO  o.e.m.c.i.e.AbstractTransferListenerAdapter - Downloading https://repo.maven.apache.org/maven2/com/fasterxml/jackson/module/jackson-module-parameter-names/2.19.0/jackson-module-parameter-names-2.19.0-sources.jar
2025-05-25 12:00:50,924 [Worker-19: Download sources and javadoc] INFO  o.e.m.c.i.e.AbstractTransferListenerAdapter - Downloaded https://repo.maven.apache.org/maven2/com/fasterxml/jackson/module/jackson-module-parameter-names/2.19.0/jackson-module-parameter-names-2.19.0-sources.jar
2025-05-25 12:00:50,936 [Worker-19: Download sources and javadoc] INFO  o.e.m.j.internal.DownloadSourcesJob - Downloaded sources for com.fasterxml.jackson.module:jackson-module-parameter-names:2.19.0
2025-05-25 12:00:51,015 [Worker-19: Download sources and javadoc] INFO  o.e.m.c.i.e.AbstractTransferListenerAdapter - Downloading https://repo.maven.apache.org/maven2/org/springframework/boot/spring-boot-starter-tomcat/3.5.0/spring-boot-starter-tomcat-3.5.0-sources.jar
2025-05-25 12:00:51,024 [Worker-19: Download sources and javadoc] INFO  o.e.m.c.i.e.AbstractTransferListenerAdapter - Downloaded https://repo.maven.apache.org/maven2/org/springframework/boot/spring-boot-starter-tomcat/3.5.0/spring-boot-starter-tomcat-3.5.0-sources.jar
2025-05-25 12:00:51,034 [Worker-19: Download sources and javadoc] INFO  o.e.m.j.internal.DownloadSourcesJob - Downloaded sources for org.springframework.boot:spring-boot-starter-tomcat:3.5.0
2025-05-25 12:00:51,065 [Worker-19: Download sources and javadoc] INFO  o.e.m.c.i.e.AbstractTransferListenerAdapter - Downloading https://repo.maven.apache.org/maven2/org/apache/tomcat/embed/tomcat-embed-core/10.1.41/tomcat-embed-core-10.1.41-sources.jar
2025-05-25 12:00:51,354 [Worker-16: Building] INFO  o.a.m.s.f.DefaultMavenResourcesFiltering - Copying 1 resource from src\main\resources to target\classes
2025-05-25 12:00:51,379 [Worker-16: Building] INFO  o.a.m.s.f.DefaultMavenResourcesFiltering - Copying 0 resource from src\main\resources to target\classes
2025-05-25 12:00:51,386 [Worker-16: Building] INFO  o.a.m.s.f.DefaultMavenResourcesFiltering - skip non existing resourceDirectory E:\Ecommerce project\Product-Api-app\src\test\resources
2025-05-25 12:00:51,818 [Worker-19: Download sources and javadoc] INFO  o.e.m.c.i.e.AbstractTransferListenerAdapter - Downloaded https://repo.maven.apache.org/maven2/org/apache/tomcat/embed/tomcat-embed-core/10.1.41/tomcat-embed-core-10.1.41-sources.jar
2025-05-25 12:00:51,824 [Worker-19: Download sources and javadoc] INFO  o.e.m.j.internal.DownloadSourcesJob - Downloaded sources for org.apache.tomcat.embed:tomcat-embed-core:10.1.41
2025-05-25 12:00:51,859 [Worker-19: Download sources and javadoc] INFO  o.e.m.c.i.e.AbstractTransferListenerAdapter - Downloading https://repo.maven.apache.org/maven2/org/apache/tomcat/embed/tomcat-embed-el/10.1.41/tomcat-embed-el-10.1.41-sources.jar
2025-05-25 12:00:51,888 [Worker-19: Download sources and javadoc] INFO  o.e.m.c.i.e.AbstractTransferListenerAdapter - Downloaded https://repo.maven.apache.org/maven2/org/apache/tomcat/embed/tomcat-embed-el/10.1.41/tomcat-embed-el-10.1.41-sources.jar
2025-05-25 12:00:51,894 [Worker-19: Download sources and javadoc] INFO  o.e.m.j.internal.DownloadSourcesJob - Downloaded sources for org.apache.tomcat.embed:tomcat-embed-el:10.1.41
2025-05-25 12:00:51,921 [Worker-19: Download sources and javadoc] INFO  o.e.m.c.i.e.AbstractTransferListenerAdapter - Downloading https://repo.maven.apache.org/maven2/org/apache/tomcat/embed/tomcat-embed-websocket/10.1.41/tomcat-embed-websocket-10.1.41-sources.jar
2025-05-25 12:00:51,975 [Worker-19: Download sources and javadoc] INFO  o.e.m.c.i.e.AbstractTransferListenerAdapter - Downloaded https://repo.maven.apache.org/maven2/org/apache/tomcat/embed/tomcat-embed-websocket/10.1.41/tomcat-embed-websocket-10.1.41-sources.jar
2025-05-25 12:00:51,981 [Worker-19: Download sources and javadoc] INFO  o.e.m.j.internal.DownloadSourcesJob - Downloaded sources for org.apache.tomcat.embed:tomcat-embed-websocket:10.1.41
2025-05-25 12:00:52,014 [Worker-19: Download sources and javadoc] INFO  o.e.m.c.i.e.AbstractTransferListenerAdapter - Downloading https://repo.maven.apache.org/maven2/org/springframework/spring-web/6.2.7/spring-web-6.2.7-sources.jar
2025-05-25 12:00:52,176 [Worker-19: Download sources and javadoc] INFO  o.e.m.c.i.e.AbstractTransferListenerAdapter - Downloaded https://repo.maven.apache.org/maven2/org/springframework/spring-web/6.2.7/spring-web-6.2.7-sources.jar
2025-05-25 12:00:52,183 [Worker-19: Download sources and javadoc] INFO  o.e.m.j.internal.DownloadSourcesJob - Downloaded sources for org.springframework:spring-web:6.2.7
2025-05-25 12:00:52,213 [Worker-19: Download sources and javadoc] INFO  o.e.m.c.i.e.AbstractTransferListenerAdapter - Downloading https://repo.maven.apache.org/maven2/io/micrometer/micrometer-observation/1.15.0/micrometer-observation-1.15.0-sources.jar
2025-05-25 12:00:52,238 [Worker-19: Download sources and javadoc] INFO  o.e.m.c.i.e.AbstractTransferListenerAdapter - Downloaded https://repo.maven.apache.org/maven2/io/micrometer/micrometer-observation/1.15.0/micrometer-observation-1.15.0-sources.jar
2025-05-25 12:00:52,243 [Worker-19: Download sources and javadoc] INFO  o.e.m.j.internal.DownloadSourcesJob - Downloaded sources for io.micrometer:micrometer-observation:1.15.0
2025-05-25 12:00:52,273 [Worker-19: Download sources and javadoc] INFO  o.e.m.c.i.e.AbstractTransferListenerAdapter - Downloading https://repo.maven.apache.org/maven2/io/micrometer/micrometer-commons/1.15.0/micrometer-commons-1.15.0-sources.jar
2025-05-25 12:00:52,284 [Worker-19: Download sources and javadoc] INFO  o.e.m.c.i.e.AbstractTransferListenerAdapter - Downloaded https://repo.maven.apache.org/maven2/io/micrometer/micrometer-commons/1.15.0/micrometer-commons-1.15.0-sources.jar
2025-05-25 12:00:52,291 [Worker-19: Download sources and javadoc] INFO  o.e.m.j.internal.DownloadSourcesJob - Downloaded sources for io.micrometer:micrometer-commons:1.15.0
2025-05-25 12:00:52,322 [Worker-19: Download sources and javadoc] INFO  o.e.m.c.i.e.AbstractTransferListenerAdapter - Downloading https://repo.maven.apache.org/maven2/org/springframework/spring-webmvc/6.2.7/spring-webmvc-6.2.7-sources.jar
2025-05-25 12:00:52,414 [Worker-19: Download sources and javadoc] INFO  o.e.m.c.i.e.AbstractTransferListenerAdapter - Downloaded https://repo.maven.apache.org/maven2/org/springframework/spring-webmvc/6.2.7/spring-webmvc-6.2.7-sources.jar
2025-05-25 12:00:52,420 [Worker-19: Download sources and javadoc] INFO  o.e.m.j.internal.DownloadSourcesJob - Downloaded sources for org.springframework:spring-webmvc:6.2.7
2025-05-25 12:00:52,446 [Worker-19: Download sources and javadoc] INFO  o.e.m.c.i.e.AbstractTransferListenerAdapter - Downloading https://repo.maven.apache.org/maven2/org/springframework/spring-expression/6.2.7/spring-expression-6.2.7-sources.jar
2025-05-25 12:00:52,475 [Worker-19: Download sources and javadoc] INFO  o.e.m.c.i.e.AbstractTransferListenerAdapter - Downloaded https://repo.maven.apache.org/maven2/org/springframework/spring-expression/6.2.7/spring-expression-6.2.7-sources.jar
2025-05-25 12:00:52,481 [Worker-19: Download sources and javadoc] INFO  o.e.m.j.internal.DownloadSourcesJob - Downloaded sources for org.springframework:spring-expression:6.2.7
2025-05-25 12:00:52,507 [Worker-19: Download sources and javadoc] INFO  o.e.m.c.i.e.AbstractTransferListenerAdapter - Downloading https://repo.maven.apache.org/maven2/org/springframework/boot/spring-boot-devtools/3.5.0/spring-boot-devtools-3.5.0-sources.jar
2025-05-25 12:00:52,525 [Worker-19: Download sources and javadoc] INFO  o.e.m.c.i.e.AbstractTransferListenerAdapter - Downloaded https://repo.maven.apache.org/maven2/org/springframework/boot/spring-boot-devtools/3.5.0/spring-boot-devtools-3.5.0-sources.jar
2025-05-25 12:00:52,531 [Worker-19: Download sources and javadoc] INFO  o.e.m.j.internal.DownloadSourcesJob - Downloaded sources for org.springframework.boot:spring-boot-devtools:3.5.0
2025-05-25 12:00:52,556 [Worker-19: Download sources and javadoc] INFO  o.e.m.c.i.e.AbstractTransferListenerAdapter - Downloading https://repo.maven.apache.org/maven2/org/springframework/boot/spring-boot/3.5.0/spring-boot-3.5.0-sources.jar
2025-05-25 12:00:52,688 [Worker-19: Download sources and javadoc] INFO  o.e.m.c.i.e.AbstractTransferListenerAdapter - Downloaded https://repo.maven.apache.org/maven2/org/springframework/boot/spring-boot/3.5.0/spring-boot-3.5.0-sources.jar
2025-05-25 12:00:52,693 [Worker-19: Download sources and javadoc] INFO  o.e.m.j.internal.DownloadSourcesJob - Downloaded sources for org.springframework.boot:spring-boot:3.5.0
2025-05-25 12:00:52,727 [Worker-19: Download sources and javadoc] INFO  o.e.m.c.i.e.AbstractTransferListenerAdapter - Downloading https://repo.maven.apache.org/maven2/org/springframework/boot/spring-boot-autoconfigure/3.5.0/spring-boot-autoconfigure-3.5.0-sources.jar
2025-05-25 12:00:52,859 [Worker-19: Download sources and javadoc] INFO  o.e.m.c.i.e.AbstractTransferListenerAdapter - Downloaded https://repo.maven.apache.org/maven2/org/springframework/boot/spring-boot-autoconfigure/3.5.0/spring-boot-autoconfigure-3.5.0-sources.jar
2025-05-25 12:00:52,867 [Worker-19: Download sources and javadoc] INFO  o.e.m.j.internal.DownloadSourcesJob - Downloaded sources for org.springframework.boot:spring-boot-autoconfigure:3.5.0
2025-05-25 12:00:52,897 [Worker-19: Download sources and javadoc] INFO  o.e.m.c.i.e.AbstractTransferListenerAdapter - Downloading https://repo.maven.apache.org/maven2/com/mysql/mysql-connector-j/9.2.0/mysql-connector-j-9.2.0-sources.jar
2025-05-25 12:00:53,516 [Worker-19: Download sources and javadoc] INFO  o.e.m.c.i.e.AbstractTransferListenerAdapter - Downloaded https://repo.maven.apache.org/maven2/com/mysql/mysql-connector-j/9.2.0/mysql-connector-j-9.2.0-sources.jar
2025-05-25 12:00:53,522 [Worker-19: Download sources and javadoc] INFO  o.e.m.j.internal.DownloadSourcesJob - Downloaded sources for com.mysql:mysql-connector-j:9.2.0
2025-05-25 12:00:53,553 [Worker-19: Download sources and javadoc] INFO  o.e.m.c.i.e.AbstractTransferListenerAdapter - Downloading https://repo.maven.apache.org/maven2/org/springframework/boot/spring-boot-starter-test/3.5.0/spring-boot-starter-test-3.5.0-sources.jar
2025-05-25 12:00:53,559 [Worker-19: Download sources and javadoc] INFO  o.e.m.c.i.e.AbstractTransferListenerAdapter - Downloaded https://repo.maven.apache.org/maven2/org/springframework/boot/spring-boot-starter-test/3.5.0/spring-boot-starter-test-3.5.0-sources.jar
2025-05-25 12:00:53,565 [Worker-19: Download sources and javadoc] INFO  o.e.m.j.internal.DownloadSourcesJob - Downloaded sources for org.springframework.boot:spring-boot-starter-test:3.5.0
2025-05-25 12:00:53,601 [Worker-19: Download sources and javadoc] INFO  o.e.m.c.i.e.AbstractTransferListenerAdapter - Downloading https://repo.maven.apache.org/maven2/org/springframework/boot/spring-boot-test/3.5.0/spring-boot-test-3.5.0-sources.jar
2025-05-25 12:00:53,626 [Worker-19: Download sources and javadoc] INFO  o.e.m.c.i.e.AbstractTransferListenerAdapter - Downloaded https://repo.maven.apache.org/maven2/org/springframework/boot/spring-boot-test/3.5.0/spring-boot-test-3.5.0-sources.jar
2025-05-25 12:00:53,632 [Worker-19: Download sources and javadoc] INFO  o.e.m.j.internal.DownloadSourcesJob - Downloaded sources for org.springframework.boot:spring-boot-test:3.5.0
2025-05-25 12:00:53,662 [Worker-19: Download sources and javadoc] INFO  o.e.m.c.i.e.AbstractTransferListenerAdapter - Downloading https://repo.maven.apache.org/maven2/org/springframework/boot/spring-boot-test-autoconfigure/3.5.0/spring-boot-test-autoconfigure-3.5.0-sources.jar
2025-05-25 12:00:53,691 [Worker-19: Download sources and javadoc] INFO  o.e.m.c.i.e.AbstractTransferListenerAdapter - Downloaded https://repo.maven.apache.org/maven2/org/springframework/boot/spring-boot-test-autoconfigure/3.5.0/spring-boot-test-autoconfigure-3.5.0-sources.jar
2025-05-25 12:00:53,697 [Worker-19: Download sources and javadoc] INFO  o.e.m.j.internal.DownloadSourcesJob - Downloaded sources for org.springframework.boot:spring-boot-test-autoconfigure:3.5.0
2025-05-25 12:00:53,725 [Worker-19: Download sources and javadoc] INFO  o.e.m.c.i.e.AbstractTransferListenerAdapter - Downloading https://repo.maven.apache.org/maven2/org/assertj/assertj-core/3.27.3/assertj-core-3.27.3-sources.jar
2025-05-25 12:00:53,909 [Worker-19: Download sources and javadoc] INFO  o.e.m.c.i.e.AbstractTransferListenerAdapter - Downloaded https://repo.maven.apache.org/maven2/org/assertj/assertj-core/3.27.3/assertj-core-3.27.3-sources.jar
2025-05-25 12:00:53,915 [Worker-19: Download sources and javadoc] INFO  o.e.m.j.internal.DownloadSourcesJob - Downloaded sources for org.assertj:assertj-core:3.27.3
2025-05-25 12:00:53,946 [Worker-19: Download sources and javadoc] INFO  o.e.m.c.i.e.AbstractTransferListenerAdapter - Downloading https://repo.maven.apache.org/maven2/org/awaitility/awaitility/4.3.0/awaitility-4.3.0-sources.jar
2025-05-25 12:00:53,959 [Worker-19: Download sources and javadoc] INFO  o.e.m.c.i.e.AbstractTransferListenerAdapter - Downloaded https://repo.maven.apache.org/maven2/org/awaitility/awaitility/4.3.0/awaitility-4.3.0-sources.jar
2025-05-25 12:00:53,965 [Worker-19: Download sources and javadoc] INFO  o.e.m.j.internal.DownloadSourcesJob - Downloaded sources for org.awaitility:awaitility:4.3.0
2025-05-25 12:00:53,990 [Worker-19: Download sources and javadoc] INFO  o.e.m.c.i.e.AbstractTransferListenerAdapter - Downloading https://repo.maven.apache.org/maven2/org/hamcrest/hamcrest/3.0/hamcrest-3.0-sources.jar
2025-05-25 12:00:54,018 [Worker-19: Download sources and javadoc] INFO  o.e.m.c.i.e.AbstractTransferListenerAdapter - Downloaded https://repo.maven.apache.org/maven2/org/hamcrest/hamcrest/3.0/hamcrest-3.0-sources.jar
2025-05-25 12:00:54,022 [Worker-19: Download sources and javadoc] INFO  o.e.m.j.internal.DownloadSourcesJob - Downloaded sources for org.hamcrest:hamcrest:3.0
2025-05-25 12:00:54,054 [Worker-19: Download sources and javadoc] INFO  o.e.m.c.i.e.AbstractTransferListenerAdapter - Downloading https://repo.maven.apache.org/maven2/org/junit/jupiter/junit-jupiter/5.12.2/junit-jupiter-5.12.2-sources.jar
2025-05-25 12:00:54,062 [Worker-19: Download sources and javadoc] INFO  o.e.m.c.i.e.AbstractTransferListenerAdapter - Downloaded https://repo.maven.apache.org/maven2/org/junit/jupiter/junit-jupiter/5.12.2/junit-jupiter-5.12.2-sources.jar
2025-05-25 12:00:54,067 [Worker-19: Download sources and javadoc] INFO  o.e.m.j.internal.DownloadSourcesJob - Downloaded sources for org.junit.jupiter:junit-jupiter:5.12.2
2025-05-25 12:00:54,101 [Worker-19: Download sources and javadoc] INFO  o.e.m.c.i.e.AbstractTransferListenerAdapter - Downloading https://repo.maven.apache.org/maven2/org/junit/jupiter/junit-jupiter-api/5.12.2/junit-jupiter-api-5.12.2-sources.jar
2025-05-25 12:00:54,129 [Worker-19: Download sources and javadoc] INFO  o.e.m.c.i.e.AbstractTransferListenerAdapter - Downloaded https://repo.maven.apache.org/maven2/org/junit/jupiter/junit-jupiter-api/5.12.2/junit-jupiter-api-5.12.2-sources.jar
2025-05-25 12:00:54,133 [Worker-19: Download sources and javadoc] INFO  o.e.m.j.internal.DownloadSourcesJob - Downloaded sources for org.junit.jupiter:junit-jupiter-api:5.12.2
2025-05-25 12:00:54,165 [Worker-19: Download sources and javadoc] INFO  o.e.m.c.i.e.AbstractTransferListenerAdapter - Downloading https://repo.maven.apache.org/maven2/org/junit/platform/junit-platform-commons/1.12.2/junit-platform-commons-1.12.2-sources.jar
2025-05-25 12:00:54,179 [Worker-19: Download sources and javadoc] INFO  o.e.m.c.i.e.AbstractTransferListenerAdapter - Downloaded https://repo.maven.apache.org/maven2/org/junit/platform/junit-platform-commons/1.12.2/junit-platform-commons-1.12.2-sources.jar
2025-05-25 12:00:54,185 [Worker-19: Download sources and javadoc] INFO  o.e.m.j.internal.DownloadSourcesJob - Downloaded sources for org.junit.platform:junit-platform-commons:1.12.2
2025-05-25 12:00:54,208 [Worker-19: Download sources and javadoc] INFO  o.e.m.c.i.e.AbstractTransferListenerAdapter - Downloading https://repo.maven.apache.org/maven2/org/junit/jupiter/junit-jupiter-params/5.12.2/junit-jupiter-params-5.12.2-sources.jar
2025-05-25 12:00:54,219 [Worker-19: Download sources and javadoc] INFO  o.e.m.c.i.e.AbstractTransferListenerAdapter - Downloaded https://repo.maven.apache.org/maven2/org/junit/jupiter/junit-jupiter-params/5.12.2/junit-jupiter-params-5.12.2-sources.jar
2025-05-25 12:00:54,223 [Worker-19: Download sources and javadoc] INFO  o.e.m.j.internal.DownloadSourcesJob - Downloaded sources for org.junit.jupiter:junit-jupiter-params:5.12.2
2025-05-25 12:00:54,258 [Worker-19: Download sources and javadoc] INFO  o.e.m.c.i.e.AbstractTransferListenerAdapter - Downloading https://repo.maven.apache.org/maven2/org/junit/jupiter/junit-jupiter-engine/5.12.2/junit-jupiter-engine-5.12.2-sources.jar
2025-05-25 12:00:54,281 [Worker-19: Download sources and javadoc] INFO  o.e.m.c.i.e.AbstractTransferListenerAdapter - Downloaded https://repo.maven.apache.org/maven2/org/junit/jupiter/junit-jupiter-engine/5.12.2/junit-jupiter-engine-5.12.2-sources.jar
2025-05-25 12:00:54,289 [Worker-19: Download sources and javadoc] INFO  o.e.m.j.internal.DownloadSourcesJob - Downloaded sources for org.junit.jupiter:junit-jupiter-engine:5.12.2
2025-05-25 12:00:54,322 [Worker-19: Download sources and javadoc] INFO  o.e.m.c.i.e.AbstractTransferListenerAdapter - Downloading https://repo.maven.apache.org/maven2/org/junit/platform/junit-platform-engine/1.12.2/junit-platform-engine-1.12.2-sources.jar
2025-05-25 12:00:54,345 [Worker-19: Download sources and javadoc] INFO  o.e.m.c.i.e.AbstractTransferListenerAdapter - Downloaded https://repo.maven.apache.org/maven2/org/junit/platform/junit-platform-engine/1.12.2/junit-platform-engine-1.12.2-sources.jar
2025-05-25 12:00:54,351 [Worker-19: Download sources and javadoc] INFO  o.e.m.j.internal.DownloadSourcesJob - Downloaded sources for org.junit.platform:junit-platform-engine:1.12.2
2025-05-25 12:00:54,383 [Worker-19: Download sources and javadoc] INFO  o.e.m.c.i.e.AbstractTransferListenerAdapter - Downloading https://repo.maven.apache.org/maven2/org/mockito/mockito-core/5.17.0/mockito-core-5.17.0-sources.jar
2025-05-25 12:00:54,448 [Worker-19: Download sources and javadoc] INFO  o.e.m.c.i.e.AbstractTransferListenerAdapter - Downloaded https://repo.maven.apache.org/maven2/org/mockito/mockito-core/5.17.0/mockito-core-5.17.0-sources.jar
2025-05-25 12:00:54,453 [Worker-19: Download sources and javadoc] INFO  o.e.m.j.internal.DownloadSourcesJob - Downloaded sources for org.mockito:mockito-core:5.17.0
2025-05-25 12:00:54,485 [Worker-19: Download sources and javadoc] INFO  o.e.m.c.i.e.AbstractTransferListenerAdapter - Downloading https://repo.maven.apache.org/maven2/net/bytebuddy/byte-buddy-agent/1.17.5/byte-buddy-agent-1.17.5-sources.jar
2025-05-25 12:00:54,530 [Worker-19: Download sources and javadoc] INFO  o.e.m.c.i.e.AbstractTransferListenerAdapter - Downloaded https://repo.maven.apache.org/maven2/net/bytebuddy/byte-buddy-agent/1.17.5/byte-buddy-agent-1.17.5-sources.jar
2025-05-25 12:00:54,536 [Worker-19: Download sources and javadoc] INFO  o.e.m.j.internal.DownloadSourcesJob - Downloaded sources for net.bytebuddy:byte-buddy-agent:1.17.5
2025-05-25 12:00:54,567 [Worker-19: Download sources and javadoc] INFO  o.e.m.c.i.e.AbstractTransferListenerAdapter - Downloading https://repo.maven.apache.org/maven2/org/mockito/mockito-junit-jupiter/5.17.0/mockito-junit-jupiter-5.17.0-sources.jar
2025-05-25 12:00:54,575 [Worker-19: Download sources and javadoc] INFO  o.e.m.c.i.e.AbstractTransferListenerAdapter - Downloaded https://repo.maven.apache.org/maven2/org/mockito/mockito-junit-jupiter/5.17.0/mockito-junit-jupiter-5.17.0-sources.jar
2025-05-25 12:00:54,580 [Worker-19: Download sources and javadoc] INFO  o.e.m.j.internal.DownloadSourcesJob - Downloaded sources for org.mockito:mockito-junit-jupiter:5.17.0
2025-05-25 12:00:54,611 [Worker-19: Download sources and javadoc] INFO  o.e.m.c.i.e.AbstractTransferListenerAdapter - Downloading https://repo.maven.apache.org/maven2/org/springframework/spring-core/6.2.7/spring-core-6.2.7-sources.jar
2025-05-25 12:00:54,806 [Worker-19: Download sources and javadoc] INFO  o.e.m.c.i.e.AbstractTransferListenerAdapter - Downloaded https://repo.maven.apache.org/maven2/org/springframework/spring-core/6.2.7/spring-core-6.2.7-sources.jar
2025-05-25 12:00:54,811 [Worker-19: Download sources and javadoc] INFO  o.e.m.j.internal.DownloadSourcesJob - Downloaded sources for org.springframework:spring-core:6.2.7
2025-05-25 12:00:54,846 [Worker-19: Download sources and javadoc] INFO  o.e.m.c.i.e.AbstractTransferListenerAdapter - Downloading https://repo.maven.apache.org/maven2/org/springframework/spring-jcl/6.2.7/spring-jcl-6.2.7-sources.jar
2025-05-25 12:00:54,854 [Worker-19: Download sources and javadoc] INFO  o.e.m.c.i.e.AbstractTransferListenerAdapter - Downloaded https://repo.maven.apache.org/maven2/org/springframework/spring-jcl/6.2.7/spring-jcl-6.2.7-sources.jar
2025-05-25 12:00:54,860 [Worker-19: Download sources and javadoc] INFO  o.e.m.j.internal.DownloadSourcesJob - Downloaded sources for org.springframework:spring-jcl:6.2.7
2025-05-25 12:00:54,889 [Worker-19: Download sources and javadoc] INFO  o.e.m.c.i.e.AbstractTransferListenerAdapter - Downloading https://repo.maven.apache.org/maven2/org/springframework/spring-test/6.2.7/spring-test-6.2.7-sources.jar
2025-05-25 12:00:55,084 [Worker-19: Download sources and javadoc] INFO  o.e.m.c.i.e.AbstractTransferListenerAdapter - Downloaded https://repo.maven.apache.org/maven2/org/springframework/spring-test/6.2.7/spring-test-6.2.7-sources.jar
2025-05-25 12:00:55,091 [Worker-19: Download sources and javadoc] INFO  o.e.m.j.internal.DownloadSourcesJob - Downloaded sources for org.springframework:spring-test:6.2.7
2025-05-25 12:00:55,125 [Worker-19: Download sources and javadoc] INFO  o.e.m.c.i.e.AbstractTransferListenerAdapter - Downloading https://repo.maven.apache.org/maven2/org/xmlunit/xmlunit-core/2.10.1/xmlunit-core-2.10.1-sources.jar
2025-05-25 12:00:55,144 [Worker-19: Download sources and javadoc] INFO  o.e.m.c.i.e.AbstractTransferListenerAdapter - Downloaded https://repo.maven.apache.org/maven2/org/xmlunit/xmlunit-core/2.10.1/xmlunit-core-2.10.1-sources.jar
2025-05-25 12:00:55,151 [Worker-19: Download sources and javadoc] INFO  o.e.m.j.internal.DownloadSourcesJob - Downloaded sources for org.xmlunit:xmlunit-core:2.10.1
2025-05-25 12:02:16,578 [Worker-21: Import Getting Started Content] INFO  o.e.m.c.i.l.LifecycleMappingFactory - Using org.eclipse.m2e.jdt.JarLifecycleMapping lifecycle mapping for MavenProject: sagar.solution:Customer-Api:0.0.1-SNAPSHOT @ E:\Ecommerce project\Customer-Api\pom.xml.
2025-05-25 12:02:17,156 [Worker-21: Import Getting Started Content] INFO  o.e.m.j.i.AbstractJavaProjectConfigurator - Adding source folder /Customer-Api/src/main/java
2025-05-25 12:02:17,157 [Worker-21: Import Getting Started Content] INFO  o.e.m.j.i.AbstractJavaProjectConfigurator - Adding resource folder /Customer-Api/src/main/resources
2025-05-25 12:02:17,162 [Worker-21: Import Getting Started Content] INFO  o.e.m.j.i.AbstractJavaProjectConfigurator - Adding resource folder /Customer-Api/src/main/resources
2025-05-25 12:02:17,164 [Worker-21: Import Getting Started Content] INFO  o.e.m.j.i.AbstractJavaProjectConfigurator - Adding source folder /Customer-Api/src/test/java
2025-05-25 12:02:17,165 [Worker-21: Import Getting Started Content] INFO  o.e.m.j.i.AbstractJavaProjectConfigurator - Adding resource folder /Customer-Api/src/test/resources
2025-05-25 12:02:17,207 [Worker-21: Import Getting Started Content] WARN  o.e.m.c.i.embedder.EclipseLogger - The POM for org.projectlombok:lombok:jar: is missing, no dependency information available
2025-05-25 12:02:17,210 [Worker-21: Import Getting Started Content] ERROR o.e.m.a.i.u.PluginDependencyResolver - Unable to collect dependencies for plugin
org.eclipse.aether.resolution.DependencyResolutionException: The following artifacts could not be resolved: org.projectlombok:lombok:jar: (absent): org.projectlombok:lombok:jar: was not found in https://repo.maven.apache.org/maven2 during a previous attempt. This failure was cached in the local repository and resolution is not reattempted until the update interval of central has elapsed or updates are forced
	at org.eclipse.aether.internal.impl.DefaultRepositorySystem.resolveDependencies(DefaultRepositorySystem.java:365)
	at org.eclipse.m2e.apt.internal.utils.PluginDependencyResolver.getResolvedPluginDependencies(PluginDependencyResolver.java:106)
	at org.eclipse.m2e.apt.internal.compiler.MavenCompilerJdtAptDelegate.getAnnotationProcessorConfiguration(MavenCompilerJdtAptDelegate.java:172)
	at org.eclipse.m2e.apt.internal.AbstractAptConfiguratorDelegate.configureClasspath(AbstractAptConfiguratorDelegate.java:241)
	at org.eclipse.m2e.apt.internal.AbstractAptProjectConfigurator.lambda$1(AbstractAptProjectConfigurator.java:156)
	at org.eclipse.m2e.core.internal.embedder.MavenExecutionContext.executeBare(MavenExecutionContext.java:394)
	at org.eclipse.m2e.core.internal.embedder.MavenExecutionContext.execute(MavenExecutionContext.java:275)
	at org.eclipse.m2e.core.internal.embedder.MavenExecutionContext.execute(MavenExecutionContext.java:214)
	at org.eclipse.m2e.apt.internal.AbstractAptProjectConfigurator.configureRawClasspath(AbstractAptProjectConfigurator.java:150)
	at org.eclipse.m2e.jdt.internal.AbstractJavaProjectConfigurator.invokeJavaProjectConfigurators(AbstractJavaProjectConfigurator.java:209)
	at org.eclipse.m2e.jdt.internal.AbstractJavaProjectConfigurator.configure(AbstractJavaProjectConfigurator.java:167)
	at org.eclipse.m2e.core.project.configurator.AbstractLifecycleMapping.configure(AbstractLifecycleMapping.java:123)
	at org.eclipse.m2e.core.internal.project.ProjectConfigurationManager.lambda$6(ProjectConfigurationManager.java:503)
	at org.eclipse.m2e.core.internal.embedder.MavenExecutionContext.executeBare(MavenExecutionContext.java:394)
	at org.eclipse.m2e.core.internal.embedder.MavenExecutionContext.execute(MavenExecutionContext.java:275)
	at org.eclipse.m2e.core.internal.project.ProjectConfigurationManager.updateProjectConfiguration(ProjectConfigurationManager.java:497)
	at org.eclipse.m2e.core.internal.project.ProjectConfigurationManager.configureNewMavenProjects(ProjectConfigurationManager.java:278)
	at org.eclipse.m2e.core.internal.project.ProjectConfigurationManager.lambda$1(ProjectConfigurationManager.java:165)
	at org.eclipse.m2e.core.internal.embedder.MavenExecutionContext.executeBare(MavenExecutionContext.java:394)
	at org.eclipse.m2e.core.internal.embedder.MavenExecutionContext.execute(MavenExecutionContext.java:275)
	at org.eclipse.m2e.core.internal.embedder.MavenExecutionContext.execute(MavenExecutionContext.java:214)
	at org.eclipse.m2e.core.internal.project.ProjectConfigurationManager.importProjects(ProjectConfigurationManager.java:138)
	at org.eclipse.m2e.core.internal.project.ProjectConfigurationManager.importProjects(ProjectConfigurationManager.java:129)
	at org.springframework.ide.eclipse.boot.wizard.importing.MavenStrategy.createEclipseProjectFromExistingMavenProject(MavenStrategy.java:134)
	at org.springframework.ide.eclipse.boot.wizard.importing.MavenStrategy$MavenCodeSetImport.run(MavenStrategy.java:85)
	at org.springframework.ide.eclipse.boot.wizard.importing.MavenStrategy$MavenCodeSetImport.run(MavenStrategy.java:1)
	at org.springframework.ide.eclipse.boot.wizard.NewSpringBootWizardModel.importProject(NewSpringBootWizardModel.java:343)
	at org.springframework.ide.eclipse.boot.wizard.NewSpringBootWizardModel.performFinish(NewSpringBootWizardModel.java:322)
	at org.springframework.ide.eclipse.boot.wizard.NewSpringBootWizard$1.runInWorkspace(NewSpringBootWizard.java:239)
	at org.eclipse.core.internal.resources.InternalWorkspaceJob.run(InternalWorkspaceJob.java:43)
	at org.eclipse.core.internal.jobs.Worker.run(Worker.java:63)
Caused by: org.eclipse.aether.resolution.ArtifactResolutionException: The following artifacts could not be resolved: org.projectlombok:lombok:jar: (absent): org.projectlombok:lombok:jar: was not found in https://repo.maven.apache.org/maven2 during a previous attempt. This failure was cached in the local repository and resolution is not reattempted until the update interval of central has elapsed or updates are forced
	at org.eclipse.aether.internal.impl.DefaultArtifactResolver.resolve(DefaultArtifactResolver.java:473)
	at org.eclipse.aether.internal.impl.DefaultArtifactResolver.resolveArtifacts(DefaultArtifactResolver.java:261)
	at org.eclipse.aether.internal.impl.DefaultRepositorySystem.resolveDependencies(DefaultRepositorySystem.java:353)
	... 30 common frames omitted
Caused by: org.eclipse.aether.transfer.ArtifactNotFoundException: org.projectlombok:lombok:jar: was not found in https://repo.maven.apache.org/maven2 during a previous attempt. This failure was cached in the local repository and resolution is not reattempted until the update interval of central has elapsed or updates are forced
	at org.eclipse.aether.internal.impl.DefaultUpdateCheckManager.newException(DefaultUpdateCheckManager.java:225)
	at org.eclipse.aether.internal.impl.DefaultUpdateCheckManager.checkArtifact(DefaultUpdateCheckManager.java:201)
	at org.eclipse.aether.internal.impl.DefaultArtifactResolver.gatherDownloads(DefaultArtifactResolver.java:586)
	at org.eclipse.aether.internal.impl.DefaultArtifactResolver.performDownloads(DefaultArtifactResolver.java:525)
	at org.eclipse.aether.internal.impl.DefaultArtifactResolver.resolve(DefaultArtifactResolver.java:449)
	... 32 common frames omitted
2025-05-25 12:02:17,771 [Worker-19: Building] INFO  o.a.m.s.f.DefaultMavenResourcesFiltering - Copying 1 resource from src\main\resources to target\classes
2025-05-25 12:02:17,794 [Worker-19: Building] INFO  o.a.m.s.f.DefaultMavenResourcesFiltering - Copying 0 resource from src\main\resources to target\classes
2025-05-25 12:02:17,800 [Worker-19: Building] INFO  o.a.m.s.f.DefaultMavenResourcesFiltering - skip non existing resourceDirectory E:\Ecommerce project\Customer-Api\src\test\resources
2025-05-25 12:02:50,579 [Worker-19: Building] INFO  o.a.m.s.f.DefaultMavenResourcesFiltering - Copying 1 resource from src\main\resources to target\classes
2025-05-25 12:02:50,585 [Worker-19: Building] INFO  o.a.m.s.f.DefaultMavenResourcesFiltering - Copying 0 resource from src\main\resources to target\classes
2025-05-25 12:02:50,589 [Worker-19: Building] INFO  o.a.m.s.f.DefaultMavenResourcesFiltering - skip non existing resourceDirectory E:\Ecommerce project\Customer-Api\src\test\resources
2025-05-25 12:03:18,121 [Worker-22: Building] INFO  o.a.m.s.f.DefaultMavenResourcesFiltering - Copying 1 resource from src\main\resources to target\classes
2025-05-25 12:03:18,126 [Worker-22: Building] INFO  o.a.m.s.f.DefaultMavenResourcesFiltering - Copying 0 resource from src\main\resources to target\classes
2025-05-25 12:03:18,130 [Worker-22: Building] INFO  o.a.m.s.f.DefaultMavenResourcesFiltering - skip non existing resourceDirectory E:\Ecommerce project\Customer-Api\src\test\resources
2025-05-25 12:06:45,230 [Worker-23: Building] INFO  o.a.m.s.f.DefaultMavenResourcesFiltering - Copying 1 resource from src\main\resources to target\classes
2025-05-25 12:06:45,269 [Worker-23: Building] INFO  o.a.m.s.f.DefaultMavenResourcesFiltering - Copying 0 resource from src\main\resources to target\classes
2025-05-25 12:06:45,272 [Worker-23: Building] INFO  o.a.m.s.f.DefaultMavenResourcesFiltering - skip non existing resourceDirectory E:\Ecommerce project\Customer-Api\src\test\resources
2025-05-25 12:10:10,986 [Worker-25: Building] INFO  o.a.m.s.f.DefaultMavenResourcesFiltering - Copying 1 resource from src\main\resources to target\classes
2025-05-25 12:10:11,061 [Worker-25: Building] INFO  o.a.m.s.f.DefaultMavenResourcesFiltering - Copying 0 resource from src\main\resources to target\classes
2025-05-25 12:10:11,068 [Worker-25: Building] INFO  o.a.m.s.f.DefaultMavenResourcesFiltering - skip non existing resourceDirectory E:\Ecommerce project\Customer-Api\src\test\resources
2025-05-25 12:12:20,955 [Worker-19: Building] INFO  o.a.m.s.f.DefaultMavenResourcesFiltering - Copying 1 resource from src\main\resources to target\classes
2025-05-25 12:12:20,993 [Worker-19: Building] INFO  o.a.m.s.f.DefaultMavenResourcesFiltering - Copying 0 resource from src\main\resources to target\classes
2025-05-25 12:12:20,996 [Worker-19: Building] INFO  o.a.m.s.f.DefaultMavenResourcesFiltering - skip non existing resourceDirectory E:\Ecommerce project\Customer-Api\src\test\resources
2025-05-25 12:16:27,703 [Worker-26: Building] INFO  o.a.m.s.f.DefaultMavenResourcesFiltering - Copying 1 resource from src\main\resources to target\classes
2025-05-25 12:16:27,711 [Worker-26: Building] INFO  o.a.m.s.f.DefaultMavenResourcesFiltering - Copying 0 resource from src\main\resources to target\classes
2025-05-25 12:16:27,716 [Worker-26: Building] INFO  o.a.m.s.f.DefaultMavenResourcesFiltering - skip non existing resourceDirectory E:\Ecommerce project\Customer-Api\src\test\resources
2025-05-25 12:16:59,159 [Worker-19: Building] INFO  o.a.m.s.f.DefaultMavenResourcesFiltering - Copying 1 resource from src\main\resources to target\classes
2025-05-25 12:16:59,175 [Worker-19: Building] INFO  o.a.m.s.f.DefaultMavenResourcesFiltering - Copying 0 resource from src\main\resources to target\classes
2025-05-25 12:16:59,197 [Worker-19: Building] INFO  o.a.m.s.f.DefaultMavenResourcesFiltering - skip non existing resourceDirectory E:\Ecommerce project\Customer-Api\src\test\resources
2025-05-25 12:18:44,546 [Worker-29: Building] INFO  o.a.m.s.f.DefaultMavenResourcesFiltering - Copying 1 resource from src\main\resources to target\classes
2025-05-25 12:18:44,556 [Worker-29: Building] INFO  o.a.m.s.f.DefaultMavenResourcesFiltering - Copying 0 resource from src\main\resources to target\classes
2025-05-25 12:18:44,558 [Worker-29: Building] INFO  o.a.m.s.f.DefaultMavenResourcesFiltering - skip non existing resourceDirectory E:\Ecommerce project\Customer-Api\src\test\resources
2025-05-25 12:33:40,956 [Worker-19: Building] INFO  o.a.m.s.f.DefaultMavenResourcesFiltering - Copying 1 resource from src\main\resources to target\classes
2025-05-25 12:33:40,961 [Worker-19: Building] INFO  o.a.m.s.f.DefaultMavenResourcesFiltering - Copying 0 resource from src\main\resources to target\classes
2025-05-25 12:33:40,963 [Worker-19: Building] INFO  o.a.m.s.f.DefaultMavenResourcesFiltering - skip non existing resourceDirectory E:\Ecommerce project\Customer-Api\src\test\resources
2025-05-25 12:36:35,091 [Worker-31: Building] INFO  o.a.m.s.f.DefaultMavenResourcesFiltering - Copying 1 resource from src\main\resources to target\classes
2025-05-25 12:36:35,096 [Worker-31: Building] INFO  o.a.m.s.f.DefaultMavenResourcesFiltering - Copying 0 resource from src\main\resources to target\classes
2025-05-25 12:36:35,100 [Worker-31: Building] INFO  o.a.m.s.f.DefaultMavenResourcesFiltering - skip non existing resourceDirectory E:\Ecommerce project\Customer-Api\src\test\resources
2025-05-25 12:45:37,659 [Worker-34: Building] INFO  o.a.m.s.f.DefaultMavenResourcesFiltering - Copying 1 resource from src\main\resources to target\classes
2025-05-25 12:45:37,665 [Worker-34: Building] INFO  o.a.m.s.f.DefaultMavenResourcesFiltering - Copying 0 resource from src\main\resources to target\classes
2025-05-25 12:45:37,669 [Worker-34: Building] INFO  o.a.m.s.f.DefaultMavenResourcesFiltering - skip non existing resourceDirectory E:\Ecommerce project\Customer-Api\src\test\resources
2025-05-25 12:48:00,513 [Worker-32: Building] INFO  o.a.m.s.f.DefaultMavenResourcesFiltering - Copying 1 resource from src\main\resources to target\classes
2025-05-25 12:48:00,523 [Worker-32: Building] INFO  o.a.m.s.f.DefaultMavenResourcesFiltering - Copying 0 resource from src\main\resources to target\classes
2025-05-25 12:48:00,529 [Worker-32: Building] INFO  o.a.m.s.f.DefaultMavenResourcesFiltering - skip non existing resourceDirectory E:\Ecommerce project\Customer-Api\src\test\resources
2025-05-25 12:48:37,046 [Worker-33: Building] INFO  o.a.m.s.f.DefaultMavenResourcesFiltering - Copying 1 resource from src\main\resources to target\classes
2025-05-25 12:48:37,051 [Worker-33: Building] INFO  o.a.m.s.f.DefaultMavenResourcesFiltering - Copying 0 resource from src\main\resources to target\classes
2025-05-25 12:48:37,054 [Worker-33: Building] INFO  o.a.m.s.f.DefaultMavenResourcesFiltering - skip non existing resourceDirectory E:\Ecommerce project\Customer-Api\src\test\resources
2025-05-25 12:50:48,980 [Worker-36: Building] INFO  o.a.m.s.f.DefaultMavenResourcesFiltering - Copying 1 resource from src\main\resources to target\classes
2025-05-25 12:50:48,986 [Worker-36: Building] INFO  o.a.m.s.f.DefaultMavenResourcesFiltering - Copying 0 resource from src\main\resources to target\classes
2025-05-25 12:50:48,990 [Worker-36: Building] INFO  o.a.m.s.f.DefaultMavenResourcesFiltering - skip non existing resourceDirectory E:\Ecommerce project\Customer-Api\src\test\resources
2025-05-25 12:51:04,700 [Worker-37: Building] INFO  o.a.m.s.f.DefaultMavenResourcesFiltering - Copying 1 resource from src\main\resources to target\classes
2025-05-25 12:51:04,706 [Worker-37: Building] INFO  o.a.m.s.f.DefaultMavenResourcesFiltering - Copying 0 resource from src\main\resources to target\classes
2025-05-25 12:51:04,709 [Worker-37: Building] INFO  o.a.m.s.f.DefaultMavenResourcesFiltering - skip non existing resourceDirectory E:\Ecommerce project\Customer-Api\src\test\resources
2025-05-25 17:33:30,095 [Worker-4: Loading available Gradle versions] INFO  o.e.b.c.i.u.g.PublishedGradleVersions - Gradle version information cache is up-to-date. Trying to read.
2025-05-25 17:34:28,739 [Worker-8: Building] INFO  o.a.m.s.f.DefaultMavenResourcesFiltering - Copying 1 resource from src\main\resources to target\classes
2025-05-25 17:34:28,822 [Worker-8: Building] INFO  o.a.m.s.f.DefaultMavenResourcesFiltering - Copying 0 resource from src\main\resources to target\classes
2025-05-25 17:34:28,833 [Worker-8: Building] INFO  o.a.m.s.f.DefaultMavenResourcesFiltering - skip non existing resourceDirectory E:\Ecommerce project\Customer-Api\src\test\resources
2025-05-25 17:35:09,118 [Worker-11: Building] INFO  o.a.m.s.f.DefaultMavenResourcesFiltering - Copying 1 resource from src\main\resources to target\classes
2025-05-25 17:35:09,184 [Worker-11: Building] INFO  o.a.m.s.f.DefaultMavenResourcesFiltering - Copying 0 resource from src\main\resources to target\classes
2025-05-25 17:35:09,190 [Worker-11: Building] INFO  o.a.m.s.f.DefaultMavenResourcesFiltering - skip non existing resourceDirectory E:\Ecommerce project\Customer-Api\src\test\resources
2025-05-25 17:35:46,886 [Worker-9: Building] INFO  o.a.m.s.f.DefaultMavenResourcesFiltering - Copying 1 resource from src\main\resources to target\classes
2025-05-25 17:35:47,010 [Worker-9: Building] INFO  o.a.m.s.f.DefaultMavenResourcesFiltering - Copying 0 resource from src\main\resources to target\classes
2025-05-25 17:35:47,015 [Worker-9: Building] INFO  o.a.m.s.f.DefaultMavenResourcesFiltering - skip non existing resourceDirectory E:\Ecommerce project\Customer-Api\src\test\resources
2025-05-25 17:36:26,093 [Worker-1: Building] INFO  o.e.m.c.i.l.LifecycleMappingFactory - Using org.eclipse.m2e.jdt.JarLifecycleMapping lifecycle mapping for MavenProject: sagar.solution:Customer-Api:0.0.1-SNAPSHOT @ E:\Ecommerce project\Customer-Api\pom.xml.
2025-05-25 17:36:27,093 [Worker-1: Building] INFO  o.e.m.c.i.e.AbstractTransferListenerAdapter - Downloading https://repo.maven.apache.org/maven2/org/springframework/boot/spring-boot-starter-mail/3.5.0/spring-boot-starter-mail-3.5.0.pom
2025-05-25 17:36:27,117 [Worker-1: Building] INFO  o.e.m.c.i.e.AbstractTransferListenerAdapter - Downloaded https://repo.maven.apache.org/maven2/org/springframework/boot/spring-boot-starter-mail/3.5.0/spring-boot-starter-mail-3.5.0.pom
2025-05-25 17:36:27,148 [Worker-1: Building] INFO  o.e.m.c.i.e.AbstractTransferListenerAdapter - Downloading https://repo.maven.apache.org/maven2/org/springframework/spring-context-support/6.2.7/spring-context-support-6.2.7.pom
2025-05-25 17:36:27,155 [Worker-1: Building] INFO  o.e.m.c.i.e.AbstractTransferListenerAdapter - Downloaded https://repo.maven.apache.org/maven2/org/springframework/spring-context-support/6.2.7/spring-context-support-6.2.7.pom
2025-05-25 17:36:27,291 [Worker-1: Building] INFO  o.e.m.c.i.e.AbstractTransferListenerAdapter - Downloading https://repo.maven.apache.org/maven2/org/springframework/boot/spring-boot-starter-mail/3.5.0/spring-boot-starter-mail-3.5.0.jar
2025-05-25 17:36:27,302 [Worker-1: Building] INFO  o.e.m.c.i.e.AbstractTransferListenerAdapter - Downloaded https://repo.maven.apache.org/maven2/org/springframework/boot/spring-boot-starter-mail/3.5.0/spring-boot-starter-mail-3.5.0.jar
2025-05-25 17:36:27,316 [BasicRepositoryConnector-repo.maven.apache.org-0-0] INFO  o.e.m.c.i.e.AbstractTransferListenerAdapter - Downloading https://repo.maven.apache.org/maven2/org/springframework/spring-context-support/6.2.7/spring-context-support-6.2.7.jar
2025-05-25 17:36:27,463 [BasicRepositoryConnector-repo.maven.apache.org-0-0] INFO  o.e.m.c.i.e.AbstractTransferListenerAdapter - Downloaded https://repo.maven.apache.org/maven2/org/springframework/spring-context-support/6.2.7/spring-context-support-6.2.7.jar
2025-05-25 17:36:28,237 [Worker-1: Building] INFO  o.a.m.s.f.DefaultMavenResourcesFiltering - Copying 0 resource from src\main\resources to target\classes
2025-05-25 17:36:28,238 [Worker-1: Building] INFO  o.a.m.s.f.DefaultMavenResourcesFiltering - Copying 0 resource from src\main\resources to target\classes
2025-05-25 17:36:28,243 [Worker-1: Building] INFO  o.a.m.s.f.DefaultMavenResourcesFiltering - skip non existing resourceDirectory E:\Ecommerce project\Customer-Api\src\test\resources
2025-05-25 17:36:28,467 [Worker-0: Updating Maven Project] INFO  o.e.m.c.i.p.ProjectConfigurationManager - Update started
2025-05-25 17:36:29,303 [Worker-0: Updating Maven Project] INFO  o.e.m.c.i.l.LifecycleMappingFactory - Using org.eclipse.m2e.jdt.JarLifecycleMapping lifecycle mapping for MavenProject: sagar.solution:Customer-Api:0.0.1-SNAPSHOT @ E:\Ecommerce project\Customer-Api\pom.xml.
2025-05-25 17:36:29,305 [Worker-3: Download sources and javadoc] INFO  o.e.m.c.i.e.AbstractTransferListenerAdapter - Downloading https://repo.maven.apache.org/maven2/org/springframework/boot/spring-boot-starter-mail/3.5.0/spring-boot-starter-mail-3.5.0-sources.jar
2025-05-25 17:36:29,313 [Worker-3: Download sources and javadoc] INFO  o.e.m.c.i.e.AbstractTransferListenerAdapter - Downloaded https://repo.maven.apache.org/maven2/org/springframework/boot/spring-boot-starter-mail/3.5.0/spring-boot-starter-mail-3.5.0-sources.jar
2025-05-25 17:36:29,318 [Worker-3: Download sources and javadoc] INFO  o.e.m.j.internal.DownloadSourcesJob - Downloaded sources for org.springframework.boot:spring-boot-starter-mail:3.5.0
2025-05-25 17:36:29,379 [Worker-3: Download sources and javadoc] INFO  o.e.m.c.i.e.AbstractTransferListenerAdapter - Downloading https://repo.maven.apache.org/maven2/org/springframework/spring-context-support/6.2.7/spring-context-support-6.2.7-sources.jar
2025-05-25 17:36:29,415 [Worker-3: Download sources and javadoc] INFO  o.e.m.c.i.e.AbstractTransferListenerAdapter - Downloaded https://repo.maven.apache.org/maven2/org/springframework/spring-context-support/6.2.7/spring-context-support-6.2.7-sources.jar
2025-05-25 17:36:29,422 [Worker-3: Download sources and javadoc] INFO  o.e.m.j.internal.DownloadSourcesJob - Downloaded sources for org.springframework:spring-context-support:6.2.7
2025-05-25 17:36:30,042 [Worker-0: Updating Maven Project] INFO  o.e.m.j.i.AbstractJavaProjectConfigurator - Adding source folder /Customer-Api/src/main/java
2025-05-25 17:36:30,043 [Worker-0: Updating Maven Project] INFO  o.e.m.j.i.AbstractJavaProjectConfigurator - Adding resource folder /Customer-Api/src/main/resources
2025-05-25 17:36:30,043 [Worker-0: Updating Maven Project] INFO  o.e.m.j.i.AbstractJavaProjectConfigurator - Adding resource folder /Customer-Api/src/main/resources
2025-05-25 17:36:30,045 [Worker-0: Updating Maven Project] INFO  o.e.m.j.i.AbstractJavaProjectConfigurator - Adding source folder /Customer-Api/src/test/java
2025-05-25 17:36:30,045 [Worker-0: Updating Maven Project] INFO  o.e.m.j.i.AbstractJavaProjectConfigurator - Adding resource folder /Customer-Api/src/test/resources
2025-05-25 17:36:30,094 [Worker-0: Updating Maven Project] WARN  o.e.m.c.i.embedder.EclipseLogger - The POM for org.projectlombok:lombok:jar: is missing, no dependency information available
2025-05-25 17:36:30,112 [Worker-0: Updating Maven Project] ERROR o.e.m.a.i.u.PluginDependencyResolver - Unable to collect dependencies for plugin
org.eclipse.aether.resolution.DependencyResolutionException: The following artifacts could not be resolved: org.projectlombok:lombok:jar: (absent): org.projectlombok:lombok:jar: was not found in https://repo.maven.apache.org/maven2 during a previous attempt. This failure was cached in the local repository and resolution is not reattempted until the update interval of central has elapsed or updates are forced
	at org.eclipse.aether.internal.impl.DefaultRepositorySystem.resolveDependencies(DefaultRepositorySystem.java:365)
	at org.eclipse.m2e.apt.internal.utils.PluginDependencyResolver.getResolvedPluginDependencies(PluginDependencyResolver.java:106)
	at org.eclipse.m2e.apt.internal.compiler.MavenCompilerJdtAptDelegate.getAnnotationProcessorConfiguration(MavenCompilerJdtAptDelegate.java:172)
	at org.eclipse.m2e.apt.internal.AbstractAptConfiguratorDelegate.configureClasspath(AbstractAptConfiguratorDelegate.java:241)
	at org.eclipse.m2e.apt.internal.AbstractAptProjectConfigurator.lambda$1(AbstractAptProjectConfigurator.java:156)
	at org.eclipse.m2e.core.internal.embedder.MavenExecutionContext.executeBare(MavenExecutionContext.java:394)
	at org.eclipse.m2e.core.internal.embedder.MavenExecutionContext.execute(MavenExecutionContext.java:275)
	at org.eclipse.m2e.core.internal.embedder.MavenExecutionContext.execute(MavenExecutionContext.java:214)
	at org.eclipse.m2e.apt.internal.AbstractAptProjectConfigurator.configureRawClasspath(AbstractAptProjectConfigurator.java:150)
	at org.eclipse.m2e.jdt.internal.AbstractJavaProjectConfigurator.invokeJavaProjectConfigurators(AbstractJavaProjectConfigurator.java:209)
	at org.eclipse.m2e.jdt.internal.AbstractJavaProjectConfigurator.configure(AbstractJavaProjectConfigurator.java:167)
	at org.eclipse.m2e.core.project.configurator.AbstractLifecycleMapping.configure(AbstractLifecycleMapping.java:123)
	at org.eclipse.m2e.core.internal.project.ProjectConfigurationManager.lambda$6(ProjectConfigurationManager.java:503)
	at org.eclipse.m2e.core.internal.embedder.MavenExecutionContext.executeBare(MavenExecutionContext.java:394)
	at org.eclipse.m2e.core.internal.embedder.MavenExecutionContext.execute(MavenExecutionContext.java:275)
	at org.eclipse.m2e.core.internal.project.ProjectConfigurationManager.updateProjectConfiguration(ProjectConfigurationManager.java:497)
	at org.eclipse.m2e.core.internal.project.ProjectConfigurationManager.lambda$4(ProjectConfigurationManager.java:425)
	at java.base/java.util.Collection.removeIf(Collection.java:576)
	at org.eclipse.m2e.core.internal.project.ProjectConfigurationManager.updateProjectConfiguration0(ProjectConfigurationManager.java:413)
	at org.eclipse.m2e.core.internal.project.ProjectConfigurationManager.lambda$3(ProjectConfigurationManager.java:339)
	at org.eclipse.m2e.core.internal.embedder.MavenExecutionContext.executeBare(MavenExecutionContext.java:394)
	at org.eclipse.m2e.core.internal.embedder.MavenExecutionContext.execute(MavenExecutionContext.java:275)
	at org.eclipse.m2e.core.internal.embedder.MavenExecutionContext.execute(MavenExecutionContext.java:214)
	at org.eclipse.m2e.core.internal.embedder.MavenImpl.execute(MavenImpl.java:1097)
	at org.eclipse.m2e.core.internal.project.ProjectConfigurationManager.updateProjectConfiguration(ProjectConfigurationManager.java:338)
	at org.eclipse.m2e.core.ui.internal.UpdateMavenProjectJob.runInWorkspace(UpdateMavenProjectJob.java:80)
	at org.eclipse.core.internal.resources.InternalWorkspaceJob.run(InternalWorkspaceJob.java:43)
	at org.eclipse.core.internal.jobs.Worker.run(Worker.java:63)
Caused by: org.eclipse.aether.resolution.ArtifactResolutionException: The following artifacts could not be resolved: org.projectlombok:lombok:jar: (absent): org.projectlombok:lombok:jar: was not found in https://repo.maven.apache.org/maven2 during a previous attempt. This failure was cached in the local repository and resolution is not reattempted until the update interval of central has elapsed or updates are forced
	at org.eclipse.aether.internal.impl.DefaultArtifactResolver.resolve(DefaultArtifactResolver.java:473)
	at org.eclipse.aether.internal.impl.DefaultArtifactResolver.resolveArtifacts(DefaultArtifactResolver.java:261)
	at org.eclipse.aether.internal.impl.DefaultRepositorySystem.resolveDependencies(DefaultRepositorySystem.java:353)
	... 27 common frames omitted
Caused by: org.eclipse.aether.transfer.ArtifactNotFoundException: org.projectlombok:lombok:jar: was not found in https://repo.maven.apache.org/maven2 during a previous attempt. This failure was cached in the local repository and resolution is not reattempted until the update interval of central has elapsed or updates are forced
	at org.eclipse.aether.internal.impl.DefaultUpdateCheckManager.newException(DefaultUpdateCheckManager.java:225)
	at org.eclipse.aether.internal.impl.DefaultUpdateCheckManager.checkArtifact(DefaultUpdateCheckManager.java:201)
	at org.eclipse.aether.internal.impl.DefaultArtifactResolver.gatherDownloads(DefaultArtifactResolver.java:586)
	at org.eclipse.aether.internal.impl.DefaultArtifactResolver.performDownloads(DefaultArtifactResolver.java:525)
	at org.eclipse.aether.internal.impl.DefaultArtifactResolver.resolve(DefaultArtifactResolver.java:449)
	... 29 common frames omitted
2025-05-25 17:36:30,138 [Worker-0: Updating Maven Project] INFO  o.e.m.c.i.p.ProjectConfigurationManager - Update completed for 1 poms: local refresh takes 0.00 sec, refresh facades takes 1.00 sec, update config takes 0.00 sec 
2025-05-25 17:36:31,273 [Worker-11: Building] INFO  o.a.m.s.f.DefaultMavenResourcesFiltering - Copying 1 resource from src\main\resources to target\classes
2025-05-25 17:36:31,296 [Worker-11: Building] INFO  o.a.m.s.f.DefaultMavenResourcesFiltering - Copying 0 resource from src\main\resources to target\classes
2025-05-25 17:36:31,302 [Worker-11: Building] INFO  o.a.m.s.f.DefaultMavenResourcesFiltering - skip non existing resourceDirectory E:\Ecommerce project\Customer-Api\src\test\resources
2025-05-25 17:38:03,339 [Worker-0: Building] INFO  o.a.m.s.f.DefaultMavenResourcesFiltering - Copying 1 resource from src\main\resources to target\classes
2025-05-25 17:38:03,367 [Worker-0: Building] INFO  o.a.m.s.f.DefaultMavenResourcesFiltering - Copying 0 resource from src\main\resources to target\classes
2025-05-25 17:38:03,371 [Worker-0: Building] INFO  o.a.m.s.f.DefaultMavenResourcesFiltering - skip non existing resourceDirectory E:\Ecommerce project\Customer-Api\src\test\resources
2025-05-25 17:38:17,708 [Worker-9: Building] INFO  o.a.m.s.f.DefaultMavenResourcesFiltering - Copying 1 resource from src\main\resources to target\classes
2025-05-25 17:38:17,727 [Worker-9: Building] INFO  o.a.m.s.f.DefaultMavenResourcesFiltering - Copying 0 resource from src\main\resources to target\classes
2025-05-25 17:38:17,731 [Worker-9: Building] INFO  o.a.m.s.f.DefaultMavenResourcesFiltering - skip non existing resourceDirectory E:\Ecommerce project\Customer-Api\src\test\resources
2025-05-25 17:39:44,311 [Worker-4: Building] INFO  o.a.m.s.f.DefaultMavenResourcesFiltering - Copying 1 resource from src\main\resources to target\classes
2025-05-25 17:39:44,323 [Worker-4: Building] INFO  o.a.m.s.f.DefaultMavenResourcesFiltering - Copying 0 resource from src\main\resources to target\classes
2025-05-25 17:39:44,327 [Worker-4: Building] INFO  o.a.m.s.f.DefaultMavenResourcesFiltering - skip non existing resourceDirectory E:\Ecommerce project\Customer-Api\src\test\resources
2025-05-25 17:40:41,965 [Worker-3: Building] INFO  o.a.m.s.f.DefaultMavenResourcesFiltering - Copying 1 resource from src\main\resources to target\classes
2025-05-25 17:40:41,976 [Worker-3: Building] INFO  o.a.m.s.f.DefaultMavenResourcesFiltering - Copying 0 resource from src\main\resources to target\classes
2025-05-25 17:40:41,981 [Worker-3: Building] INFO  o.a.m.s.f.DefaultMavenResourcesFiltering - skip non existing resourceDirectory E:\Ecommerce project\Customer-Api\src\test\resources
2025-05-25 18:10:50,264 [Worker-18: Building] INFO  o.a.m.s.f.DefaultMavenResourcesFiltering - Copying 1 resource from src\main\resources to target\classes
2025-05-25 18:10:50,359 [Worker-18: Building] INFO  o.a.m.s.f.DefaultMavenResourcesFiltering - Copying 0 resource from src\main\resources to target\classes
2025-05-25 18:10:50,363 [Worker-18: Building] INFO  o.a.m.s.f.DefaultMavenResourcesFiltering - skip non existing resourceDirectory E:\Ecommerce project\Customer-Api\src\test\resources
2025-05-25 18:17:35,376 [Worker-19: Building] INFO  o.a.m.s.f.DefaultMavenResourcesFiltering - Copying 1 resource from src\main\resources to target\classes
2025-05-25 18:17:35,466 [Worker-19: Building] INFO  o.a.m.s.f.DefaultMavenResourcesFiltering - Copying 0 resource from src\main\resources to target\classes
2025-05-25 18:17:35,469 [Worker-19: Building] INFO  o.a.m.s.f.DefaultMavenResourcesFiltering - skip non existing resourceDirectory E:\Ecommerce project\Customer-Api\src\test\resources
2025-05-25 19:09:56,273 [Worker-40: Launching Customer-Api - CustomerApiApplication] INFO  o.a.m.s.f.DefaultMavenResourcesFiltering - Copying 1 resource from src\main\resources to target\classes
2025-05-25 19:09:56,373 [Worker-40: Launching Customer-Api - CustomerApiApplication] INFO  o.a.m.s.f.DefaultMavenResourcesFiltering - Copying 0 resource from src\main\resources to target\classes
2025-05-25 19:09:56,377 [Worker-40: Launching Customer-Api - CustomerApiApplication] INFO  o.a.m.s.f.DefaultMavenResourcesFiltering - skip non existing resourceDirectory E:\Ecommerce project\Customer-Api\src\test\resources
2025-05-25 19:11:35,195 [Worker-41: Launching Customer-Api - CustomerApiApplication] INFO  o.a.m.s.f.DefaultMavenResourcesFiltering - Copying 1 resource from src\main\resources to target\classes
2025-05-25 19:11:35,206 [Worker-41: Launching Customer-Api - CustomerApiApplication] INFO  o.a.m.s.f.DefaultMavenResourcesFiltering - Copying 0 resource from src\main\resources to target\classes
2025-05-25 19:11:35,208 [Worker-41: Launching Customer-Api - CustomerApiApplication] INFO  o.a.m.s.f.DefaultMavenResourcesFiltering - skip non existing resourceDirectory E:\Ecommerce project\Customer-Api\src\test\resources
2025-05-25 19:15:41,400 [Worker-49: Building] INFO  o.a.m.s.f.DefaultMavenResourcesFiltering - Copying 1 resource from src\main\resources to target\classes
2025-05-25 19:15:41,825 [Worker-49: Building] INFO  o.a.m.s.f.DefaultMavenResourcesFiltering - Copying 0 resource from src\main\resources to target\classes
2025-05-25 19:15:41,849 [Worker-49: Building] INFO  o.a.m.s.f.DefaultMavenResourcesFiltering - skip non existing resourceDirectory E:\Ecommerce project\Customer-Api\src\test\resources
2025-05-25 19:20:08,701 [Worker-52: Building] INFO  o.a.m.s.f.DefaultMavenResourcesFiltering - Copying 1 resource from src\main\resources to target\classes
2025-05-25 19:20:08,837 [Worker-52: Building] INFO  o.a.m.s.f.DefaultMavenResourcesFiltering - Copying 0 resource from src\main\resources to target\classes
2025-05-25 19:20:08,845 [Worker-52: Building] INFO  o.a.m.s.f.DefaultMavenResourcesFiltering - skip non existing resourceDirectory E:\Ecommerce project\Customer-Api\src\test\resources
2025-05-25 23:55:36,395 [Worker-63: Building] INFO  o.a.m.s.f.DefaultMavenResourcesFiltering - Copying 1 resource from src\main\resources to target\classes
2025-05-25 23:55:36,590 [Worker-63: Building] INFO  o.a.m.s.f.DefaultMavenResourcesFiltering - Copying 0 resource from src\main\resources to target\classes
2025-05-25 23:55:36,596 [Worker-63: Building] INFO  o.a.m.s.f.DefaultMavenResourcesFiltering - skip non existing resourceDirectory E:\Ecommerce project\Customer-Api\src\test\resources
2025-05-26 00:18:33,177 [Worker-59: Launching Customer-Api - CustomerApiApplication] INFO  o.a.m.s.f.DefaultMavenResourcesFiltering - Copying 1 resource from src\main\resources to target\classes
2025-05-26 00:18:33,698 [Worker-59: Launching Customer-Api - CustomerApiApplication] INFO  o.a.m.s.f.DefaultMavenResourcesFiltering - Copying 0 resource from src\main\resources to target\classes
2025-05-26 00:18:33,849 [Worker-59: Launching Customer-Api - CustomerApiApplication] INFO  o.a.m.s.f.DefaultMavenResourcesFiltering - skip non existing resourceDirectory E:\Ecommerce project\Customer-Api\src\test\resources
2025-05-26 00:24:03,012 [Worker-75: Building] INFO  o.a.m.s.f.DefaultMavenResourcesFiltering - Copying 1 resource from src\main\resources to target\classes
2025-05-26 00:24:03,091 [Worker-75: Building] INFO  o.a.m.s.f.DefaultMavenResourcesFiltering - Copying 0 resource from src\main\resources to target\classes
2025-05-26 00:24:03,097 [Worker-75: Building] INFO  o.a.m.s.f.DefaultMavenResourcesFiltering - skip non existing resourceDirectory E:\Ecommerce project\Customer-Api\src\test\resources
2025-05-26 00:25:21,782 [Worker-76: Building] INFO  o.a.m.s.f.DefaultMavenResourcesFiltering - Copying 1 resource from src\main\resources to target\classes
2025-05-26 00:25:21,865 [Worker-76: Building] INFO  o.a.m.s.f.DefaultMavenResourcesFiltering - Copying 0 resource from src\main\resources to target\classes
2025-05-26 00:25:21,869 [Worker-76: Building] INFO  o.a.m.s.f.DefaultMavenResourcesFiltering - skip non existing resourceDirectory E:\Ecommerce project\Customer-Api\src\test\resources
2025-05-26 16:45:25,332 [Worker-4: Loading available Gradle versions] INFO  o.e.b.c.i.u.g.PublishedGradleVersions - Gradle version information cache is out-of-date. Trying to update.
2025-05-27 11:56:00,257 [Worker-31: Building] INFO  o.a.m.s.f.DefaultMavenResourcesFiltering - Copying 1 resource from src\main\resources to target\classes
2025-05-27 11:56:00,290 [Worker-31: Building] INFO  o.a.m.s.f.DefaultMavenResourcesFiltering - Copying 0 resource from src\main\resources to target\classes
2025-05-27 11:56:00,295 [Worker-31: Building] INFO  o.a.m.s.f.DefaultMavenResourcesFiltering - skip non existing resourceDirectory E:\Ecommerce project\Product-Api-app\src\test\resources
2025-05-27 11:56:03,257 [Worker-29: Building] INFO  o.a.m.s.f.DefaultMavenResourcesFiltering - Copying 1 resource from src\main\resources to target\classes
2025-05-27 11:56:03,263 [Worker-29: Building] INFO  o.a.m.s.f.DefaultMavenResourcesFiltering - Copying 0 resource from src\main\resources to target\classes
2025-05-27 11:56:03,267 [Worker-29: Building] INFO  o.a.m.s.f.DefaultMavenResourcesFiltering - skip non existing resourceDirectory E:\Ecommerce project\Product-Api-app\src\test\resources
2025-05-27 11:56:23,705 [Worker-32: Building] INFO  o.a.m.s.f.DefaultMavenResourcesFiltering - Copying 1 resource from src\main\resources to target\classes
2025-05-27 11:56:23,719 [Worker-32: Building] INFO  o.a.m.s.f.DefaultMavenResourcesFiltering - Copying 0 resource from src\main\resources to target\classes
2025-05-27 11:56:23,724 [Worker-32: Building] INFO  o.a.m.s.f.DefaultMavenResourcesFiltering - skip non existing resourceDirectory E:\Ecommerce project\Product-Api-app\src\test\resources
2025-05-27 11:56:53,915 [Worker-29: Building] INFO  o.a.m.s.f.DefaultMavenResourcesFiltering - Copying 1 resource from src\main\resources to target\classes
2025-05-27 11:56:53,920 [Worker-29: Building] INFO  o.a.m.s.f.DefaultMavenResourcesFiltering - Copying 0 resource from src\main\resources to target\classes
2025-05-27 11:56:53,922 [Worker-29: Building] INFO  o.a.m.s.f.DefaultMavenResourcesFiltering - skip non existing resourceDirectory E:\Ecommerce project\Product-Api-app\src\test\resources
2025-05-27 12:14:04,732 [Worker-30: Building] INFO  o.a.m.s.f.DefaultMavenResourcesFiltering - Copying 1 resource from src\main\resources to target\classes
2025-05-27 12:14:04,744 [Worker-30: Building] INFO  o.a.m.s.f.DefaultMavenResourcesFiltering - Copying 0 resource from src\main\resources to target\classes
2025-05-27 12:14:04,746 [Worker-30: Building] INFO  o.a.m.s.f.DefaultMavenResourcesFiltering - skip non existing resourceDirectory E:\Ecommerce project\Product-Api-app\src\test\resources
2025-05-27 12:15:13,468 [Worker-35: Building] INFO  o.a.m.s.f.DefaultMavenResourcesFiltering - Copying 1 resource from src\main\resources to target\classes
2025-05-27 12:15:13,472 [Worker-35: Building] INFO  o.a.m.s.f.DefaultMavenResourcesFiltering - Copying 0 resource from src\main\resources to target\classes
2025-05-27 12:15:13,476 [Worker-35: Building] INFO  o.a.m.s.f.DefaultMavenResourcesFiltering - skip non existing resourceDirectory E:\Ecommerce project\Product-Api-app\src\test\resources
2025-05-27 12:33:46,310 [Worker-36: Launching Product-Api-app - ProductApiAppApplication] INFO  o.a.m.s.f.DefaultMavenResourcesFiltering - Copying 1 resource from src\main\resources to target\classes
2025-05-27 12:33:46,317 [Worker-36: Launching Product-Api-app - ProductApiAppApplication] INFO  o.a.m.s.f.DefaultMavenResourcesFiltering - Copying 0 resource from src\main\resources to target\classes
2025-05-27 12:33:46,320 [Worker-36: Launching Product-Api-app - ProductApiAppApplication] INFO  o.a.m.s.f.DefaultMavenResourcesFiltering - skip non existing resourceDirectory E:\Ecommerce project\Product-Api-app\src\test\resources
2025-05-27 12:34:50,334 [Worker-41: Building] INFO  o.a.m.s.f.DefaultMavenResourcesFiltering - Copying 1 resource from src\main\resources to target\classes
2025-05-27 12:34:50,346 [Worker-41: Building] INFO  o.a.m.s.f.DefaultMavenResourcesFiltering - Copying 0 resource from src\main\resources to target\classes
2025-05-27 12:34:50,350 [Worker-41: Building] INFO  o.a.m.s.f.DefaultMavenResourcesFiltering - skip non existing resourceDirectory E:\Ecommerce project\Product-Api-app\src\test\resources
2025-05-27 12:48:52,904 [Worker-46: Launching Product-Api-app - ProductApiAppApplication] INFO  o.a.m.s.f.DefaultMavenResourcesFiltering - Copying 1 resource from src\main\resources to target\classes
2025-05-27 12:48:52,906 [Worker-46: Launching Product-Api-app - ProductApiAppApplication] INFO  o.a.m.s.f.DefaultMavenResourcesFiltering - Copying 0 resource from src\main\resources to target\classes
2025-05-27 12:48:52,906 [Worker-46: Launching Product-Api-app - ProductApiAppApplication] INFO  o.a.m.s.f.DefaultMavenResourcesFiltering - skip non existing resourceDirectory E:\Ecommerce project\Product-Api-app\src\test\resources
2025-05-27 12:52:21,781 [Worker-49: Launching Product-Api-app - ProductApiAppApplication] INFO  o.a.m.s.f.DefaultMavenResourcesFiltering - Copying 1 resource from src\main\resources to target\classes
2025-05-27 12:52:21,789 [Worker-49: Launching Product-Api-app - ProductApiAppApplication] INFO  o.a.m.s.f.DefaultMavenResourcesFiltering - Copying 0 resource from src\main\resources to target\classes
2025-05-27 12:52:21,792 [Worker-49: Launching Product-Api-app - ProductApiAppApplication] INFO  o.a.m.s.f.DefaultMavenResourcesFiltering - skip non existing resourceDirectory E:\Ecommerce project\Product-Api-app\src\test\resources
2025-05-27 20:44:04,042 [Worker-5: Loading available Gradle versions] INFO  o.e.b.c.i.u.g.PublishedGradleVersions - Gradle version information cache is out-of-date. Trying to update.
2025-05-30 10:10:05,949 [Worker-4: Loading available Gradle versions] INFO  o.e.b.c.i.u.g.PublishedGradleVersions - Gradle version information cache is out-of-date. Trying to update.
2025-05-30 19:47:01,198 [Worker-4: Loading available Gradle versions] INFO  o.e.b.c.i.u.g.PublishedGradleVersions - Gradle version information cache is up-to-date. Trying to read.
2025-05-30 19:48:24,001 [Worker-6: Building] INFO  o.a.m.s.f.DefaultMavenResourcesFiltering - Copying 1 resource from src\main\resources to target\classes
2025-05-30 19:48:24,037 [Worker-6: Building] INFO  o.a.m.s.f.DefaultMavenResourcesFiltering - Copying 0 resource from src\main\resources to target\classes
2025-05-30 19:48:24,043 [Worker-6: Building] INFO  o.a.m.s.f.DefaultMavenResourcesFiltering - skip non existing resourceDirectory E:\Ecommerce project\Customer-Api\src\test\resources
2025-05-30 19:48:32,637 [Worker-6: Building] INFO  o.a.m.s.f.DefaultMavenResourcesFiltering - Copying 1 resource from src\main\resources to target\classes
2025-05-30 19:48:32,668 [Worker-6: Building] INFO  o.a.m.s.f.DefaultMavenResourcesFiltering - Copying 0 resource from src\main\resources to target\classes
2025-05-30 19:48:32,673 [Worker-6: Building] INFO  o.a.m.s.f.DefaultMavenResourcesFiltering - skip non existing resourceDirectory E:\Ecommerce project\Product-Api-app\src\test\resources
2025-05-30 19:51:34,848 [Worker-0: Building] INFO  o.a.m.s.f.DefaultMavenResourcesFiltering - Copying 1 resource from src\main\resources to target\classes
2025-05-30 19:51:34,874 [Worker-0: Building] INFO  o.a.m.s.f.DefaultMavenResourcesFiltering - Copying 0 resource from src\main\resources to target\classes
2025-05-30 19:51:34,880 [Worker-0: Building] INFO  o.a.m.s.f.DefaultMavenResourcesFiltering - skip non existing resourceDirectory E:\Ecommerce project\Customer-Api\src\test\resources
2025-05-30 19:51:57,034 [Worker-13: Building] INFO  o.a.m.s.f.DefaultMavenResourcesFiltering - Copying 1 resource from src\main\resources to target\classes
2025-05-30 19:51:57,041 [Worker-13: Building] INFO  o.a.m.s.f.DefaultMavenResourcesFiltering - Copying 0 resource from src\main\resources to target\classes
2025-05-30 19:51:57,044 [Worker-13: Building] INFO  o.a.m.s.f.DefaultMavenResourcesFiltering - skip non existing resourceDirectory E:\Ecommerce project\Customer-Api\src\test\resources
2025-05-30 19:52:54,314 [Worker-11: Building] INFO  o.e.m.c.i.l.LifecycleMappingFactory - Using org.eclipse.m2e.jdt.JarLifecycleMapping lifecycle mapping for MavenProject: sagar.solution:Customer-Api:0.0.1-SNAPSHOT @ E:\Ecommerce project\Customer-Api\pom.xml.
2025-05-30 19:52:55,125 [Worker-11: Building] INFO  o.a.m.s.f.DefaultMavenResourcesFiltering - Copying 0 resource from src\main\resources to target\classes
2025-05-30 19:52:55,126 [Worker-11: Building] INFO  o.a.m.s.f.DefaultMavenResourcesFiltering - Copying 0 resource from src\main\resources to target\classes
2025-05-30 19:52:55,132 [Worker-11: Building] INFO  o.a.m.s.f.DefaultMavenResourcesFiltering - skip non existing resourceDirectory E:\Ecommerce project\Customer-Api\src\test\resources
2025-05-30 19:52:55,284 [Worker-0: Updating Maven Project] INFO  o.e.m.c.i.p.ProjectConfigurationManager - Update started
2025-05-30 19:52:55,927 [Worker-0: Updating Maven Project] INFO  o.e.m.c.i.l.LifecycleMappingFactory - Using org.eclipse.m2e.jdt.JarLifecycleMapping lifecycle mapping for MavenProject: sagar.solution:Customer-Api:0.0.1-SNAPSHOT @ E:\Ecommerce project\Customer-Api\pom.xml.
2025-05-30 19:52:56,691 [Worker-12: Download sources and javadoc] INFO  o.e.m.c.i.e.AbstractTransferListenerAdapter - Downloading https://repo.maven.apache.org/maven2/org/modelmapper/modelmapper/3.1.1/modelmapper-3.1.1-sources.jar
2025-05-30 19:52:56,927 [Worker-0: Updating Maven Project] INFO  o.e.m.j.i.AbstractJavaProjectConfigurator - Adding source folder /Customer-Api/src/main/java
2025-05-30 19:52:56,927 [Worker-0: Updating Maven Project] INFO  o.e.m.j.i.AbstractJavaProjectConfigurator - Adding resource folder /Customer-Api/src/main/resources
2025-05-30 19:52:56,927 [Worker-0: Updating Maven Project] INFO  o.e.m.j.i.AbstractJavaProjectConfigurator - Adding resource folder /Customer-Api/src/main/resources
2025-05-30 19:52:56,929 [Worker-0: Updating Maven Project] INFO  o.e.m.j.i.AbstractJavaProjectConfigurator - Adding source folder /Customer-Api/src/test/java
2025-05-30 19:52:56,929 [Worker-0: Updating Maven Project] INFO  o.e.m.j.i.AbstractJavaProjectConfigurator - Adding resource folder /Customer-Api/src/test/resources
2025-05-30 19:52:57,039 [Worker-12: Download sources and javadoc] INFO  o.e.m.c.i.e.AbstractTransferListenerAdapter - Downloaded https://repo.maven.apache.org/maven2/org/modelmapper/modelmapper/3.1.1/modelmapper-3.1.1-sources.jar
2025-05-30 19:52:57,049 [Worker-12: Download sources and javadoc] INFO  o.e.m.j.internal.DownloadSourcesJob - Downloaded sources for org.modelmapper:modelmapper:3.1.1
2025-05-30 19:52:57,317 [Worker-0: Updating Maven Project] INFO  o.e.m.c.i.e.AbstractTransferListenerAdapter - Downloaded https://repo.maven.apache.org/maven2/org/projectlombok/lombok//lombok-.pom
2025-05-30 19:52:57,622 [Worker-0: Updating Maven Project] INFO  o.e.m.c.i.e.AbstractTransferListenerAdapter - Downloaded https://repo.maven.apache.org/maven2/org/projectlombok/lombok//lombok-.jar
2025-05-30 19:52:57,624 [Worker-0: Updating Maven Project] ERROR o.e.m.a.i.u.PluginDependencyResolver - Unable to collect dependencies for plugin
org.eclipse.aether.resolution.DependencyResolutionException: Failed to collect dependencies at org.projectlombok:lombok:jar:
	at org.eclipse.aether.internal.impl.DefaultRepositorySystem.resolveDependencies(DefaultRepositorySystem.java:363)
	at org.eclipse.m2e.apt.internal.utils.PluginDependencyResolver.getResolvedPluginDependencies(PluginDependencyResolver.java:106)
	at org.eclipse.m2e.apt.internal.compiler.MavenCompilerJdtAptDelegate.getAnnotationProcessorConfiguration(MavenCompilerJdtAptDelegate.java:172)
	at org.eclipse.m2e.apt.internal.AbstractAptConfiguratorDelegate.configureClasspath(AbstractAptConfiguratorDelegate.java:241)
	at org.eclipse.m2e.apt.internal.AbstractAptProjectConfigurator.lambda$1(AbstractAptProjectConfigurator.java:156)
	at org.eclipse.m2e.core.internal.embedder.MavenExecutionContext.executeBare(MavenExecutionContext.java:394)
	at org.eclipse.m2e.core.internal.embedder.MavenExecutionContext.execute(MavenExecutionContext.java:275)
	at org.eclipse.m2e.core.internal.embedder.MavenExecutionContext.execute(MavenExecutionContext.java:214)
	at org.eclipse.m2e.apt.internal.AbstractAptProjectConfigurator.configureRawClasspath(AbstractAptProjectConfigurator.java:150)
	at org.eclipse.m2e.jdt.internal.AbstractJavaProjectConfigurator.invokeJavaProjectConfigurators(AbstractJavaProjectConfigurator.java:209)
	at org.eclipse.m2e.jdt.internal.AbstractJavaProjectConfigurator.configure(AbstractJavaProjectConfigurator.java:167)
	at org.eclipse.m2e.core.project.configurator.AbstractLifecycleMapping.configure(AbstractLifecycleMapping.java:123)
	at org.eclipse.m2e.core.internal.project.ProjectConfigurationManager.lambda$6(ProjectConfigurationManager.java:503)
	at org.eclipse.m2e.core.internal.embedder.MavenExecutionContext.executeBare(MavenExecutionContext.java:394)
	at org.eclipse.m2e.core.internal.embedder.MavenExecutionContext.execute(MavenExecutionContext.java:275)
	at org.eclipse.m2e.core.internal.project.ProjectConfigurationManager.updateProjectConfiguration(ProjectConfigurationManager.java:497)
	at org.eclipse.m2e.core.internal.project.ProjectConfigurationManager.lambda$4(ProjectConfigurationManager.java:425)
	at java.base/java.util.Collection.removeIf(Collection.java:576)
	at org.eclipse.m2e.core.internal.project.ProjectConfigurationManager.updateProjectConfiguration0(ProjectConfigurationManager.java:413)
	at org.eclipse.m2e.core.internal.project.ProjectConfigurationManager.lambda$3(ProjectConfigurationManager.java:339)
	at org.eclipse.m2e.core.internal.embedder.MavenExecutionContext.executeBare(MavenExecutionContext.java:394)
	at org.eclipse.m2e.core.internal.embedder.MavenExecutionContext.execute(MavenExecutionContext.java:275)
	at org.eclipse.m2e.core.internal.embedder.MavenExecutionContext.execute(MavenExecutionContext.java:214)
	at org.eclipse.m2e.core.internal.embedder.MavenImpl.execute(MavenImpl.java:1097)
	at org.eclipse.m2e.core.internal.project.ProjectConfigurationManager.updateProjectConfiguration(ProjectConfigurationManager.java:338)
	at org.eclipse.m2e.core.ui.internal.UpdateMavenProjectJob.runInWorkspace(UpdateMavenProjectJob.java:80)
	at org.eclipse.core.internal.resources.InternalWorkspaceJob.run(InternalWorkspaceJob.java:43)
	at org.eclipse.core.internal.jobs.Worker.run(Worker.java:63)
Caused by: org.eclipse.aether.collection.DependencyCollectionException: Failed to collect dependencies at org.projectlombok:lombok:jar:
	at org.eclipse.aether.internal.impl.collect.DependencyCollectorDelegate.collectDependencies(DependencyCollectorDelegate.java:260)
	at org.eclipse.aether.internal.impl.collect.DefaultDependencyCollector.collectDependencies(DefaultDependencyCollector.java:87)
	at org.eclipse.aether.internal.impl.DefaultRepositorySystem.resolveDependencies(DefaultRepositorySystem.java:328)
	... 27 common frames omitted
Caused by: org.eclipse.aether.resolution.ArtifactDescriptorException: Failed to read artifact descriptor for org.projectlombok:lombok:jar:
	at org.apache.maven.repository.internal.DefaultArtifactDescriptorReader.loadPom(DefaultArtifactDescriptorReader.java:245)
	at org.apache.maven.repository.internal.DefaultArtifactDescriptorReader.readArtifactDescriptor(DefaultArtifactDescriptorReader.java:175)
	at org.eclipse.aether.internal.impl.collect.df.DfDependencyCollector.resolveCachedArtifactDescriptor(DfDependencyCollector.java:382)
	at org.eclipse.aether.internal.impl.collect.df.DfDependencyCollector.getArtifactDescriptorResult(DfDependencyCollector.java:368)
	at org.eclipse.aether.internal.impl.collect.df.DfDependencyCollector.processDependency(DfDependencyCollector.java:218)
	at org.eclipse.aether.internal.impl.collect.df.DfDependencyCollector.processDependency(DfDependencyCollector.java:156)
	at org.eclipse.aether.internal.impl.collect.df.DfDependencyCollector.process(DfDependencyCollector.java:138)
	at org.eclipse.aether.internal.impl.collect.df.DfDependencyCollector.doCollectDependencies(DfDependencyCollector.java:108)
	at org.eclipse.aether.internal.impl.collect.DependencyCollectorDelegate.collectDependencies(DependencyCollectorDelegate.java:222)
	... 29 common frames omitted
Caused by: org.eclipse.aether.resolution.ArtifactResolutionException: The following artifacts could not be resolved: org.projectlombok:lombok:pom: (absent): Could not transfer artifact org.projectlombok:lombok:pom: from/to central (https://repo.maven.apache.org/maven2): status code: 403, reason phrase: Forbidden (403)
	at org.eclipse.aether.internal.impl.DefaultArtifactResolver.resolve(DefaultArtifactResolver.java:473)
	at org.eclipse.aether.internal.impl.DefaultArtifactResolver.resolveArtifacts(DefaultArtifactResolver.java:261)
	at org.eclipse.aether.internal.impl.DefaultArtifactResolver.resolveArtifact(DefaultArtifactResolver.java:243)
	at org.apache.maven.repository.internal.DefaultArtifactDescriptorReader.loadPom(DefaultArtifactDescriptorReader.java:234)
	... 37 common frames omitted
Caused by: org.eclipse.aether.transfer.ArtifactTransferException: Could not transfer artifact org.projectlombok:lombok:pom: from/to central (https://repo.maven.apache.org/maven2): status code: 403, reason phrase: Forbidden (403)
	at org.eclipse.aether.connector.basic.ArtifactTransportListener.transferFailed(ArtifactTransportListener.java:44)
	at org.eclipse.aether.connector.basic.BasicRepositoryConnector$TaskRunner.run(BasicRepositoryConnector.java:417)
	at org.eclipse.aether.connector.basic.BasicRepositoryConnector.get(BasicRepositoryConnector.java:260)
	at org.eclipse.aether.internal.impl.DefaultArtifactResolver.performDownloads(DefaultArtifactResolver.java:537)
	at org.eclipse.aether.internal.impl.DefaultArtifactResolver.resolve(DefaultArtifactResolver.java:449)
	... 40 common frames omitted
Caused by: org.apache.http.client.HttpResponseException: status code: 403, reason phrase: Forbidden (403)
	at org.eclipse.aether.transport.http.HttpTransporter.handleStatus(HttpTransporter.java:610)
	at org.eclipse.aether.transport.http.HttpTransporter.execute(HttpTransporter.java:479)
	at org.eclipse.aether.transport.http.HttpTransporter.implGet(HttpTransporter.java:426)
	at org.eclipse.aether.spi.connector.transport.AbstractTransporter.get(AbstractTransporter.java:64)
	at org.eclipse.aether.connector.basic.BasicRepositoryConnector$GetTaskRunner.runTask(BasicRepositoryConnector.java:482)
	at org.eclipse.aether.connector.basic.BasicRepositoryConnector$TaskRunner.run(BasicRepositoryConnector.java:414)
	... 43 common frames omitted
2025-05-30 19:52:57,636 [Worker-0: Updating Maven Project] INFO  o.e.m.c.i.p.ProjectConfigurationManager - Update completed for 1 poms: local refresh takes 0.00 sec, refresh facades takes 1.00 sec, update config takes 0.00 sec 
2025-05-30 19:52:58,653 [Worker-13: Building] INFO  o.a.m.s.f.DefaultMavenResourcesFiltering - Copying 1 resource from src\main\resources to target\classes
2025-05-30 19:52:58,670 [Worker-13: Building] INFO  o.a.m.s.f.DefaultMavenResourcesFiltering - Copying 0 resource from src\main\resources to target\classes
2025-05-30 19:52:58,676 [Worker-13: Building] INFO  o.a.m.s.f.DefaultMavenResourcesFiltering - skip non existing resourceDirectory E:\Ecommerce project\Customer-Api\src\test\resources
2025-05-30 19:57:18,659 [Worker-13: Building] INFO  o.a.m.s.f.DefaultMavenResourcesFiltering - Copying 1 resource from src\main\resources to target\classes
2025-05-30 19:57:18,685 [Worker-13: Building] INFO  o.a.m.s.f.DefaultMavenResourcesFiltering - Copying 0 resource from src\main\resources to target\classes
2025-05-30 19:57:18,692 [Worker-13: Building] INFO  o.a.m.s.f.DefaultMavenResourcesFiltering - skip non existing resourceDirectory E:\Ecommerce project\Customer-Api\src\test\resources
2025-05-30 20:01:46,905 [Worker-17: Building] INFO  o.a.m.s.f.DefaultMavenResourcesFiltering - Copying 1 resource from src\main\resources to target\classes
2025-05-30 20:01:46,911 [Worker-17: Building] INFO  o.a.m.s.f.DefaultMavenResourcesFiltering - Copying 0 resource from src\main\resources to target\classes
2025-05-30 20:01:46,915 [Worker-17: Building] INFO  o.a.m.s.f.DefaultMavenResourcesFiltering - skip non existing resourceDirectory E:\Ecommerce project\Customer-Api\src\test\resources
2025-05-30 20:03:18,938 [Worker-19: Building] INFO  o.a.m.s.f.DefaultMavenResourcesFiltering - Copying 1 resource from src\main\resources to target\classes
2025-05-30 20:03:18,956 [Worker-19: Building] INFO  o.a.m.s.f.DefaultMavenResourcesFiltering - Copying 0 resource from src\main\resources to target\classes
2025-05-30 20:03:18,961 [Worker-19: Building] INFO  o.a.m.s.f.DefaultMavenResourcesFiltering - skip non existing resourceDirectory E:\Ecommerce project\Customer-Api\src\test\resources
2025-05-30 20:09:55,770 [Worker-22: Building] INFO  o.a.m.s.f.DefaultMavenResourcesFiltering - Copying 1 resource from src\main\resources to target\classes
2025-05-30 20:09:55,777 [Worker-22: Building] INFO  o.a.m.s.f.DefaultMavenResourcesFiltering - Copying 0 resource from src\main\resources to target\classes
2025-05-30 20:09:55,781 [Worker-22: Building] INFO  o.a.m.s.f.DefaultMavenResourcesFiltering - skip non existing resourceDirectory E:\Ecommerce project\Customer-Api\src\test\resources
2025-05-30 20:42:36,638 [Worker-28: Building] INFO  o.a.m.s.f.DefaultMavenResourcesFiltering - Copying 1 resource from src\main\resources to target\classes
2025-05-30 20:42:36,655 [Worker-28: Building] INFO  o.a.m.s.f.DefaultMavenResourcesFiltering - Copying 0 resource from src\main\resources to target\classes
2025-05-30 20:42:36,659 [Worker-28: Building] INFO  o.a.m.s.f.DefaultMavenResourcesFiltering - skip non existing resourceDirectory E:\Ecommerce project\Customer-Api\src\test\resources
2025-05-30 21:47:20,182 [Worker-38: Building] INFO  o.a.m.s.f.DefaultMavenResourcesFiltering - Copying 1 resource from src\main\resources to target\classes
2025-05-30 21:47:20,197 [Worker-38: Building] INFO  o.a.m.s.f.DefaultMavenResourcesFiltering - Copying 0 resource from src\main\resources to target\classes
2025-05-30 21:47:20,200 [Worker-38: Building] INFO  o.a.m.s.f.DefaultMavenResourcesFiltering - skip non existing resourceDirectory E:\Ecommerce project\Customer-Api\src\test\resources
2025-05-30 21:47:30,089 [Worker-40: Building] INFO  o.a.m.s.f.DefaultMavenResourcesFiltering - Copying 1 resource from src\main\resources to target\classes
2025-05-30 21:47:30,123 [Worker-40: Building] INFO  o.a.m.s.f.DefaultMavenResourcesFiltering - Copying 0 resource from src\main\resources to target\classes
2025-05-30 21:47:30,125 [Worker-40: Building] INFO  o.a.m.s.f.DefaultMavenResourcesFiltering - skip non existing resourceDirectory E:\Ecommerce project\Customer-Api\src\test\resources
2025-05-30 21:47:42,188 [Worker-40: Building] INFO  o.a.m.s.f.DefaultMavenResourcesFiltering - Copying 1 resource from src\main\resources to target\classes
2025-05-30 21:47:42,192 [Worker-40: Building] INFO  o.a.m.s.f.DefaultMavenResourcesFiltering - Copying 0 resource from src\main\resources to target\classes
2025-05-30 21:47:42,196 [Worker-40: Building] INFO  o.a.m.s.f.DefaultMavenResourcesFiltering - skip non existing resourceDirectory E:\Ecommerce project\Customer-Api\src\test\resources
2025-05-30 21:55:15,654 [Worker-44: Building] INFO  o.a.m.s.f.DefaultMavenResourcesFiltering - Copying 1 resource from src\main\resources to target\classes
2025-05-30 21:55:15,673 [Worker-44: Building] INFO  o.a.m.s.f.DefaultMavenResourcesFiltering - Copying 0 resource from src\main\resources to target\classes
2025-05-30 21:55:15,677 [Worker-44: Building] INFO  o.a.m.s.f.DefaultMavenResourcesFiltering - skip non existing resourceDirectory E:\Ecommerce project\Customer-Api\src\test\resources
2025-05-30 21:55:22,443 [Worker-44: Building] INFO  o.a.m.s.f.DefaultMavenResourcesFiltering - Copying 1 resource from src\main\resources to target\classes
2025-05-30 21:55:22,449 [Worker-44: Building] INFO  o.a.m.s.f.DefaultMavenResourcesFiltering - Copying 0 resource from src\main\resources to target\classes
2025-05-30 21:55:22,453 [Worker-44: Building] INFO  o.a.m.s.f.DefaultMavenResourcesFiltering - skip non existing resourceDirectory E:\Ecommerce project\Customer-Api\src\test\resources
2025-05-31 21:35:27,269 [Worker-4: Loading available Gradle versions] INFO  o.e.b.c.i.u.g.PublishedGradleVersions - Gradle version information cache is out-of-date. Trying to update.
2025-06-06 16:56:09,875 [Worker-3: Loading available Gradle versions] INFO  o.e.b.c.i.u.g.PublishedGradleVersions - Gradle version information cache is out-of-date. Trying to update.
2025-06-09 16:58:37,240 [Worker-4: Loading available Gradle versions] INFO  o.e.b.c.i.u.g.PublishedGradleVersions - Gradle version information cache is up-to-date. Trying to read.
2025-06-17 15:14:26,350 [Worker-5: Loading available Gradle versions] INFO  o.e.b.c.i.u.g.PublishedGradleVersions - Gradle version information cache is out-of-date. Trying to update.
2025-06-17 15:18:26,625 [Worker-5: Import Getting Started Content] INFO  o.e.m.c.i.l.LifecycleMappingFactory - Using org.eclipse.m2e.jdt.JarLifecycleMapping lifecycle mapping for MavenProject: sagar.solution:Order-Api:0.0.1-SNAPSHOT @ E:\Ecommerce project\Order-Api\pom.xml.
2025-06-17 15:18:33,396 [Worker-5: Import Getting Started Content] INFO  o.e.m.j.i.AbstractJavaProjectConfigurator - Adding source folder /Order-Api/src/main/java
2025-06-17 15:18:33,397 [Worker-5: Import Getting Started Content] INFO  o.e.m.j.i.AbstractJavaProjectConfigurator - Adding resource folder /Order-Api/src/main/resources
2025-06-17 15:18:33,411 [Worker-5: Import Getting Started Content] INFO  o.e.m.j.i.AbstractJavaProjectConfigurator - Adding resource folder /Order-Api/src/main/resources
2025-06-17 15:18:33,427 [Worker-5: Import Getting Started Content] INFO  o.e.m.j.i.AbstractJavaProjectConfigurator - Adding source folder /Order-Api/src/test/java
2025-06-17 15:18:33,427 [Worker-5: Import Getting Started Content] INFO  o.e.m.j.i.AbstractJavaProjectConfigurator - Adding resource folder /Order-Api/src/test/resources
2025-06-17 15:18:39,382 [Worker-5: Import Getting Started Content] INFO  o.e.m.c.i.e.AbstractTransferListenerAdapter - Downloaded https://repo.maven.apache.org/maven2/org/projectlombok/lombok//lombok-.pom
2025-06-17 15:18:39,386 [Worker-5: Import Getting Started Content] WARN  o.e.m.c.i.embedder.EclipseLogger - The POM for org.projectlombok:lombok:jar: is missing, no dependency information available
2025-06-17 15:18:39,748 [Worker-5: Import Getting Started Content] INFO  o.e.m.c.i.e.AbstractTransferListenerAdapter - Downloaded https://repo.maven.apache.org/maven2/org/projectlombok/lombok//lombok-.jar
2025-06-17 15:18:39,750 [Worker-5: Import Getting Started Content] ERROR o.e.m.a.i.u.PluginDependencyResolver - Unable to collect dependencies for plugin
org.eclipse.aether.resolution.DependencyResolutionException: The following artifacts could not be resolved: org.projectlombok:lombok:jar: (absent): Could not find artifact org.projectlombok:lombok:jar: in central (https://repo.maven.apache.org/maven2)
	at org.eclipse.aether.internal.impl.DefaultRepositorySystem.resolveDependencies(DefaultRepositorySystem.java:365)
	at org.eclipse.m2e.apt.internal.utils.PluginDependencyResolver.getResolvedPluginDependencies(PluginDependencyResolver.java:106)
	at org.eclipse.m2e.apt.internal.compiler.MavenCompilerJdtAptDelegate.getAnnotationProcessorConfiguration(MavenCompilerJdtAptDelegate.java:172)
	at org.eclipse.m2e.apt.internal.AbstractAptConfiguratorDelegate.configureClasspath(AbstractAptConfiguratorDelegate.java:241)
	at org.eclipse.m2e.apt.internal.AbstractAptProjectConfigurator.lambda$1(AbstractAptProjectConfigurator.java:156)
	at org.eclipse.m2e.core.internal.embedder.MavenExecutionContext.executeBare(MavenExecutionContext.java:394)
	at org.eclipse.m2e.core.internal.embedder.MavenExecutionContext.execute(MavenExecutionContext.java:275)
	at org.eclipse.m2e.core.internal.embedder.MavenExecutionContext.execute(MavenExecutionContext.java:214)
	at org.eclipse.m2e.apt.internal.AbstractAptProjectConfigurator.configureRawClasspath(AbstractAptProjectConfigurator.java:150)
	at org.eclipse.m2e.jdt.internal.AbstractJavaProjectConfigurator.invokeJavaProjectConfigurators(AbstractJavaProjectConfigurator.java:209)
	at org.eclipse.m2e.jdt.internal.AbstractJavaProjectConfigurator.configure(AbstractJavaProjectConfigurator.java:167)
	at org.eclipse.m2e.core.project.configurator.AbstractLifecycleMapping.configure(AbstractLifecycleMapping.java:123)
	at org.eclipse.m2e.core.internal.project.ProjectConfigurationManager.lambda$6(ProjectConfigurationManager.java:503)
	at org.eclipse.m2e.core.internal.embedder.MavenExecutionContext.executeBare(MavenExecutionContext.java:394)
	at org.eclipse.m2e.core.internal.embedder.MavenExecutionContext.execute(MavenExecutionContext.java:275)
	at org.eclipse.m2e.core.internal.project.ProjectConfigurationManager.updateProjectConfiguration(ProjectConfigurationManager.java:497)
	at org.eclipse.m2e.core.internal.project.ProjectConfigurationManager.configureNewMavenProjects(ProjectConfigurationManager.java:278)
	at org.eclipse.m2e.core.internal.project.ProjectConfigurationManager.lambda$1(ProjectConfigurationManager.java:165)
	at org.eclipse.m2e.core.internal.embedder.MavenExecutionContext.executeBare(MavenExecutionContext.java:394)
	at org.eclipse.m2e.core.internal.embedder.MavenExecutionContext.execute(MavenExecutionContext.java:275)
	at org.eclipse.m2e.core.internal.embedder.MavenExecutionContext.execute(MavenExecutionContext.java:214)
	at org.eclipse.m2e.core.internal.project.ProjectConfigurationManager.importProjects(ProjectConfigurationManager.java:138)
	at org.eclipse.m2e.core.internal.project.ProjectConfigurationManager.importProjects(ProjectConfigurationManager.java:129)
	at org.springframework.ide.eclipse.boot.wizard.importing.MavenStrategy.createEclipseProjectFromExistingMavenProject(MavenStrategy.java:134)
	at org.springframework.ide.eclipse.boot.wizard.importing.MavenStrategy$MavenCodeSetImport.run(MavenStrategy.java:85)
	at org.springframework.ide.eclipse.boot.wizard.importing.MavenStrategy$MavenCodeSetImport.run(MavenStrategy.java:1)
	at org.springframework.ide.eclipse.boot.wizard.NewSpringBootWizardModel.importProject(NewSpringBootWizardModel.java:343)
	at org.springframework.ide.eclipse.boot.wizard.NewSpringBootWizardModel.performFinish(NewSpringBootWizardModel.java:322)
	at org.springframework.ide.eclipse.boot.wizard.NewSpringBootWizard$1.runInWorkspace(NewSpringBootWizard.java:239)
	at org.eclipse.core.internal.resources.InternalWorkspaceJob.run(InternalWorkspaceJob.java:43)
	at org.eclipse.core.internal.jobs.Worker.run(Worker.java:63)
Caused by: org.eclipse.aether.resolution.ArtifactResolutionException: The following artifacts could not be resolved: org.projectlombok:lombok:jar: (absent): Could not find artifact org.projectlombok:lombok:jar: in central (https://repo.maven.apache.org/maven2)
	at org.eclipse.aether.internal.impl.DefaultArtifactResolver.resolve(DefaultArtifactResolver.java:473)
	at org.eclipse.aether.internal.impl.DefaultArtifactResolver.resolveArtifacts(DefaultArtifactResolver.java:261)
	at org.eclipse.aether.internal.impl.DefaultRepositorySystem.resolveDependencies(DefaultRepositorySystem.java:353)
	... 30 common frames omitted
Caused by: org.eclipse.aether.transfer.ArtifactNotFoundException: Could not find artifact org.projectlombok:lombok:jar: in central (https://repo.maven.apache.org/maven2)
	at org.eclipse.aether.connector.basic.ArtifactTransportListener.transferFailed(ArtifactTransportListener.java:42)
	at org.eclipse.aether.connector.basic.BasicRepositoryConnector$TaskRunner.run(BasicRepositoryConnector.java:417)
	at org.eclipse.aether.connector.basic.BasicRepositoryConnector.get(BasicRepositoryConnector.java:260)
	at org.eclipse.aether.internal.impl.DefaultArtifactResolver.performDownloads(DefaultArtifactResolver.java:537)
	at org.eclipse.aether.internal.impl.DefaultArtifactResolver.resolve(DefaultArtifactResolver.java:449)
	... 32 common frames omitted
2025-06-17 15:18:44,572 [Worker-11: Building] INFO  o.a.m.s.f.DefaultMavenResourcesFiltering - Copying 1 resource from src\main\resources to target\classes
2025-06-17 15:18:44,609 [Worker-11: Building] INFO  o.a.m.s.f.DefaultMavenResourcesFiltering - Copying 0 resource from src\main\resources to target\classes
2025-06-17 15:18:44,614 [Worker-11: Building] INFO  o.a.m.s.f.DefaultMavenResourcesFiltering - skip non existing resourceDirectory E:\Ecommerce project\Customer-Api\src\test\resources
2025-06-17 15:18:45,314 [Worker-11: Building] INFO  o.a.m.s.f.DefaultMavenResourcesFiltering - Copying 1 resource from src\main\resources to target\classes
2025-06-17 15:18:45,337 [Worker-11: Building] INFO  o.a.m.s.f.DefaultMavenResourcesFiltering - Copying 0 resource from src\main\resources to target\classes
2025-06-17 15:18:45,343 [Worker-11: Building] INFO  o.a.m.s.f.DefaultMavenResourcesFiltering - skip non existing resourceDirectory E:\Ecommerce project\Order-Api\src\test\resources
2025-06-17 15:18:48,990 [Worker-11: Building] INFO  o.a.m.s.f.DefaultMavenResourcesFiltering - Copying 1 resource from src\main\resources to target\classes
2025-06-17 15:18:49,029 [Worker-11: Building] INFO  o.a.m.s.f.DefaultMavenResourcesFiltering - Copying 0 resource from src\main\resources to target\classes
2025-06-17 15:18:49,035 [Worker-11: Building] INFO  o.a.m.s.f.DefaultMavenResourcesFiltering - skip non existing resourceDirectory E:\Ecommerce project\Product-Api-app\src\test\resources
2025-06-17 15:20:09,448 [Worker-8: Building] INFO  o.a.m.s.f.DefaultMavenResourcesFiltering - Copying 1 resource from src\main\resources to target\classes
2025-06-17 15:20:09,455 [Worker-8: Building] INFO  o.a.m.s.f.DefaultMavenResourcesFiltering - Copying 0 resource from src\main\resources to target\classes
2025-06-17 15:20:09,460 [Worker-8: Building] INFO  o.a.m.s.f.DefaultMavenResourcesFiltering - skip non existing resourceDirectory E:\Ecommerce project\Order-Api\src\test\resources
2025-06-17 15:20:24,488 [Worker-12: Building] INFO  o.a.m.s.f.DefaultMavenResourcesFiltering - Copying 1 resource from src\main\resources to target\classes
2025-06-17 15:20:24,518 [Worker-12: Building] INFO  o.a.m.s.f.DefaultMavenResourcesFiltering - Copying 0 resource from src\main\resources to target\classes
2025-06-17 15:20:24,523 [Worker-12: Building] INFO  o.a.m.s.f.DefaultMavenResourcesFiltering - skip non existing resourceDirectory E:\Ecommerce project\Order-Api\src\test\resources
2025-06-17 15:21:33,946 [Worker-14: Building] INFO  o.a.m.s.f.DefaultMavenResourcesFiltering - Copying 1 resource from src\main\resources to target\classes
2025-06-17 15:21:33,951 [Worker-14: Building] INFO  o.a.m.s.f.DefaultMavenResourcesFiltering - Copying 0 resource from src\main\resources to target\classes
2025-06-17 15:21:33,954 [Worker-14: Building] INFO  o.a.m.s.f.DefaultMavenResourcesFiltering - skip non existing resourceDirectory E:\Ecommerce project\Order-Api\src\test\resources
2025-06-17 15:23:39,445 [Worker-14: Building] INFO  o.a.m.s.f.DefaultMavenResourcesFiltering - Copying 1 resource from src\main\resources to target\classes
2025-06-17 15:23:39,452 [Worker-14: Building] INFO  o.a.m.s.f.DefaultMavenResourcesFiltering - Copying 0 resource from src\main\resources to target\classes
2025-06-17 15:23:39,455 [Worker-14: Building] INFO  o.a.m.s.f.DefaultMavenResourcesFiltering - skip non existing resourceDirectory E:\Ecommerce project\Order-Api\src\test\resources
2025-06-17 15:23:53,099 [Worker-1: Building] INFO  o.a.m.s.f.DefaultMavenResourcesFiltering - Copying 1 resource from src\main\resources to target\classes
2025-06-17 15:23:53,105 [Worker-1: Building] INFO  o.a.m.s.f.DefaultMavenResourcesFiltering - Copying 0 resource from src\main\resources to target\classes
2025-06-17 15:23:53,111 [Worker-1: Building] INFO  o.a.m.s.f.DefaultMavenResourcesFiltering - skip non existing resourceDirectory E:\Ecommerce project\Order-Api\src\test\resources
2025-06-17 15:24:05,461 [Worker-11: Building] INFO  o.a.m.s.f.DefaultMavenResourcesFiltering - Copying 1 resource from src\main\resources to target\classes
2025-06-17 15:24:05,466 [Worker-11: Building] INFO  o.a.m.s.f.DefaultMavenResourcesFiltering - Copying 0 resource from src\main\resources to target\classes
2025-06-17 15:24:05,470 [Worker-11: Building] INFO  o.a.m.s.f.DefaultMavenResourcesFiltering - skip non existing resourceDirectory E:\Ecommerce project\Order-Api\src\test\resources
2025-06-17 15:25:43,224 [Worker-5: Building] INFO  o.a.m.s.f.DefaultMavenResourcesFiltering - Copying 1 resource from src\main\resources to target\classes
2025-06-17 15:25:43,232 [Worker-5: Building] INFO  o.a.m.s.f.DefaultMavenResourcesFiltering - Copying 0 resource from src\main\resources to target\classes
2025-06-17 15:25:43,236 [Worker-5: Building] INFO  o.a.m.s.f.DefaultMavenResourcesFiltering - skip non existing resourceDirectory E:\Ecommerce project\Order-Api\src\test\resources
2025-06-17 15:26:12,077 [Worker-5: Building] INFO  o.a.m.s.f.DefaultMavenResourcesFiltering - Copying 1 resource from src\main\resources to target\classes
2025-06-17 15:26:12,083 [Worker-5: Building] INFO  o.a.m.s.f.DefaultMavenResourcesFiltering - Copying 0 resource from src\main\resources to target\classes
2025-06-17 15:26:12,086 [Worker-5: Building] INFO  o.a.m.s.f.DefaultMavenResourcesFiltering - skip non existing resourceDirectory E:\Ecommerce project\Order-Api\src\test\resources
2025-06-17 15:27:22,240 [Worker-1: Building] INFO  o.a.m.s.f.DefaultMavenResourcesFiltering - Copying 1 resource from src\main\resources to target\classes
2025-06-17 15:27:22,245 [Worker-1: Building] INFO  o.a.m.s.f.DefaultMavenResourcesFiltering - Copying 0 resource from src\main\resources to target\classes
2025-06-17 15:27:22,248 [Worker-1: Building] INFO  o.a.m.s.f.DefaultMavenResourcesFiltering - skip non existing resourceDirectory E:\Ecommerce project\Order-Api\src\test\resources
2025-06-17 15:27:45,591 [Worker-8: Building] INFO  o.a.m.s.f.DefaultMavenResourcesFiltering - Copying 1 resource from src\main\resources to target\classes
2025-06-17 15:27:45,597 [Worker-8: Building] INFO  o.a.m.s.f.DefaultMavenResourcesFiltering - Copying 0 resource from src\main\resources to target\classes
2025-06-17 15:27:45,601 [Worker-8: Building] INFO  o.a.m.s.f.DefaultMavenResourcesFiltering - skip non existing resourceDirectory E:\Ecommerce project\Order-Api\src\test\resources
2025-06-17 15:29:42,528 [Worker-5: Building] INFO  o.a.m.s.f.DefaultMavenResourcesFiltering - Copying 1 resource from src\main\resources to target\classes
2025-06-17 15:29:42,536 [Worker-5: Building] INFO  o.a.m.s.f.DefaultMavenResourcesFiltering - Copying 0 resource from src\main\resources to target\classes
2025-06-17 15:29:42,539 [Worker-5: Building] INFO  o.a.m.s.f.DefaultMavenResourcesFiltering - skip non existing resourceDirectory E:\Ecommerce project\Order-Api\src\test\resources
2025-06-17 15:30:14,000 [Worker-11: Building] INFO  o.a.m.s.f.DefaultMavenResourcesFiltering - Copying 1 resource from src\main\resources to target\classes
2025-06-17 15:30:14,004 [Worker-11: Building] INFO  o.a.m.s.f.DefaultMavenResourcesFiltering - Copying 0 resource from src\main\resources to target\classes
2025-06-17 15:30:14,006 [Worker-11: Building] INFO  o.a.m.s.f.DefaultMavenResourcesFiltering - skip non existing resourceDirectory E:\Ecommerce project\Order-Api\src\test\resources
2025-06-17 15:31:10,464 [Worker-5: Building] INFO  o.a.m.s.f.DefaultMavenResourcesFiltering - Copying 1 resource from src\main\resources to target\classes
2025-06-17 15:31:10,470 [Worker-5: Building] INFO  o.a.m.s.f.DefaultMavenResourcesFiltering - Copying 0 resource from src\main\resources to target\classes
2025-06-17 15:31:10,473 [Worker-5: Building] INFO  o.a.m.s.f.DefaultMavenResourcesFiltering - skip non existing resourceDirectory E:\Ecommerce project\Order-Api\src\test\resources
2025-06-17 15:31:56,122 [Worker-1: Building] INFO  o.a.m.s.f.DefaultMavenResourcesFiltering - Copying 1 resource from src\main\resources to target\classes
2025-06-17 15:31:56,129 [Worker-1: Building] INFO  o.a.m.s.f.DefaultMavenResourcesFiltering - Copying 0 resource from src\main\resources to target\classes
2025-06-17 15:31:56,134 [Worker-1: Building] INFO  o.a.m.s.f.DefaultMavenResourcesFiltering - skip non existing resourceDirectory E:\Ecommerce project\Order-Api\src\test\resources
2025-06-17 15:34:11,705 [Worker-1: Building] INFO  o.a.m.s.f.DefaultMavenResourcesFiltering - Copying 1 resource from src\main\resources to target\classes
2025-06-17 15:34:11,712 [Worker-1: Building] INFO  o.a.m.s.f.DefaultMavenResourcesFiltering - Copying 0 resource from src\main\resources to target\classes
2025-06-17 15:34:11,718 [Worker-1: Building] INFO  o.a.m.s.f.DefaultMavenResourcesFiltering - skip non existing resourceDirectory E:\Ecommerce project\Order-Api\src\test\resources
2025-06-17 15:34:47,456 [Worker-11: Building] INFO  o.a.m.s.f.DefaultMavenResourcesFiltering - Copying 1 resource from src\main\resources to target\classes
2025-06-17 15:34:47,462 [Worker-11: Building] INFO  o.a.m.s.f.DefaultMavenResourcesFiltering - Copying 0 resource from src\main\resources to target\classes
2025-06-17 15:34:47,464 [Worker-11: Building] INFO  o.a.m.s.f.DefaultMavenResourcesFiltering - skip non existing resourceDirectory E:\Ecommerce project\Order-Api\src\test\resources
2025-06-17 15:36:21,985 [Worker-17: Building] INFO  o.a.m.s.f.DefaultMavenResourcesFiltering - Copying 1 resource from src\main\resources to target\classes
2025-06-17 15:36:21,992 [Worker-17: Building] INFO  o.a.m.s.f.DefaultMavenResourcesFiltering - Copying 0 resource from src\main\resources to target\classes
2025-06-17 15:36:21,996 [Worker-17: Building] INFO  o.a.m.s.f.DefaultMavenResourcesFiltering - skip non existing resourceDirectory E:\Ecommerce project\Order-Api\src\test\resources
2025-06-17 15:39:30,587 [Worker-17: Building] INFO  o.a.m.s.f.DefaultMavenResourcesFiltering - Copying 1 resource from src\main\resources to target\classes
2025-06-17 15:39:30,592 [Worker-17: Building] INFO  o.a.m.s.f.DefaultMavenResourcesFiltering - Copying 0 resource from src\main\resources to target\classes
2025-06-17 15:39:30,596 [Worker-17: Building] INFO  o.a.m.s.f.DefaultMavenResourcesFiltering - skip non existing resourceDirectory E:\Ecommerce project\Order-Api\src\test\resources
2025-06-17 15:43:31,187 [Worker-18: Building] INFO  o.a.m.s.f.DefaultMavenResourcesFiltering - Copying 1 resource from src\main\resources to target\classes
2025-06-17 15:43:31,194 [Worker-18: Building] INFO  o.a.m.s.f.DefaultMavenResourcesFiltering - Copying 0 resource from src\main\resources to target\classes
2025-06-17 15:43:31,198 [Worker-18: Building] INFO  o.a.m.s.f.DefaultMavenResourcesFiltering - skip non existing resourceDirectory E:\Ecommerce project\Order-Api\src\test\resources
2025-06-17 15:45:19,266 [Worker-22: Building] INFO  o.a.m.s.f.DefaultMavenResourcesFiltering - Copying 1 resource from src\main\resources to target\classes
2025-06-17 15:45:19,272 [Worker-22: Building] INFO  o.a.m.s.f.DefaultMavenResourcesFiltering - Copying 0 resource from src\main\resources to target\classes
2025-06-17 15:45:19,274 [Worker-22: Building] INFO  o.a.m.s.f.DefaultMavenResourcesFiltering - skip non existing resourceDirectory E:\Ecommerce project\Order-Api\src\test\resources
2025-06-17 15:45:47,725 [Worker-22: Building] INFO  o.a.m.s.f.DefaultMavenResourcesFiltering - Copying 1 resource from src\main\resources to target\classes
2025-06-17 15:45:47,731 [Worker-22: Building] INFO  o.a.m.s.f.DefaultMavenResourcesFiltering - Copying 0 resource from src\main\resources to target\classes
2025-06-17 15:45:47,735 [Worker-22: Building] INFO  o.a.m.s.f.DefaultMavenResourcesFiltering - skip non existing resourceDirectory E:\Ecommerce project\Order-Api\src\test\resources
2025-06-17 15:46:08,583 [Worker-18: Building] INFO  o.a.m.s.f.DefaultMavenResourcesFiltering - Copying 1 resource from src\main\resources to target\classes
2025-06-17 15:46:08,589 [Worker-18: Building] INFO  o.a.m.s.f.DefaultMavenResourcesFiltering - Copying 0 resource from src\main\resources to target\classes
2025-06-17 15:46:08,592 [Worker-18: Building] INFO  o.a.m.s.f.DefaultMavenResourcesFiltering - skip non existing resourceDirectory E:\Ecommerce project\Order-Api\src\test\resources
2025-06-17 15:46:57,779 [Worker-22: Building] INFO  o.a.m.s.f.DefaultMavenResourcesFiltering - Copying 1 resource from src\main\resources to target\classes
2025-06-17 15:46:57,786 [Worker-22: Building] INFO  o.a.m.s.f.DefaultMavenResourcesFiltering - Copying 0 resource from src\main\resources to target\classes
2025-06-17 15:46:57,789 [Worker-22: Building] INFO  o.a.m.s.f.DefaultMavenResourcesFiltering - skip non existing resourceDirectory E:\Ecommerce project\Order-Api\src\test\resources
2025-06-17 15:52:24,244 [Worker-23: Building] INFO  o.a.m.s.f.DefaultMavenResourcesFiltering - Copying 1 resource from src\main\resources to target\classes
2025-06-17 15:52:24,250 [Worker-23: Building] INFO  o.a.m.s.f.DefaultMavenResourcesFiltering - Copying 0 resource from src\main\resources to target\classes
2025-06-17 15:52:24,253 [Worker-23: Building] INFO  o.a.m.s.f.DefaultMavenResourcesFiltering - skip non existing resourceDirectory E:\Ecommerce project\Order-Api\src\test\resources
2025-06-17 15:54:31,203 [Worker-25: Building] INFO  o.e.m.c.i.l.LifecycleMappingFactory - Using org.eclipse.m2e.jdt.JarLifecycleMapping lifecycle mapping for MavenProject: sagar.solution:Order-Api:0.0.1-SNAPSHOT @ E:\Ecommerce project\Order-Api\pom.xml.
2025-06-17 15:54:31,657 [Worker-25: Building] INFO  o.e.m.c.i.e.AbstractTransferListenerAdapter - Downloading https://repo.maven.apache.org/maven2/com/razorpay/razorpay-java/1.4.8/razorpay-java-1.4.8.pom
2025-06-17 15:54:31,676 [Worker-25: Building] INFO  o.e.m.c.i.e.AbstractTransferListenerAdapter - Downloaded https://repo.maven.apache.org/maven2/com/razorpay/razorpay-java/1.4.8/razorpay-java-1.4.8.pom
2025-06-17 15:54:31,710 [Worker-25: Building] INFO  o.e.m.c.i.e.AbstractTransferListenerAdapter - Downloading https://repo.maven.apache.org/maven2/org/json/json/20231013/json-20231013.pom
2025-06-17 15:54:31,719 [Worker-25: Building] INFO  o.e.m.c.i.e.AbstractTransferListenerAdapter - Downloaded https://repo.maven.apache.org/maven2/org/json/json/20231013/json-20231013.pom
2025-06-17 15:54:31,757 [Worker-25: Building] INFO  o.e.m.c.i.e.AbstractTransferListenerAdapter - Downloading https://repo.maven.apache.org/maven2/com/squareup/okhttp3/okhttp/3.10.0/okhttp-3.10.0.pom
2025-06-17 15:54:31,766 [Worker-25: Building] INFO  o.e.m.c.i.e.AbstractTransferListenerAdapter - Downloaded https://repo.maven.apache.org/maven2/com/squareup/okhttp3/okhttp/3.10.0/okhttp-3.10.0.pom
2025-06-17 15:54:31,807 [Worker-25: Building] INFO  o.e.m.c.i.e.AbstractTransferListenerAdapter - Downloading https://repo.maven.apache.org/maven2/com/squareup/okhttp3/parent/3.10.0/parent-3.10.0.pom
2025-06-17 15:54:31,820 [Worker-25: Building] INFO  o.e.m.c.i.e.AbstractTransferListenerAdapter - Downloaded https://repo.maven.apache.org/maven2/com/squareup/okhttp3/parent/3.10.0/parent-3.10.0.pom
2025-06-17 15:54:31,867 [Worker-25: Building] INFO  o.e.m.c.i.e.AbstractTransferListenerAdapter - Downloading https://repo.maven.apache.org/maven2/com/squareup/okio/okio/1.14.0/okio-1.14.0.pom
2025-06-17 15:54:31,874 [Worker-25: Building] INFO  o.e.m.c.i.e.AbstractTransferListenerAdapter - Downloaded https://repo.maven.apache.org/maven2/com/squareup/okio/okio/1.14.0/okio-1.14.0.pom
2025-06-17 15:54:31,915 [Worker-25: Building] INFO  o.e.m.c.i.e.AbstractTransferListenerAdapter - Downloading https://repo.maven.apache.org/maven2/com/squareup/okio/okio-parent/1.14.0/okio-parent-1.14.0.pom
2025-06-17 15:54:31,922 [Worker-25: Building] INFO  o.e.m.c.i.e.AbstractTransferListenerAdapter - Downloaded https://repo.maven.apache.org/maven2/com/squareup/okio/okio-parent/1.14.0/okio-parent-1.14.0.pom
2025-06-17 15:54:31,965 [Worker-25: Building] INFO  o.e.m.c.i.e.AbstractTransferListenerAdapter - Downloading https://repo.maven.apache.org/maven2/com/squareup/okhttp3/logging-interceptor/3.10.0/logging-interceptor-3.10.0.pom
2025-06-17 15:54:31,971 [Worker-25: Building] INFO  o.e.m.c.i.e.AbstractTransferListenerAdapter - Downloaded https://repo.maven.apache.org/maven2/com/squareup/okhttp3/logging-interceptor/3.10.0/logging-interceptor-3.10.0.pom
2025-06-17 15:54:32,010 [Worker-25: Building] INFO  o.e.m.c.i.e.AbstractTransferListenerAdapter - Downloading https://repo.maven.apache.org/maven2/commons-codec/commons-codec/1.18.0/commons-codec-1.18.0.pom
2025-06-17 15:54:32,019 [Worker-25: Building] INFO  o.e.m.c.i.e.AbstractTransferListenerAdapter - Downloaded https://repo.maven.apache.org/maven2/commons-codec/commons-codec/1.18.0/commons-codec-1.18.0.pom
2025-06-17 15:54:32,255 [Worker-25: Building] INFO  o.e.m.c.i.e.AbstractTransferListenerAdapter - Downloading https://repo.maven.apache.org/maven2/com/razorpay/razorpay-java/1.4.8/razorpay-java-1.4.8.jar
2025-06-17 15:54:32,286 [Worker-25: Building] INFO  o.e.m.c.i.e.AbstractTransferListenerAdapter - Downloaded https://repo.maven.apache.org/maven2/com/razorpay/razorpay-java/1.4.8/razorpay-java-1.4.8.jar
2025-06-17 15:54:32,322 [BasicRepositoryConnector-repo.maven.apache.org-0-1] INFO  o.e.m.c.i.e.AbstractTransferListenerAdapter - Downloading https://repo.maven.apache.org/maven2/com/squareup/okhttp3/okhttp/3.10.0/okhttp-3.10.0.jar
2025-06-17 15:54:32,375 [BasicRepositoryConnector-repo.maven.apache.org-0-3] INFO  o.e.m.c.i.e.AbstractTransferListenerAdapter - Downloading https://repo.maven.apache.org/maven2/com/squareup/okhttp3/logging-interceptor/3.10.0/logging-interceptor-3.10.0.jar
2025-06-17 15:54:32,375 [BasicRepositoryConnector-repo.maven.apache.org-0-4] INFO  o.e.m.c.i.e.AbstractTransferListenerAdapter - Downloading https://repo.maven.apache.org/maven2/commons-codec/commons-codec/1.18.0/commons-codec-1.18.0.jar
2025-06-17 15:54:32,384 [BasicRepositoryConnector-repo.maven.apache.org-0-3] INFO  o.e.m.c.i.e.AbstractTransferListenerAdapter - Downloaded https://repo.maven.apache.org/maven2/com/squareup/okhttp3/logging-interceptor/3.10.0/logging-interceptor-3.10.0.jar
2025-06-17 15:54:32,421 [BasicRepositoryConnector-repo.maven.apache.org-0-0] INFO  o.e.m.c.i.e.AbstractTransferListenerAdapter - Downloading https://repo.maven.apache.org/maven2/org/json/json/20231013/json-20231013.jar
2025-06-17 15:54:32,424 [BasicRepositoryConnector-repo.maven.apache.org-0-2] INFO  o.e.m.c.i.e.AbstractTransferListenerAdapter - Downloading https://repo.maven.apache.org/maven2/com/squareup/okio/okio/1.14.0/okio-1.14.0.jar
2025-06-17 15:54:32,468 [BasicRepositoryConnector-repo.maven.apache.org-0-0] INFO  o.e.m.c.i.e.AbstractTransferListenerAdapter - Downloaded https://repo.maven.apache.org/maven2/org/json/json/20231013/json-20231013.jar
2025-06-17 15:54:32,476 [BasicRepositoryConnector-repo.maven.apache.org-0-4] INFO  o.e.m.c.i.e.AbstractTransferListenerAdapter - Downloaded https://repo.maven.apache.org/maven2/commons-codec/commons-codec/1.18.0/commons-codec-1.18.0.jar
2025-06-17 15:54:32,477 [BasicRepositoryConnector-repo.maven.apache.org-0-1] INFO  o.e.m.c.i.e.AbstractTransferListenerAdapter - Downloaded https://repo.maven.apache.org/maven2/com/squareup/okhttp3/okhttp/3.10.0/okhttp-3.10.0.jar
2025-06-17 15:54:32,491 [BasicRepositoryConnector-repo.maven.apache.org-0-2] INFO  o.e.m.c.i.e.AbstractTransferListenerAdapter - Downloaded https://repo.maven.apache.org/maven2/com/squareup/okio/okio/1.14.0/okio-1.14.0.jar
2025-06-17 15:54:32,928 [Worker-25: Building] INFO  o.a.m.s.f.DefaultMavenResourcesFiltering - Copying 0 resource from src\main\resources to target\classes
2025-06-17 15:54:32,929 [Worker-25: Building] INFO  o.a.m.s.f.DefaultMavenResourcesFiltering - Copying 0 resource from src\main\resources to target\classes
2025-06-17 15:54:32,933 [Worker-25: Building] INFO  o.a.m.s.f.DefaultMavenResourcesFiltering - skip non existing resourceDirectory E:\Ecommerce project\Order-Api\src\test\resources
2025-06-17 15:54:33,077 [Worker-18: Updating Maven Project] INFO  o.e.m.c.i.p.ProjectConfigurationManager - Update started
2025-06-17 15:54:33,540 [Worker-18: Updating Maven Project] INFO  o.e.m.c.i.l.LifecycleMappingFactory - Using org.eclipse.m2e.jdt.JarLifecycleMapping lifecycle mapping for MavenProject: sagar.solution:Order-Api:0.0.1-SNAPSHOT @ E:\Ecommerce project\Order-Api\pom.xml.
2025-06-17 15:54:33,881 [Worker-25: Download sources and javadoc] INFO  o.e.m.c.i.e.AbstractTransferListenerAdapter - Downloading https://repo.maven.apache.org/maven2/com/razorpay/razorpay-java/1.4.8/razorpay-java-1.4.8-sources.jar
2025-06-17 15:54:33,889 [Worker-25: Download sources and javadoc] INFO  o.e.m.c.i.e.AbstractTransferListenerAdapter - Downloaded https://repo.maven.apache.org/maven2/com/razorpay/razorpay-java/1.4.8/razorpay-java-1.4.8-sources.jar
2025-06-17 15:54:33,894 [Worker-25: Download sources and javadoc] INFO  o.e.m.j.internal.DownloadSourcesJob - Downloaded sources for com.razorpay:razorpay-java:1.4.8
2025-06-17 15:54:33,985 [Worker-25: Download sources and javadoc] INFO  o.e.m.c.i.e.AbstractTransferListenerAdapter - Downloading https://repo.maven.apache.org/maven2/org/json/json/20231013/json-20231013-sources.jar
2025-06-17 15:54:34,012 [Worker-25: Download sources and javadoc] INFO  o.e.m.c.i.e.AbstractTransferListenerAdapter - Downloaded https://repo.maven.apache.org/maven2/org/json/json/20231013/json-20231013-sources.jar
2025-06-17 15:54:34,018 [Worker-25: Download sources and javadoc] INFO  o.e.m.j.internal.DownloadSourcesJob - Downloaded sources for org.json:json:20231013
2025-06-17 15:54:34,095 [Worker-25: Download sources and javadoc] INFO  o.e.m.c.i.e.AbstractTransferListenerAdapter - Downloading https://repo.maven.apache.org/maven2/com/squareup/okhttp3/okhttp/3.10.0/okhttp-3.10.0-sources.jar
2025-06-17 15:54:34,125 [Worker-18: Updating Maven Project] INFO  o.e.m.j.i.AbstractJavaProjectConfigurator - Adding source folder /Order-Api/src/main/java
2025-06-17 15:54:34,125 [Worker-18: Updating Maven Project] INFO  o.e.m.j.i.AbstractJavaProjectConfigurator - Adding resource folder /Order-Api/src/main/resources
2025-06-17 15:54:34,125 [Worker-18: Updating Maven Project] INFO  o.e.m.j.i.AbstractJavaProjectConfigurator - Adding resource folder /Order-Api/src/main/resources
2025-06-17 15:54:34,125 [Worker-18: Updating Maven Project] INFO  o.e.m.j.i.AbstractJavaProjectConfigurator - Adding source folder /Order-Api/src/test/java
2025-06-17 15:54:34,125 [Worker-18: Updating Maven Project] INFO  o.e.m.j.i.AbstractJavaProjectConfigurator - Adding resource folder /Order-Api/src/test/resources
2025-06-17 15:54:34,144 [Worker-18: Updating Maven Project] WARN  o.e.m.c.i.embedder.EclipseLogger - The POM for org.projectlombok:lombok:jar: is missing, no dependency information available
2025-06-17 15:54:34,147 [Worker-18: Updating Maven Project] ERROR o.e.m.a.i.u.PluginDependencyResolver - Unable to collect dependencies for plugin
org.eclipse.aether.resolution.DependencyResolutionException: The following artifacts could not be resolved: org.projectlombok:lombok:jar: (absent): org.projectlombok:lombok:jar: was not found in https://repo.maven.apache.org/maven2 during a previous attempt. This failure was cached in the local repository and resolution is not reattempted until the update interval of central has elapsed or updates are forced
	at org.eclipse.aether.internal.impl.DefaultRepositorySystem.resolveDependencies(DefaultRepositorySystem.java:365)
	at org.eclipse.m2e.apt.internal.utils.PluginDependencyResolver.getResolvedPluginDependencies(PluginDependencyResolver.java:106)
	at org.eclipse.m2e.apt.internal.compiler.MavenCompilerJdtAptDelegate.getAnnotationProcessorConfiguration(MavenCompilerJdtAptDelegate.java:172)
	at org.eclipse.m2e.apt.internal.AbstractAptConfiguratorDelegate.configureClasspath(AbstractAptConfiguratorDelegate.java:241)
	at org.eclipse.m2e.apt.internal.AbstractAptProjectConfigurator.lambda$1(AbstractAptProjectConfigurator.java:156)
	at org.eclipse.m2e.core.internal.embedder.MavenExecutionContext.executeBare(MavenExecutionContext.java:394)
	at org.eclipse.m2e.core.internal.embedder.MavenExecutionContext.execute(MavenExecutionContext.java:275)
	at org.eclipse.m2e.core.internal.embedder.MavenExecutionContext.execute(MavenExecutionContext.java:214)
	at org.eclipse.m2e.apt.internal.AbstractAptProjectConfigurator.configureRawClasspath(AbstractAptProjectConfigurator.java:150)
	at org.eclipse.m2e.jdt.internal.AbstractJavaProjectConfigurator.invokeJavaProjectConfigurators(AbstractJavaProjectConfigurator.java:209)
	at org.eclipse.m2e.jdt.internal.AbstractJavaProjectConfigurator.configure(AbstractJavaProjectConfigurator.java:167)
	at org.eclipse.m2e.core.project.configurator.AbstractLifecycleMapping.configure(AbstractLifecycleMapping.java:123)
	at org.eclipse.m2e.core.internal.project.ProjectConfigurationManager.lambda$6(ProjectConfigurationManager.java:503)
	at org.eclipse.m2e.core.internal.embedder.MavenExecutionContext.executeBare(MavenExecutionContext.java:394)
	at org.eclipse.m2e.core.internal.embedder.MavenExecutionContext.execute(MavenExecutionContext.java:275)
	at org.eclipse.m2e.core.internal.project.ProjectConfigurationManager.updateProjectConfiguration(ProjectConfigurationManager.java:497)
	at org.eclipse.m2e.core.internal.project.ProjectConfigurationManager.lambda$4(ProjectConfigurationManager.java:425)
	at java.base/java.util.Collection.removeIf(Collection.java:576)
	at org.eclipse.m2e.core.internal.project.ProjectConfigurationManager.updateProjectConfiguration0(ProjectConfigurationManager.java:413)
	at org.eclipse.m2e.core.internal.project.ProjectConfigurationManager.lambda$3(ProjectConfigurationManager.java:339)
	at org.eclipse.m2e.core.internal.embedder.MavenExecutionContext.executeBare(MavenExecutionContext.java:394)
	at org.eclipse.m2e.core.internal.embedder.MavenExecutionContext.execute(MavenExecutionContext.java:275)
	at org.eclipse.m2e.core.internal.embedder.MavenExecutionContext.execute(MavenExecutionContext.java:214)
	at org.eclipse.m2e.core.internal.embedder.MavenImpl.execute(MavenImpl.java:1097)
	at org.eclipse.m2e.core.internal.project.ProjectConfigurationManager.updateProjectConfiguration(ProjectConfigurationManager.java:338)
	at org.eclipse.m2e.core.ui.internal.UpdateMavenProjectJob.runInWorkspace(UpdateMavenProjectJob.java:80)
	at org.eclipse.core.internal.resources.InternalWorkspaceJob.run(InternalWorkspaceJob.java:43)
	at org.eclipse.core.internal.jobs.Worker.run(Worker.java:63)
Caused by: org.eclipse.aether.resolution.ArtifactResolutionException: The following artifacts could not be resolved: org.projectlombok:lombok:jar: (absent): org.projectlombok:lombok:jar: was not found in https://repo.maven.apache.org/maven2 during a previous attempt. This failure was cached in the local repository and resolution is not reattempted until the update interval of central has elapsed or updates are forced
	at org.eclipse.aether.internal.impl.DefaultArtifactResolver.resolve(DefaultArtifactResolver.java:473)
	at org.eclipse.aether.internal.impl.DefaultArtifactResolver.resolveArtifacts(DefaultArtifactResolver.java:261)
	at org.eclipse.aether.internal.impl.DefaultRepositorySystem.resolveDependencies(DefaultRepositorySystem.java:353)
	... 27 common frames omitted
Caused by: org.eclipse.aether.transfer.ArtifactNotFoundException: org.projectlombok:lombok:jar: was not found in https://repo.maven.apache.org/maven2 during a previous attempt. This failure was cached in the local repository and resolution is not reattempted until the update interval of central has elapsed or updates are forced
	at org.eclipse.aether.internal.impl.DefaultUpdateCheckManager.newException(DefaultUpdateCheckManager.java:225)
	at org.eclipse.aether.internal.impl.DefaultUpdateCheckManager.checkArtifact(DefaultUpdateCheckManager.java:201)
	at org.eclipse.aether.internal.impl.DefaultArtifactResolver.gatherDownloads(DefaultArtifactResolver.java:586)
	at org.eclipse.aether.internal.impl.DefaultArtifactResolver.performDownloads(DefaultArtifactResolver.java:525)
	at org.eclipse.aether.internal.impl.DefaultArtifactResolver.resolve(DefaultArtifactResolver.java:449)
	... 29 common frames omitted
2025-06-17 15:54:34,153 [Worker-18: Updating Maven Project] INFO  o.e.m.c.i.p.ProjectConfigurationManager - Update completed for 1 poms: local refresh takes 0.00 sec, refresh facades takes 0.00 sec, update config takes 0.00 sec 
2025-06-17 15:54:34,159 [Worker-25: Download sources and javadoc] INFO  o.e.m.c.i.e.AbstractTransferListenerAdapter - Downloaded https://repo.maven.apache.org/maven2/com/squareup/okhttp3/okhttp/3.10.0/okhttp-3.10.0-sources.jar
2025-06-17 15:54:34,165 [Worker-25: Download sources and javadoc] INFO  o.e.m.j.internal.DownloadSourcesJob - Downloaded sources for com.squareup.okhttp3:okhttp:3.10.0
2025-06-17 15:54:34,242 [Worker-25: Download sources and javadoc] INFO  o.e.m.c.i.e.AbstractTransferListenerAdapter - Downloading https://repo.maven.apache.org/maven2/com/squareup/okio/okio/1.14.0/okio-1.14.0-sources.jar
2025-06-17 15:54:34,269 [Worker-25: Download sources and javadoc] INFO  o.e.m.c.i.e.AbstractTransferListenerAdapter - Downloaded https://repo.maven.apache.org/maven2/com/squareup/okio/okio/1.14.0/okio-1.14.0-sources.jar
2025-06-17 15:54:34,275 [Worker-25: Download sources and javadoc] INFO  o.e.m.j.internal.DownloadSourcesJob - Downloaded sources for com.squareup.okio:okio:1.14.0
2025-06-17 15:54:34,362 [Worker-25: Download sources and javadoc] INFO  o.e.m.c.i.e.AbstractTransferListenerAdapter - Downloading https://repo.maven.apache.org/maven2/com/squareup/okhttp3/logging-interceptor/3.10.0/logging-interceptor-3.10.0-sources.jar
2025-06-17 15:54:34,370 [Worker-25: Download sources and javadoc] INFO  o.e.m.c.i.e.AbstractTransferListenerAdapter - Downloaded https://repo.maven.apache.org/maven2/com/squareup/okhttp3/logging-interceptor/3.10.0/logging-interceptor-3.10.0-sources.jar
2025-06-17 15:54:34,375 [Worker-25: Download sources and javadoc] INFO  o.e.m.j.internal.DownloadSourcesJob - Downloaded sources for com.squareup.okhttp3:logging-interceptor:3.10.0
2025-06-17 15:54:34,458 [Worker-25: Download sources and javadoc] INFO  o.e.m.c.i.e.AbstractTransferListenerAdapter - Downloading https://repo.maven.apache.org/maven2/commons-codec/commons-codec/1.18.0/commons-codec-1.18.0-sources.jar
2025-06-17 15:54:34,520 [Worker-25: Download sources and javadoc] INFO  o.e.m.c.i.e.AbstractTransferListenerAdapter - Downloaded https://repo.maven.apache.org/maven2/commons-codec/commons-codec/1.18.0/commons-codec-1.18.0-sources.jar
2025-06-17 15:54:34,526 [Worker-25: Download sources and javadoc] INFO  o.e.m.j.internal.DownloadSourcesJob - Downloaded sources for commons-codec:commons-codec:1.18.0
2025-06-17 15:54:34,606 [Worker-25: Download sources and javadoc] INFO  o.e.m.c.i.e.AbstractTransferListenerAdapter - Downloading https://repo.maven.apache.org/maven2/org/apache/commons/commons-text/1.3/commons-text-1.3-sources.jar
2025-06-17 15:54:34,655 [Worker-25: Download sources and javadoc] INFO  o.e.m.c.i.e.AbstractTransferListenerAdapter - Downloaded https://repo.maven.apache.org/maven2/org/apache/commons/commons-text/1.3/commons-text-1.3-sources.jar
2025-06-17 15:54:34,660 [Worker-25: Download sources and javadoc] INFO  o.e.m.j.internal.DownloadSourcesJob - Downloaded sources for org.apache.commons:commons-text:1.3
2025-06-17 15:54:34,774 [Worker-25: Download sources and javadoc] INFO  o.e.m.c.i.e.AbstractTransferListenerAdapter - Downloading https://repo.maven.apache.org/maven2/org/apache/commons/commons-lang3/3.17.0/commons-lang3-3.17.0-sources.jar
2025-06-17 15:54:34,880 [Worker-25: Download sources and javadoc] INFO  o.e.m.c.i.e.AbstractTransferListenerAdapter - Downloaded https://repo.maven.apache.org/maven2/org/apache/commons/commons-lang3/3.17.0/commons-lang3-3.17.0-sources.jar
2025-06-17 15:54:34,888 [Worker-25: Download sources and javadoc] INFO  o.e.m.j.internal.DownloadSourcesJob - Downloaded sources for org.apache.commons:commons-lang3:3.17.0
2025-06-17 15:54:34,906 [Worker-28: Building] INFO  o.a.m.s.f.DefaultMavenResourcesFiltering - Copying 1 resource from src\main\resources to target\classes
2025-06-17 15:54:34,932 [Worker-28: Building] INFO  o.a.m.s.f.DefaultMavenResourcesFiltering - Copying 0 resource from src\main\resources to target\classes
2025-06-17 15:54:34,935 [Worker-28: Building] INFO  o.a.m.s.f.DefaultMavenResourcesFiltering - skip non existing resourceDirectory E:\Ecommerce project\Order-Api\src\test\resources
2025-06-17 15:57:38,685 [Worker-32: reload maven project] INFO  o.e.m.c.i.e.AbstractTransferListenerAdapter - Downloading https://repo.maven.apache.org/maven2/org/sonatype/plugins/nexus-staging-maven-plugin/1.6.8/nexus-staging-maven-plugin-1.6.8.pom
2025-06-17 15:57:38,694 [Worker-32: reload maven project] INFO  o.e.m.c.i.e.AbstractTransferListenerAdapter - Downloaded https://repo.maven.apache.org/maven2/org/sonatype/plugins/nexus-staging-maven-plugin/1.6.8/nexus-staging-maven-plugin-1.6.8.pom
2025-06-17 15:57:38,737 [Worker-32: reload maven project] INFO  o.e.m.c.i.e.AbstractTransferListenerAdapter - Downloading https://repo.maven.apache.org/maven2/org/sonatype/nexus/maven/nexus-staging/1.6.8/nexus-staging-1.6.8.pom
2025-06-17 15:57:38,742 [Worker-32: reload maven project] INFO  o.e.m.c.i.e.AbstractTransferListenerAdapter - Downloaded https://repo.maven.apache.org/maven2/org/sonatype/nexus/maven/nexus-staging/1.6.8/nexus-staging-1.6.8.pom
2025-06-17 15:57:38,791 [Worker-32: reload maven project] INFO  o.e.m.c.i.e.AbstractTransferListenerAdapter - Downloading https://repo.maven.apache.org/maven2/org/sonatype/nexus/maven/nexus-maven-plugins/1.6.8/nexus-maven-plugins-1.6.8.pom
2025-06-17 15:57:38,801 [Worker-32: reload maven project] INFO  o.e.m.c.i.e.AbstractTransferListenerAdapter - Downloaded https://repo.maven.apache.org/maven2/org/sonatype/nexus/maven/nexus-maven-plugins/1.6.8/nexus-maven-plugins-1.6.8.pom
2025-06-17 15:57:38,845 [Worker-32: reload maven project] INFO  o.e.m.c.i.e.AbstractTransferListenerAdapter - Downloading https://repo.maven.apache.org/maven2/org/sonatype/buildsupport/public-parent/6/public-parent-6.pom
2025-06-17 15:57:38,852 [Worker-32: reload maven project] INFO  o.e.m.c.i.e.AbstractTransferListenerAdapter - Downloaded https://repo.maven.apache.org/maven2/org/sonatype/buildsupport/public-parent/6/public-parent-6.pom
2025-06-17 15:57:38,890 [Worker-32: reload maven project] INFO  o.e.m.c.i.e.AbstractTransferListenerAdapter - Downloading https://repo.maven.apache.org/maven2/org/sonatype/buildsupport/buildsupport/6/buildsupport-6.pom
2025-06-17 15:57:38,901 [Worker-32: reload maven project] INFO  o.e.m.c.i.e.AbstractTransferListenerAdapter - Downloaded https://repo.maven.apache.org/maven2/org/sonatype/buildsupport/buildsupport/6/buildsupport-6.pom
2025-06-17 15:57:38,941 [Worker-32: reload maven project] INFO  o.e.m.c.i.e.AbstractTransferListenerAdapter - Downloading https://repo.maven.apache.org/maven2/org/sonatype/nexus/maven/nexus-common/1.6.8/nexus-common-1.6.8.pom
2025-06-17 15:57:38,946 [Worker-32: reload maven project] INFO  o.e.m.c.i.e.AbstractTransferListenerAdapter - Downloaded https://repo.maven.apache.org/maven2/org/sonatype/nexus/maven/nexus-common/1.6.8/nexus-common-1.6.8.pom
2025-06-17 15:57:38,988 [Worker-32: reload maven project] INFO  o.e.m.c.i.e.AbstractTransferListenerAdapter - Downloading https://repo.maven.apache.org/maven2/org/sonatype/plexus/plexus-sec-dispatcher/1.4/plexus-sec-dispatcher-1.4.pom
2025-06-17 15:57:38,995 [Worker-32: reload maven project] INFO  o.e.m.c.i.e.AbstractTransferListenerAdapter - Downloaded https://repo.maven.apache.org/maven2/org/sonatype/plexus/plexus-sec-dispatcher/1.4/plexus-sec-dispatcher-1.4.pom
2025-06-17 15:57:39,080 [Worker-32: reload maven project] INFO  o.e.m.c.i.e.AbstractTransferListenerAdapter - Downloading https://repo.maven.apache.org/maven2/org/sonatype/plexus/plexus-cipher/1.7/plexus-cipher-1.7.pom
2025-06-17 15:57:39,088 [Worker-32: reload maven project] INFO  o.e.m.c.i.e.AbstractTransferListenerAdapter - Downloaded https://repo.maven.apache.org/maven2/org/sonatype/plexus/plexus-cipher/1.7/plexus-cipher-1.7.pom
2025-06-17 15:57:39,200 [Worker-32: reload maven project] INFO  o.e.m.c.i.e.AbstractTransferListenerAdapter - Downloading https://repo.maven.apache.org/maven2/org/sonatype/nexus/nexus-client-core/2.14.3-02/nexus-client-core-2.14.3-02.pom
2025-06-17 15:57:39,205 [Worker-32: reload maven project] INFO  o.e.m.c.i.e.AbstractTransferListenerAdapter - Downloaded https://repo.maven.apache.org/maven2/org/sonatype/nexus/nexus-client-core/2.14.3-02/nexus-client-core-2.14.3-02.pom
2025-06-17 15:57:39,250 [Worker-32: reload maven project] INFO  o.e.m.c.i.e.AbstractTransferListenerAdapter - Downloading https://repo.maven.apache.org/maven2/org/sonatype/nexus/nexus-components/2.14.3-02/nexus-components-2.14.3-02.pom
2025-06-17 15:57:39,255 [Worker-32: reload maven project] INFO  o.e.m.c.i.e.AbstractTransferListenerAdapter - Downloaded https://repo.maven.apache.org/maven2/org/sonatype/nexus/nexus-components/2.14.3-02/nexus-components-2.14.3-02.pom
2025-06-17 15:57:39,293 [Worker-32: reload maven project] INFO  o.e.m.c.i.e.AbstractTransferListenerAdapter - Downloading https://repo.maven.apache.org/maven2/org/sonatype/nexus/nexus-parent/2.14.3-02/nexus-parent-2.14.3-02.pom
2025-06-17 15:57:39,305 [Worker-32: reload maven project] INFO  o.e.m.c.i.e.AbstractTransferListenerAdapter - Downloaded https://repo.maven.apache.org/maven2/org/sonatype/nexus/nexus-parent/2.14.3-02/nexus-parent-2.14.3-02.pom
2025-06-17 15:57:39,339 [Worker-32: reload maven project] INFO  o.e.m.c.i.e.AbstractTransferListenerAdapter - Downloading https://repo.maven.apache.org/maven2/org/sonatype/buildsupport/public-parent/9/public-parent-9.pom
2025-06-17 15:57:39,342 [Worker-32: reload maven project] INFO  o.e.m.c.i.e.AbstractTransferListenerAdapter - Downloaded https://repo.maven.apache.org/maven2/org/sonatype/buildsupport/public-parent/9/public-parent-9.pom
2025-06-17 15:57:39,376 [Worker-32: reload maven project] INFO  o.e.m.c.i.e.AbstractTransferListenerAdapter - Downloading https://repo.maven.apache.org/maven2/org/sonatype/buildsupport/buildsupport/9/buildsupport-9.pom
2025-06-17 15:57:39,383 [Worker-32: reload maven project] INFO  o.e.m.c.i.e.AbstractTransferListenerAdapter - Downloaded https://repo.maven.apache.org/maven2/org/sonatype/buildsupport/buildsupport/9/buildsupport-9.pom
2025-06-17 15:57:39,423 [Worker-32: reload maven project] INFO  o.e.m.c.i.e.AbstractTransferListenerAdapter - Downloading https://repo.maven.apache.org/maven2/org/sonatype/nexus/buildsupport/nexus-buildsupport-all/2.14.3-02/nexus-buildsupport-all-2.14.3-02.pom
2025-06-17 15:57:39,427 [Worker-32: reload maven project] INFO  o.e.m.c.i.e.AbstractTransferListenerAdapter - Downloaded https://repo.maven.apache.org/maven2/org/sonatype/nexus/buildsupport/nexus-buildsupport-all/2.14.3-02/nexus-buildsupport-all-2.14.3-02.pom
2025-06-17 15:57:39,463 [Worker-32: reload maven project] INFO  o.e.m.c.i.e.AbstractTransferListenerAdapter - Downloading https://repo.maven.apache.org/maven2/org/sonatype/nexus/buildsupport/nexus-buildsupport/2.14.3-02/nexus-buildsupport-2.14.3-02.pom
2025-06-17 15:57:39,470 [Worker-32: reload maven project] INFO  o.e.m.c.i.e.AbstractTransferListenerAdapter - Downloaded https://repo.maven.apache.org/maven2/org/sonatype/nexus/buildsupport/nexus-buildsupport/2.14.3-02/nexus-buildsupport-2.14.3-02.pom
2025-06-17 15:57:40,405 [Worker-32: reload maven project] INFO  o.e.m.c.i.e.AbstractTransferListenerAdapter - Downloading https://repository.sonatype.org/content/groups/sonatype-public-grid/org/sonatype/nexus/buildsupport/nexus-buildsupport-commons/2.14.3-02/nexus-buildsupport-commons-2.14.3-02.pom
2025-06-17 15:57:40,413 [Worker-32: reload maven project] INFO  o.e.m.c.i.e.AbstractTransferListenerAdapter - Downloaded https://repository.sonatype.org/content/groups/sonatype-public-grid/org/sonatype/nexus/buildsupport/nexus-buildsupport-commons/2.14.3-02/nexus-buildsupport-commons-2.14.3-02.pom
2025-06-17 15:57:40,663 [Worker-32: reload maven project] INFO  o.e.m.c.i.e.AbstractTransferListenerAdapter - Downloading https://repository.sonatype.org/content/groups/sonatype-public-grid/org/sonatype/nexus/buildsupport/nexus-buildsupport-db/2.14.3-02/nexus-buildsupport-db-2.14.3-02.pom
2025-06-17 15:57:40,670 [Worker-32: reload maven project] INFO  o.e.m.c.i.e.AbstractTransferListenerAdapter - Downloaded https://repository.sonatype.org/content/groups/sonatype-public-grid/org/sonatype/nexus/buildsupport/nexus-buildsupport-db/2.14.3-02/nexus-buildsupport-db-2.14.3-02.pom
2025-06-17 15:57:40,915 [Worker-32: reload maven project] INFO  o.e.m.c.i.e.AbstractTransferListenerAdapter - Downloading https://repository.sonatype.org/content/groups/sonatype-public-grid/org/sonatype/nexus/buildsupport/nexus-buildsupport-gwt/2.14.3-02/nexus-buildsupport-gwt-2.14.3-02.pom
2025-06-17 15:57:40,922 [Worker-32: reload maven project] INFO  o.e.m.c.i.e.AbstractTransferListenerAdapter - Downloaded https://repository.sonatype.org/content/groups/sonatype-public-grid/org/sonatype/nexus/buildsupport/nexus-buildsupport-gwt/2.14.3-02/nexus-buildsupport-gwt-2.14.3-02.pom
2025-06-17 15:57:41,169 [Worker-32: reload maven project] INFO  o.e.m.c.i.e.AbstractTransferListenerAdapter - Downloading https://repository.sonatype.org/content/groups/sonatype-public-grid/org/sonatype/nexus/buildsupport/nexus-buildsupport-httpclient/2.14.3-02/nexus-buildsupport-httpclient-2.14.3-02.pom
2025-06-17 15:57:41,176 [Worker-32: reload maven project] INFO  o.e.m.c.i.e.AbstractTransferListenerAdapter - Downloaded https://repository.sonatype.org/content/groups/sonatype-public-grid/org/sonatype/nexus/buildsupport/nexus-buildsupport-httpclient/2.14.3-02/nexus-buildsupport-httpclient-2.14.3-02.pom
2025-06-17 15:57:41,425 [Worker-32: reload maven project] INFO  o.e.m.c.i.e.AbstractTransferListenerAdapter - Downloading https://repository.sonatype.org/content/groups/sonatype-public-grid/org/sonatype/nexus/buildsupport/nexus-buildsupport-insight/2.14.3-02/nexus-buildsupport-insight-2.14.3-02.pom
2025-06-17 15:57:41,433 [Worker-32: reload maven project] INFO  o.e.m.c.i.e.AbstractTransferListenerAdapter - Downloaded https://repository.sonatype.org/content/groups/sonatype-public-grid/org/sonatype/nexus/buildsupport/nexus-buildsupport-insight/2.14.3-02/nexus-buildsupport-insight-2.14.3-02.pom
2025-06-17 15:57:41,674 [Worker-32: reload maven project] INFO  o.e.m.c.i.e.AbstractTransferListenerAdapter - Downloading https://repository.sonatype.org/content/groups/sonatype-public-grid/org/sonatype/nexus/buildsupport/nexus-buildsupport-maven/2.14.3-02/nexus-buildsupport-maven-2.14.3-02.pom
2025-06-17 15:57:41,679 [Worker-32: reload maven project] INFO  o.e.m.c.i.e.AbstractTransferListenerAdapter - Downloaded https://repository.sonatype.org/content/groups/sonatype-public-grid/org/sonatype/nexus/buildsupport/nexus-buildsupport-maven/2.14.3-02/nexus-buildsupport-maven-2.14.3-02.pom
2025-06-17 15:57:41,919 [Worker-32: reload maven project] INFO  o.e.m.c.i.e.AbstractTransferListenerAdapter - Downloading https://repository.sonatype.org/content/groups/sonatype-public-grid/org/sonatype/nexus/buildsupport/nexus-buildsupport-messaging/2.14.3-02/nexus-buildsupport-messaging-2.14.3-02.pom
2025-06-17 15:57:41,926 [Worker-32: reload maven project] INFO  o.e.m.c.i.e.AbstractTransferListenerAdapter - Downloaded https://repository.sonatype.org/content/groups/sonatype-public-grid/org/sonatype/nexus/buildsupport/nexus-buildsupport-messaging/2.14.3-02/nexus-buildsupport-messaging-2.14.3-02.pom
2025-06-17 15:57:42,178 [Worker-32: reload maven project] INFO  o.e.m.c.i.e.AbstractTransferListenerAdapter - Downloading https://repository.sonatype.org/content/groups/sonatype-public-grid/org/sonatype/nexus/buildsupport/nexus-buildsupport-shiro/2.14.3-02/nexus-buildsupport-shiro-2.14.3-02.pom
2025-06-17 15:57:42,186 [Worker-32: reload maven project] INFO  o.e.m.c.i.e.AbstractTransferListenerAdapter - Downloaded https://repository.sonatype.org/content/groups/sonatype-public-grid/org/sonatype/nexus/buildsupport/nexus-buildsupport-shiro/2.14.3-02/nexus-buildsupport-shiro-2.14.3-02.pom
2025-06-17 15:57:42,426 [Worker-32: reload maven project] INFO  o.e.m.c.i.e.AbstractTransferListenerAdapter - Downloading https://repository.sonatype.org/content/groups/sonatype-public-grid/org/sonatype/nexus/buildsupport/nexus-buildsupport-bouncycastle/2.14.3-02/nexus-buildsupport-bouncycastle-2.14.3-02.pom
2025-06-17 15:57:42,431 [Worker-32: reload maven project] INFO  o.e.m.c.i.e.AbstractTransferListenerAdapter - Downloaded https://repository.sonatype.org/content/groups/sonatype-public-grid/org/sonatype/nexus/buildsupport/nexus-buildsupport-bouncycastle/2.14.3-02/nexus-buildsupport-bouncycastle-2.14.3-02.pom
2025-06-17 15:57:42,676 [Worker-32: reload maven project] INFO  o.e.m.c.i.e.AbstractTransferListenerAdapter - Downloading https://repository.sonatype.org/content/groups/sonatype-public-grid/org/sonatype/nexus/buildsupport/nexus-buildsupport-jetty/2.14.3-02/nexus-buildsupport-jetty-2.14.3-02.pom
2025-06-17 15:57:42,688 [Worker-32: reload maven project] INFO  o.e.m.c.i.e.AbstractTransferListenerAdapter - Downloaded https://repository.sonatype.org/content/groups/sonatype-public-grid/org/sonatype/nexus/buildsupport/nexus-buildsupport-jetty/2.14.3-02/nexus-buildsupport-jetty-2.14.3-02.pom
2025-06-17 15:57:42,956 [Worker-32: reload maven project] INFO  o.e.m.c.i.e.AbstractTransferListenerAdapter - Downloading https://repository.sonatype.org/content/groups/sonatype-public-grid/org/sonatype/nexus/buildsupport/nexus-buildsupport-goodies/2.14.3-02/nexus-buildsupport-goodies-2.14.3-02.pom
2025-06-17 15:57:42,963 [Worker-32: reload maven project] INFO  o.e.m.c.i.e.AbstractTransferListenerAdapter - Downloaded https://repository.sonatype.org/content/groups/sonatype-public-grid/org/sonatype/nexus/buildsupport/nexus-buildsupport-goodies/2.14.3-02/nexus-buildsupport-goodies-2.14.3-02.pom
2025-06-17 15:57:43,210 [Worker-32: reload maven project] INFO  o.e.m.c.i.e.AbstractTransferListenerAdapter - Downloading https://repository.sonatype.org/content/groups/sonatype-public-grid/org/sonatype/nexus/buildsupport/nexus-buildsupport-groovy/2.14.3-02/nexus-buildsupport-groovy-2.14.3-02.pom
2025-06-17 15:57:43,216 [Worker-32: reload maven project] INFO  o.e.m.c.i.e.AbstractTransferListenerAdapter - Downloaded https://repository.sonatype.org/content/groups/sonatype-public-grid/org/sonatype/nexus/buildsupport/nexus-buildsupport-groovy/2.14.3-02/nexus-buildsupport-groovy-2.14.3-02.pom
2025-06-17 15:57:43,462 [Worker-32: reload maven project] INFO  o.e.m.c.i.e.AbstractTransferListenerAdapter - Downloading https://repository.sonatype.org/content/groups/sonatype-public-grid/org/sonatype/nexus/buildsupport/nexus-buildsupport-guice/2.14.3-02/nexus-buildsupport-guice-2.14.3-02.pom
2025-06-17 15:57:43,469 [Worker-32: reload maven project] INFO  o.e.m.c.i.e.AbstractTransferListenerAdapter - Downloaded https://repository.sonatype.org/content/groups/sonatype-public-grid/org/sonatype/nexus/buildsupport/nexus-buildsupport-guice/2.14.3-02/nexus-buildsupport-guice-2.14.3-02.pom
2025-06-17 15:57:43,711 [Worker-32: reload maven project] INFO  o.e.m.c.i.e.AbstractTransferListenerAdapter - Downloading https://repository.sonatype.org/content/groups/sonatype-public-grid/org/sonatype/nexus/buildsupport/nexus-buildsupport-logging/2.14.3-02/nexus-buildsupport-logging-2.14.3-02.pom
2025-06-17 15:57:43,723 [Worker-32: reload maven project] INFO  o.e.m.c.i.e.AbstractTransferListenerAdapter - Downloaded https://repository.sonatype.org/content/groups/sonatype-public-grid/org/sonatype/nexus/buildsupport/nexus-buildsupport-logging/2.14.3-02/nexus-buildsupport-logging-2.14.3-02.pom
2025-06-17 15:57:43,970 [Worker-32: reload maven project] INFO  o.e.m.c.i.e.AbstractTransferListenerAdapter - Downloading https://repository.sonatype.org/content/groups/sonatype-public-grid/org/sonatype/nexus/buildsupport/nexus-buildsupport-osgi/2.14.3-02/nexus-buildsupport-osgi-2.14.3-02.pom
2025-06-17 15:57:43,976 [Worker-32: reload maven project] INFO  o.e.m.c.i.e.AbstractTransferListenerAdapter - Downloaded https://repository.sonatype.org/content/groups/sonatype-public-grid/org/sonatype/nexus/buildsupport/nexus-buildsupport-osgi/2.14.3-02/nexus-buildsupport-osgi-2.14.3-02.pom
2025-06-17 15:57:44,218 [Worker-32: reload maven project] INFO  o.e.m.c.i.e.AbstractTransferListenerAdapter - Downloading https://repository.sonatype.org/content/groups/sonatype-public-grid/org/sonatype/nexus/buildsupport/nexus-buildsupport-other/2.14.3-02/nexus-buildsupport-other-2.14.3-02.pom
2025-06-17 15:57:44,224 [Worker-32: reload maven project] INFO  o.e.m.c.i.e.AbstractTransferListenerAdapter - Downloaded https://repository.sonatype.org/content/groups/sonatype-public-grid/org/sonatype/nexus/buildsupport/nexus-buildsupport-other/2.14.3-02/nexus-buildsupport-other-2.14.3-02.pom
2025-06-17 15:57:44,464 [Worker-32: reload maven project] INFO  o.e.m.c.i.e.AbstractTransferListenerAdapter - Downloading https://repository.sonatype.org/content/groups/sonatype-public-grid/org/sonatype/nexus/buildsupport/nexus-buildsupport-plexus/2.14.3-02/nexus-buildsupport-plexus-2.14.3-02.pom
2025-06-17 15:57:44,468 [Worker-32: reload maven project] INFO  o.e.m.c.i.e.AbstractTransferListenerAdapter - Downloaded https://repository.sonatype.org/content/groups/sonatype-public-grid/org/sonatype/nexus/buildsupport/nexus-buildsupport-plexus/2.14.3-02/nexus-buildsupport-plexus-2.14.3-02.pom
2025-06-17 15:57:44,714 [Worker-32: reload maven project] INFO  o.e.m.c.i.e.AbstractTransferListenerAdapter - Downloading https://repository.sonatype.org/content/groups/sonatype-public-grid/org/sonatype/nexus/buildsupport/nexus-buildsupport-rest/2.14.3-02/nexus-buildsupport-rest-2.14.3-02.pom
2025-06-17 15:57:44,721 [Worker-32: reload maven project] INFO  o.e.m.c.i.e.AbstractTransferListenerAdapter - Downloaded https://repository.sonatype.org/content/groups/sonatype-public-grid/org/sonatype/nexus/buildsupport/nexus-buildsupport-rest/2.14.3-02/nexus-buildsupport-rest-2.14.3-02.pom
2025-06-17 15:57:44,963 [Worker-32: reload maven project] INFO  o.e.m.c.i.e.AbstractTransferListenerAdapter - Downloading https://repository.sonatype.org/content/groups/sonatype-public-grid/org/sonatype/nexus/buildsupport/nexus-buildsupport-testing/2.14.3-02/nexus-buildsupport-testing-2.14.3-02.pom
2025-06-17 15:57:44,974 [Worker-32: reload maven project] INFO  o.e.m.c.i.e.AbstractTransferListenerAdapter - Downloaded https://repository.sonatype.org/content/groups/sonatype-public-grid/org/sonatype/nexus/buildsupport/nexus-buildsupport-testing/2.14.3-02/nexus-buildsupport-testing-2.14.3-02.pom
2025-06-17 15:57:45,231 [Worker-32: reload maven project] INFO  o.e.m.c.i.e.AbstractTransferListenerAdapter - Downloading https://repository.sonatype.org/content/groups/sonatype-public-grid/org/sonatype/nexus/buildsupport/nexus-buildsupport-metrics/2.14.3-02/nexus-buildsupport-metrics-2.14.3-02.pom
2025-06-17 15:57:45,242 [Worker-32: reload maven project] INFO  o.e.m.c.i.e.AbstractTransferListenerAdapter - Downloaded https://repository.sonatype.org/content/groups/sonatype-public-grid/org/sonatype/nexus/buildsupport/nexus-buildsupport-metrics/2.14.3-02/nexus-buildsupport-metrics-2.14.3-02.pom
2025-06-17 15:57:45,291 [Worker-32: reload maven project] INFO  o.e.m.c.i.e.AbstractTransferListenerAdapter - Downloading https://repo.maven.apache.org/maven2/org/sonatype/nexus/plugins/nexus-restlet1x-model/2.14.3-02/nexus-restlet1x-model-2.14.3-02.pom
2025-06-17 15:57:45,295 [Worker-32: reload maven project] INFO  o.e.m.c.i.e.AbstractTransferListenerAdapter - Downloaded https://repo.maven.apache.org/maven2/org/sonatype/nexus/plugins/nexus-restlet1x-model/2.14.3-02/nexus-restlet1x-model-2.14.3-02.pom
2025-06-17 15:57:45,335 [Worker-32: reload maven project] INFO  o.e.m.c.i.e.AbstractTransferListenerAdapter - Downloading https://repo.maven.apache.org/maven2/org/sonatype/nexus/plugins/nexus-plugins-restlet1x/2.14.3-02/nexus-plugins-restlet1x-2.14.3-02.pom
2025-06-17 15:57:45,340 [Worker-32: reload maven project] INFO  o.e.m.c.i.e.AbstractTransferListenerAdapter - Downloaded https://repo.maven.apache.org/maven2/org/sonatype/nexus/plugins/nexus-plugins-restlet1x/2.14.3-02/nexus-plugins-restlet1x-2.14.3-02.pom
2025-06-17 15:57:45,376 [Worker-32: reload maven project] INFO  o.e.m.c.i.e.AbstractTransferListenerAdapter - Downloading https://repo.maven.apache.org/maven2/org/sonatype/nexus/plugins/nexus-plugins/2.14.3-02/nexus-plugins-2.14.3-02.pom
2025-06-17 15:57:45,384 [Worker-32: reload maven project] INFO  o.e.m.c.i.e.AbstractTransferListenerAdapter - Downloaded https://repo.maven.apache.org/maven2/org/sonatype/nexus/plugins/nexus-plugins/2.14.3-02/nexus-plugins-2.14.3-02.pom
2025-06-17 15:57:45,420 [Worker-32: reload maven project] INFO  o.e.m.c.i.e.AbstractTransferListenerAdapter - Downloading https://repo.maven.apache.org/maven2/org/apache/maven/maven-model/3.0.4/maven-model-3.0.4.pom
2025-06-17 15:57:45,426 [Worker-32: reload maven project] INFO  o.e.m.c.i.e.AbstractTransferListenerAdapter - Downloaded https://repo.maven.apache.org/maven2/org/apache/maven/maven-model/3.0.4/maven-model-3.0.4.pom
2025-06-17 15:57:45,463 [Worker-32: reload maven project] INFO  o.e.m.c.i.e.AbstractTransferListenerAdapter - Downloading https://repo.maven.apache.org/maven2/org/apache/maven/maven/3.0.4/maven-3.0.4.pom
2025-06-17 15:57:45,470 [Worker-32: reload maven project] INFO  o.e.m.c.i.e.AbstractTransferListenerAdapter - Downloaded https://repo.maven.apache.org/maven2/org/apache/maven/maven/3.0.4/maven-3.0.4.pom
2025-06-17 15:57:45,508 [Worker-32: reload maven project] INFO  o.e.m.c.i.e.AbstractTransferListenerAdapter - Downloading https://repo.maven.apache.org/maven2/org/apache/maven/maven-parent/21/maven-parent-21.pom
2025-06-17 15:57:45,516 [Worker-32: reload maven project] INFO  o.e.m.c.i.e.AbstractTransferListenerAdapter - Downloaded https://repo.maven.apache.org/maven2/org/apache/maven/maven-parent/21/maven-parent-21.pom
2025-06-17 15:57:45,555 [Worker-32: reload maven project] INFO  o.e.m.c.i.e.AbstractTransferListenerAdapter - Downloading https://repo.maven.apache.org/maven2/org/apache/apache/10/apache-10.pom
2025-06-17 15:57:45,561 [Worker-32: reload maven project] INFO  o.e.m.c.i.e.AbstractTransferListenerAdapter - Downloaded https://repo.maven.apache.org/maven2/org/apache/apache/10/apache-10.pom
2025-06-17 15:57:45,593 [Worker-32: reload maven project] INFO  o.e.m.c.i.e.AbstractTransferListenerAdapter - Downloading https://repo.maven.apache.org/maven2/org/slf4j/slf4j-api/1.7.7/slf4j-api-1.7.7.pom
2025-06-17 15:57:45,598 [Worker-32: reload maven project] INFO  o.e.m.c.i.e.AbstractTransferListenerAdapter - Downloaded https://repo.maven.apache.org/maven2/org/slf4j/slf4j-api/1.7.7/slf4j-api-1.7.7.pom
2025-06-17 15:57:45,631 [Worker-32: reload maven project] INFO  o.e.m.c.i.e.AbstractTransferListenerAdapter - Downloading https://repo.maven.apache.org/maven2/org/slf4j/slf4j-parent/1.7.7/slf4j-parent-1.7.7.pom
2025-06-17 15:57:45,636 [Worker-32: reload maven project] INFO  o.e.m.c.i.e.AbstractTransferListenerAdapter - Downloaded https://repo.maven.apache.org/maven2/org/slf4j/slf4j-parent/1.7.7/slf4j-parent-1.7.7.pom
2025-06-17 15:57:45,693 [Worker-32: reload maven project] INFO  o.e.m.c.i.e.AbstractTransferListenerAdapter - Downloading https://repo.maven.apache.org/maven2/com/intellij/annotations/9.0.4/annotations-9.0.4.pom
2025-06-17 15:57:45,700 [Worker-32: reload maven project] INFO  o.e.m.c.i.e.AbstractTransferListenerAdapter - Downloaded https://repo.maven.apache.org/maven2/com/intellij/annotations/9.0.4/annotations-9.0.4.pom
2025-06-17 15:57:45,807 [Worker-32: reload maven project] INFO  o.e.m.c.i.e.AbstractTransferListenerAdapter - Downloading https://repo.maven.apache.org/maven2/com/thoughtworks/xstream/xstream/1.4.7/xstream-1.4.7.pom
2025-06-17 15:57:45,812 [Worker-32: reload maven project] INFO  o.e.m.c.i.e.AbstractTransferListenerAdapter - Downloaded https://repo.maven.apache.org/maven2/com/thoughtworks/xstream/xstream/1.4.7/xstream-1.4.7.pom
2025-06-17 15:57:45,842 [Worker-32: reload maven project] INFO  o.e.m.c.i.e.AbstractTransferListenerAdapter - Downloading https://repo.maven.apache.org/maven2/com/thoughtworks/xstream/xstream-parent/1.4.7/xstream-parent-1.4.7.pom
2025-06-17 15:57:45,849 [Worker-32: reload maven project] INFO  o.e.m.c.i.e.AbstractTransferListenerAdapter - Downloaded https://repo.maven.apache.org/maven2/com/thoughtworks/xstream/xstream-parent/1.4.7/xstream-parent-1.4.7.pom
2025-06-17 15:57:45,886 [Worker-32: reload maven project] INFO  o.e.m.c.i.e.AbstractTransferListenerAdapter - Downloading https://repo.maven.apache.org/maven2/org/codehaus/codehaus-parent/3/codehaus-parent-3.pom
2025-06-17 15:57:45,890 [Worker-32: reload maven project] INFO  o.e.m.c.i.e.AbstractTransferListenerAdapter - Downloaded https://repo.maven.apache.org/maven2/org/codehaus/codehaus-parent/3/codehaus-parent-3.pom
2025-06-17 15:57:45,946 [Worker-32: reload maven project] INFO  o.e.m.c.i.e.AbstractTransferListenerAdapter - Downloading https://repo.maven.apache.org/maven2/xpp3/xpp3_min/1.1.4c/xpp3_min-1.1.4c.pom
2025-06-17 15:57:45,951 [Worker-32: reload maven project] INFO  o.e.m.c.i.e.AbstractTransferListenerAdapter - Downloaded https://repo.maven.apache.org/maven2/xpp3/xpp3_min/1.1.4c/xpp3_min-1.1.4c.pom
2025-06-17 15:57:45,986 [Worker-32: reload maven project] INFO  o.e.m.c.i.e.AbstractTransferListenerAdapter - Downloading https://repo.maven.apache.org/maven2/joda-time/joda-time/2.2/joda-time-2.2.pom
2025-06-17 15:57:45,996 [Worker-32: reload maven project] INFO  o.e.m.c.i.e.AbstractTransferListenerAdapter - Downloaded https://repo.maven.apache.org/maven2/joda-time/joda-time/2.2/joda-time-2.2.pom
2025-06-17 15:57:46,100 [Worker-32: reload maven project] INFO  o.e.m.c.i.e.AbstractTransferListenerAdapter - Downloading https://repo.maven.apache.org/maven2/commons-beanutils/commons-beanutils-core/1.8.3/commons-beanutils-core-1.8.3.pom
2025-06-17 15:57:46,104 [Worker-32: reload maven project] INFO  o.e.m.c.i.e.AbstractTransferListenerAdapter - Downloaded https://repo.maven.apache.org/maven2/commons-beanutils/commons-beanutils-core/1.8.3/commons-beanutils-core-1.8.3.pom
2025-06-17 15:57:46,158 [Worker-32: reload maven project] INFO  o.e.m.c.i.e.AbstractTransferListenerAdapter - Downloading https://repo.maven.apache.org/maven2/org/sonatype/sisu/siesta/siesta-client/1.7/siesta-client-1.7.pom
2025-06-17 15:57:46,162 [Worker-32: reload maven project] INFO  o.e.m.c.i.e.AbstractTransferListenerAdapter - Downloaded https://repo.maven.apache.org/maven2/org/sonatype/sisu/siesta/siesta-client/1.7/siesta-client-1.7.pom
2025-06-17 15:57:46,197 [Worker-32: reload maven project] INFO  o.e.m.c.i.e.AbstractTransferListenerAdapter - Downloading https://repo.maven.apache.org/maven2/org/sonatype/sisu/siesta/siesta/1.7/siesta-1.7.pom
2025-06-17 15:57:46,203 [Worker-32: reload maven project] INFO  o.e.m.c.i.e.AbstractTransferListenerAdapter - Downloaded https://repo.maven.apache.org/maven2/org/sonatype/sisu/siesta/siesta/1.7/siesta-1.7.pom
2025-06-17 15:57:46,235 [Worker-32: reload maven project] INFO  o.e.m.c.i.e.AbstractTransferListenerAdapter - Downloading https://repo.maven.apache.org/maven2/org/sonatype/buildsupport/public-parent/5/public-parent-5.pom
2025-06-17 15:57:46,239 [Worker-32: reload maven project] INFO  o.e.m.c.i.e.AbstractTransferListenerAdapter - Downloaded https://repo.maven.apache.org/maven2/org/sonatype/buildsupport/public-parent/5/public-parent-5.pom
2025-06-17 15:57:46,275 [Worker-32: reload maven project] INFO  o.e.m.c.i.e.AbstractTransferListenerAdapter - Downloading https://repo.maven.apache.org/maven2/org/sonatype/buildsupport/buildsupport/5/buildsupport-5.pom
2025-06-17 15:57:46,280 [Worker-32: reload maven project] INFO  o.e.m.c.i.e.AbstractTransferListenerAdapter - Downloaded https://repo.maven.apache.org/maven2/org/sonatype/buildsupport/buildsupport/5/buildsupport-5.pom
2025-06-17 15:57:46,316 [Worker-32: reload maven project] INFO  o.e.m.c.i.e.AbstractTransferListenerAdapter - Downloading https://repo.maven.apache.org/maven2/org/sonatype/sisu/siesta/siesta-common/1.7/siesta-common-1.7.pom
2025-06-17 15:57:46,321 [Worker-32: reload maven project] INFO  o.e.m.c.i.e.AbstractTransferListenerAdapter - Downloaded https://repo.maven.apache.org/maven2/org/sonatype/sisu/siesta/siesta-common/1.7/siesta-common-1.7.pom
2025-06-17 15:57:46,358 [Worker-32: reload maven project] INFO  o.e.m.c.i.e.AbstractTransferListenerAdapter - Downloading https://repo.maven.apache.org/maven2/javax/ws/rs/jsr311-api/1.1.1/jsr311-api-1.1.1.pom
2025-06-17 15:57:46,362 [Worker-32: reload maven project] INFO  o.e.m.c.i.e.AbstractTransferListenerAdapter - Downloaded https://repo.maven.apache.org/maven2/javax/ws/rs/jsr311-api/1.1.1/jsr311-api-1.1.1.pom
2025-06-17 15:57:46,398 [Worker-32: reload maven project] INFO  o.e.m.c.i.e.AbstractTransferListenerAdapter - Downloading https://repo.maven.apache.org/maven2/com/sun/jersey/jersey-core/1.17.1/jersey-core-1.17.1.pom
2025-06-17 15:57:46,402 [Worker-32: reload maven project] INFO  o.e.m.c.i.e.AbstractTransferListenerAdapter - Downloaded https://repo.maven.apache.org/maven2/com/sun/jersey/jersey-core/1.17.1/jersey-core-1.17.1.pom
2025-06-17 15:57:46,439 [Worker-32: reload maven project] INFO  o.e.m.c.i.e.AbstractTransferListenerAdapter - Downloading https://repo.maven.apache.org/maven2/com/sun/jersey/jersey-project/1.17.1/jersey-project-1.17.1.pom
2025-06-17 15:57:46,445 [Worker-32: reload maven project] INFO  o.e.m.c.i.e.AbstractTransferListenerAdapter - Downloaded https://repo.maven.apache.org/maven2/com/sun/jersey/jersey-project/1.17.1/jersey-project-1.17.1.pom
2025-06-17 15:57:46,477 [Worker-32: reload maven project] INFO  o.e.m.c.i.e.AbstractTransferListenerAdapter - Downloading https://repo.maven.apache.org/maven2/net/java/jvnet-parent/1/jvnet-parent-1.pom
2025-06-17 15:57:46,481 [Worker-32: reload maven project] INFO  o.e.m.c.i.e.AbstractTransferListenerAdapter - Downloaded https://repo.maven.apache.org/maven2/net/java/jvnet-parent/1/jvnet-parent-1.pom
2025-06-17 15:57:46,516 [Worker-32: reload maven project] INFO  o.e.m.c.i.e.AbstractTransferListenerAdapter - Downloading https://repo.maven.apache.org/maven2/javax/validation/validation-api/1.1.0.Final/validation-api-1.1.0.Final.pom
2025-06-17 15:57:46,519 [Worker-32: reload maven project] INFO  o.e.m.c.i.e.AbstractTransferListenerAdapter - Downloaded https://repo.maven.apache.org/maven2/javax/validation/validation-api/1.1.0.Final/validation-api-1.1.0.Final.pom
2025-06-17 15:57:46,556 [Worker-32: reload maven project] INFO  o.e.m.c.i.e.AbstractTransferListenerAdapter - Downloading https://repo.maven.apache.org/maven2/com/sun/jersey/jersey-client/1.17.1/jersey-client-1.17.1.pom
2025-06-17 15:57:46,563 [Worker-32: reload maven project] INFO  o.e.m.c.i.e.AbstractTransferListenerAdapter - Downloaded https://repo.maven.apache.org/maven2/com/sun/jersey/jersey-client/1.17.1/jersey-client-1.17.1.pom
2025-06-17 15:57:46,602 [Worker-32: reload maven project] INFO  o.e.m.c.i.e.AbstractTransferListenerAdapter - Downloading https://repo.maven.apache.org/maven2/com/sun/jersey/contribs/jersey-apache-client4/1.17.1/jersey-apache-client4-1.17.1.pom
2025-06-17 15:57:46,609 [Worker-32: reload maven project] INFO  o.e.m.c.i.e.AbstractTransferListenerAdapter - Downloaded https://repo.maven.apache.org/maven2/com/sun/jersey/contribs/jersey-apache-client4/1.17.1/jersey-apache-client4-1.17.1.pom
2025-06-17 15:57:46,642 [Worker-32: reload maven project] INFO  o.e.m.c.i.e.AbstractTransferListenerAdapter - Downloading https://repo.maven.apache.org/maven2/com/sun/jersey/contribs/jersey-contribs/1.17.1/jersey-contribs-1.17.1.pom
2025-06-17 15:57:46,647 [Worker-32: reload maven project] INFO  o.e.m.c.i.e.AbstractTransferListenerAdapter - Downloaded https://repo.maven.apache.org/maven2/com/sun/jersey/contribs/jersey-contribs/1.17.1/jersey-contribs-1.17.1.pom
2025-06-17 15:57:46,683 [Worker-32: reload maven project] INFO  o.e.m.c.i.e.AbstractTransferListenerAdapter - Downloading https://repo.maven.apache.org/maven2/org/apache/httpcomponents/httpclient/4.3.5/httpclient-4.3.5.pom
2025-06-17 15:57:46,689 [Worker-32: reload maven project] INFO  o.e.m.c.i.e.AbstractTransferListenerAdapter - Downloaded https://repo.maven.apache.org/maven2/org/apache/httpcomponents/httpclient/4.3.5/httpclient-4.3.5.pom
2025-06-17 15:57:46,723 [Worker-32: reload maven project] INFO  o.e.m.c.i.e.AbstractTransferListenerAdapter - Downloading https://repo.maven.apache.org/maven2/org/apache/httpcomponents/httpcomponents-client/4.3.5/httpcomponents-client-4.3.5.pom
2025-06-17 15:57:46,729 [Worker-32: reload maven project] INFO  o.e.m.c.i.e.AbstractTransferListenerAdapter - Downloaded https://repo.maven.apache.org/maven2/org/apache/httpcomponents/httpcomponents-client/4.3.5/httpcomponents-client-4.3.5.pom
2025-06-17 15:57:46,788 [Worker-32: reload maven project] INFO  o.e.m.c.i.e.AbstractTransferListenerAdapter - Downloading https://repo.maven.apache.org/maven2/org/apache/httpcomponents/httpcore/4.3.2/httpcore-4.3.2.pom
2025-06-17 15:57:46,794 [Worker-32: reload maven project] INFO  o.e.m.c.i.e.AbstractTransferListenerAdapter - Downloaded https://repo.maven.apache.org/maven2/org/apache/httpcomponents/httpcore/4.3.2/httpcore-4.3.2.pom
2025-06-17 15:57:46,835 [Worker-32: reload maven project] INFO  o.e.m.c.i.e.AbstractTransferListenerAdapter - Downloading https://repo.maven.apache.org/maven2/org/apache/httpcomponents/httpcomponents-core/4.3.2/httpcomponents-core-4.3.2.pom
2025-06-17 15:57:46,838 [Worker-32: reload maven project] INFO  o.e.m.c.i.e.AbstractTransferListenerAdapter - Downloaded https://repo.maven.apache.org/maven2/org/apache/httpcomponents/httpcomponents-core/4.3.2/httpcomponents-core-4.3.2.pom
2025-06-17 15:57:46,874 [Worker-32: reload maven project] INFO  o.e.m.c.i.e.AbstractTransferListenerAdapter - Downloading https://repo.maven.apache.org/maven2/commons-codec/commons-codec/1.6/commons-codec-1.6.pom
2025-06-17 15:57:46,880 [Worker-32: reload maven project] INFO  o.e.m.c.i.e.AbstractTransferListenerAdapter - Downloaded https://repo.maven.apache.org/maven2/commons-codec/commons-codec/1.6/commons-codec-1.6.pom
2025-06-17 15:57:46,917 [Worker-32: reload maven project] INFO  o.e.m.c.i.e.AbstractTransferListenerAdapter - Downloading https://repo.maven.apache.org/maven2/org/apache/commons/commons-parent/22/commons-parent-22.pom
2025-06-17 15:57:46,924 [Worker-32: reload maven project] INFO  o.e.m.c.i.e.AbstractTransferListenerAdapter - Downloaded https://repo.maven.apache.org/maven2/org/apache/commons/commons-parent/22/commons-parent-22.pom
2025-06-17 15:57:46,967 [Worker-32: reload maven project] INFO  o.e.m.c.i.e.AbstractTransferListenerAdapter - Downloading https://repo.maven.apache.org/maven2/org/slf4j/jcl-over-slf4j/1.7.7/jcl-over-slf4j-1.7.7.pom
2025-06-17 15:57:46,973 [Worker-32: reload maven project] INFO  o.e.m.c.i.e.AbstractTransferListenerAdapter - Downloaded https://repo.maven.apache.org/maven2/org/slf4j/jcl-over-slf4j/1.7.7/jcl-over-slf4j-1.7.7.pom
2025-06-17 15:57:47,015 [Worker-32: reload maven project] INFO  o.e.m.c.i.e.AbstractTransferListenerAdapter - Downloading https://repo.maven.apache.org/maven2/org/sonatype/sisu/siesta/siesta-jackson/1.7/siesta-jackson-1.7.pom
2025-06-17 15:57:47,022 [Worker-32: reload maven project] INFO  o.e.m.c.i.e.AbstractTransferListenerAdapter - Downloaded https://repo.maven.apache.org/maven2/org/sonatype/sisu/siesta/siesta-jackson/1.7/siesta-jackson-1.7.pom
2025-06-17 15:57:47,065 [Worker-32: reload maven project] INFO  o.e.m.c.i.e.AbstractTransferListenerAdapter - Downloading https://repo.maven.apache.org/maven2/com/fasterxml/jackson/core/jackson-annotations/2.3.1/jackson-annotations-2.3.1.pom
2025-06-17 15:57:47,072 [Worker-32: reload maven project] INFO  o.e.m.c.i.e.AbstractTransferListenerAdapter - Downloaded https://repo.maven.apache.org/maven2/com/fasterxml/jackson/core/jackson-annotations/2.3.1/jackson-annotations-2.3.1.pom
2025-06-17 15:57:47,115 [Worker-32: reload maven project] INFO  o.e.m.c.i.e.AbstractTransferListenerAdapter - Downloading https://repo.maven.apache.org/maven2/com/fasterxml/oss-parent/11/oss-parent-11.pom
2025-06-17 15:57:47,120 [Worker-32: reload maven project] INFO  o.e.m.c.i.e.AbstractTransferListenerAdapter - Downloaded https://repo.maven.apache.org/maven2/com/fasterxml/oss-parent/11/oss-parent-11.pom
2025-06-17 15:57:47,164 [Worker-32: reload maven project] INFO  o.e.m.c.i.e.AbstractTransferListenerAdapter - Downloading https://repo.maven.apache.org/maven2/com/fasterxml/jackson/core/jackson-core/2.3.1/jackson-core-2.3.1.pom
2025-06-17 15:57:47,170 [Worker-32: reload maven project] INFO  o.e.m.c.i.e.AbstractTransferListenerAdapter - Downloaded https://repo.maven.apache.org/maven2/com/fasterxml/jackson/core/jackson-core/2.3.1/jackson-core-2.3.1.pom
2025-06-17 15:57:47,210 [Worker-32: reload maven project] INFO  o.e.m.c.i.e.AbstractTransferListenerAdapter - Downloading https://repo.maven.apache.org/maven2/com/fasterxml/oss-parent/12/oss-parent-12.pom
2025-06-17 15:57:47,218 [Worker-32: reload maven project] INFO  o.e.m.c.i.e.AbstractTransferListenerAdapter - Downloaded https://repo.maven.apache.org/maven2/com/fasterxml/oss-parent/12/oss-parent-12.pom
2025-06-17 15:57:47,267 [Worker-32: reload maven project] INFO  o.e.m.c.i.e.AbstractTransferListenerAdapter - Downloading https://repo.maven.apache.org/maven2/com/fasterxml/jackson/core/jackson-databind/2.3.1/jackson-databind-2.3.1.pom
2025-06-17 15:57:47,273 [Worker-32: reload maven project] INFO  o.e.m.c.i.e.AbstractTransferListenerAdapter - Downloaded https://repo.maven.apache.org/maven2/com/fasterxml/jackson/core/jackson-databind/2.3.1/jackson-databind-2.3.1.pom
2025-06-17 15:57:47,298 [Worker-33: Building] INFO  o.e.m.c.i.l.LifecycleMappingFactory - Using org.eclipse.m2e.jdt.JarLifecycleMapping lifecycle mapping for MavenProject: sagar.solution:Order-Api:0.0.1-SNAPSHOT @ E:\Ecommerce project\Order-Api\pom.xml.
2025-06-17 15:57:47,346 [Worker-32: reload maven project] INFO  o.e.m.c.i.e.AbstractTransferListenerAdapter - Downloading https://repo.maven.apache.org/maven2/com/fasterxml/jackson/core/jackson-annotations/2.3.0/jackson-annotations-2.3.0.pom
2025-06-17 15:57:47,352 [Worker-32: reload maven project] INFO  o.e.m.c.i.e.AbstractTransferListenerAdapter - Downloaded https://repo.maven.apache.org/maven2/com/fasterxml/jackson/core/jackson-annotations/2.3.0/jackson-annotations-2.3.0.pom
2025-06-17 15:57:47,406 [Worker-32: reload maven project] INFO  o.e.m.c.i.e.AbstractTransferListenerAdapter - Downloading https://repo.maven.apache.org/maven2/com/fasterxml/jackson/jaxrs/jackson-jaxrs-json-provider/2.3.1/jackson-jaxrs-json-provider-2.3.1.pom
2025-06-17 15:57:47,414 [Worker-32: reload maven project] INFO  o.e.m.c.i.e.AbstractTransferListenerAdapter - Downloaded https://repo.maven.apache.org/maven2/com/fasterxml/jackson/jaxrs/jackson-jaxrs-json-provider/2.3.1/jackson-jaxrs-json-provider-2.3.1.pom
2025-06-17 15:57:47,465 [Worker-32: reload maven project] INFO  o.e.m.c.i.e.AbstractTransferListenerAdapter - Downloading https://repo.maven.apache.org/maven2/com/fasterxml/jackson/jaxrs/jackson-jaxrs-providers/2.3.1/jackson-jaxrs-providers-2.3.1.pom
2025-06-17 15:57:47,472 [Worker-32: reload maven project] INFO  o.e.m.c.i.e.AbstractTransferListenerAdapter - Downloaded https://repo.maven.apache.org/maven2/com/fasterxml/jackson/jaxrs/jackson-jaxrs-providers/2.3.1/jackson-jaxrs-providers-2.3.1.pom
2025-06-17 15:57:47,529 [Worker-32: reload maven project] INFO  o.e.m.c.i.e.AbstractTransferListenerAdapter - Downloading https://repo.maven.apache.org/maven2/com/fasterxml/jackson/jaxrs/jackson-jaxrs-base/2.3.1/jackson-jaxrs-base-2.3.1.pom
2025-06-17 15:57:47,536 [Worker-32: reload maven project] INFO  o.e.m.c.i.e.AbstractTransferListenerAdapter - Downloaded https://repo.maven.apache.org/maven2/com/fasterxml/jackson/jaxrs/jackson-jaxrs-base/2.3.1/jackson-jaxrs-base-2.3.1.pom
2025-06-17 15:57:47,577 [Worker-32: reload maven project] INFO  o.e.m.c.i.e.AbstractTransferListenerAdapter - Downloading https://repo.maven.apache.org/maven2/com/fasterxml/jackson/module/jackson-module-jaxb-annotations/2.3.1/jackson-module-jaxb-annotations-2.3.1.pom
2025-06-17 15:57:47,585 [Worker-32: reload maven project] INFO  o.e.m.c.i.e.AbstractTransferListenerAdapter - Downloaded https://repo.maven.apache.org/maven2/com/fasterxml/jackson/module/jackson-module-jaxb-annotations/2.3.1/jackson-module-jaxb-annotations-2.3.1.pom
2025-06-17 15:57:47,634 [Worker-32: reload maven project] INFO  o.e.m.c.i.e.AbstractTransferListenerAdapter - Downloading https://repo.maven.apache.org/maven2/org/sonatype/spice/zapper/spice-zapper/1.3/spice-zapper-1.3.pom
2025-06-17 15:57:47,639 [Worker-32: reload maven project] INFO  o.e.m.c.i.e.AbstractTransferListenerAdapter - Downloaded https://repo.maven.apache.org/maven2/org/sonatype/spice/zapper/spice-zapper/1.3/spice-zapper-1.3.pom
2025-06-17 15:57:47,693 [Worker-32: reload maven project] INFO  o.e.m.c.i.e.AbstractTransferListenerAdapter - Downloading https://repo.maven.apache.org/maven2/org/fusesource/hawtbuf/hawtbuf-proto/1.9/hawtbuf-proto-1.9.pom
2025-06-17 15:57:47,700 [Worker-32: reload maven project] INFO  o.e.m.c.i.e.AbstractTransferListenerAdapter - Downloaded https://repo.maven.apache.org/maven2/org/fusesource/hawtbuf/hawtbuf-proto/1.9/hawtbuf-proto-1.9.pom
2025-06-17 15:57:47,706 [Worker-33: Building] INFO  o.e.m.c.i.e.AbstractTransferListenerAdapter - Downloading https://repo.maven.apache.org/maven2/com/razorpay/razorpay-java/1.3.6/razorpay-java-1.3.6.pom
2025-06-17 15:57:47,716 [Worker-33: Building] INFO  o.e.m.c.i.e.AbstractTransferListenerAdapter - Downloaded https://repo.maven.apache.org/maven2/com/razorpay/razorpay-java/1.3.6/razorpay-java-1.3.6.pom
2025-06-17 15:57:47,762 [Worker-32: reload maven project] INFO  o.e.m.c.i.e.AbstractTransferListenerAdapter - Downloading https://repo.maven.apache.org/maven2/org/fusesource/hawtbuf/hawtbuf-project/1.9/hawtbuf-project-1.9.pom
2025-06-17 15:57:47,769 [Worker-32: reload maven project] INFO  o.e.m.c.i.e.AbstractTransferListenerAdapter - Downloaded https://repo.maven.apache.org/maven2/org/fusesource/hawtbuf/hawtbuf-project/1.9/hawtbuf-project-1.9.pom
2025-06-17 15:57:47,776 [Worker-33: Building] INFO  o.e.m.c.i.e.AbstractTransferListenerAdapter - Downloading https://repo.maven.apache.org/maven2/org/json/json/20180130/json-20180130.pom
2025-06-17 15:57:47,782 [Worker-33: Building] INFO  o.e.m.c.i.e.AbstractTransferListenerAdapter - Downloaded https://repo.maven.apache.org/maven2/org/json/json/20180130/json-20180130.pom
2025-06-17 15:57:47,810 [Worker-32: reload maven project] INFO  o.e.m.c.i.e.AbstractTransferListenerAdapter - Downloading https://repo.maven.apache.org/maven2/org/fusesource/fusesource-pom/1.9/fusesource-pom-1.9.pom
2025-06-17 15:57:47,816 [Worker-32: reload maven project] INFO  o.e.m.c.i.e.AbstractTransferListenerAdapter - Downloaded https://repo.maven.apache.org/maven2/org/fusesource/fusesource-pom/1.9/fusesource-pom-1.9.pom
2025-06-17 15:57:47,843 [Worker-33: Building] INFO  o.e.m.c.i.e.AbstractTransferListenerAdapter - Downloading https://repo.maven.apache.org/maven2/org/apache/commons/commons-text/1.4/commons-text-1.4.pom
2025-06-17 15:57:47,851 [Worker-33: Building] INFO  o.e.m.c.i.e.AbstractTransferListenerAdapter - Downloaded https://repo.maven.apache.org/maven2/org/apache/commons/commons-text/1.4/commons-text-1.4.pom
2025-06-17 15:57:47,855 [Worker-32: reload maven project] INFO  o.e.m.c.i.e.AbstractTransferListenerAdapter - Downloading https://repo.maven.apache.org/maven2/org/fusesource/hawtbuf/hawtbuf/1.9/hawtbuf-1.9.pom
2025-06-17 15:57:47,862 [Worker-32: reload maven project] INFO  o.e.m.c.i.e.AbstractTransferListenerAdapter - Downloaded https://repo.maven.apache.org/maven2/org/fusesource/hawtbuf/hawtbuf/1.9/hawtbuf-1.9.pom
2025-06-17 15:57:47,896 [Worker-33: Building] INFO  o.e.m.c.i.e.AbstractTransferListenerAdapter - Downloading https://repo.maven.apache.org/maven2/org/apache/commons/commons-parent/46/commons-parent-46.pom
2025-06-17 15:57:47,901 [Worker-32: reload maven project] INFO  o.e.m.c.i.e.AbstractTransferListenerAdapter - Downloading https://repo.maven.apache.org/maven2/org/codehaus/plexus/plexus-utils/3.0.8/plexus-utils-3.0.8.pom
2025-06-17 15:57:47,908 [Worker-32: reload maven project] INFO  o.e.m.c.i.e.AbstractTransferListenerAdapter - Downloaded https://repo.maven.apache.org/maven2/org/codehaus/plexus/plexus-utils/3.0.8/plexus-utils-3.0.8.pom
2025-06-17 15:57:47,927 [Worker-33: Building] INFO  o.e.m.c.i.e.AbstractTransferListenerAdapter - Downloaded https://repo.maven.apache.org/maven2/org/apache/commons/commons-parent/46/commons-parent-46.pom
2025-06-17 15:57:47,946 [Worker-32: reload maven project] INFO  o.e.m.c.i.e.AbstractTransferListenerAdapter - Downloading https://repo.maven.apache.org/maven2/org/codehaus/plexus/plexus/3.2/plexus-3.2.pom
2025-06-17 15:57:47,953 [Worker-32: reload maven project] INFO  o.e.m.c.i.e.AbstractTransferListenerAdapter - Downloaded https://repo.maven.apache.org/maven2/org/codehaus/plexus/plexus/3.2/plexus-3.2.pom
2025-06-17 15:57:48,048 [Worker-32: reload maven project] INFO  o.e.m.c.i.e.AbstractTransferListenerAdapter - Downloading https://repo.maven.apache.org/maven2/org/codehaus/plexus/plexus-interpolation/1.15/plexus-interpolation-1.15.pom
2025-06-17 15:57:48,054 [Worker-32: reload maven project] INFO  o.e.m.c.i.e.AbstractTransferListenerAdapter - Downloaded https://repo.maven.apache.org/maven2/org/codehaus/plexus/plexus-interpolation/1.15/plexus-interpolation-1.15.pom
2025-06-17 15:57:48,087 [Worker-32: reload maven project] INFO  o.e.m.c.i.e.AbstractTransferListenerAdapter - Downloading https://repo.maven.apache.org/maven2/org/codehaus/plexus/plexus/3.0.1/plexus-3.0.1.pom
2025-06-17 15:57:48,092 [Worker-32: reload maven project] INFO  o.e.m.c.i.e.AbstractTransferListenerAdapter - Downloaded https://repo.maven.apache.org/maven2/org/codehaus/plexus/plexus/3.0.1/plexus-3.0.1.pom
2025-06-17 15:57:48,131 [Worker-32: reload maven project] INFO  o.e.m.c.i.e.AbstractTransferListenerAdapter - Downloading https://repo.maven.apache.org/maven2/org/sonatype/aether/aether-api/1.13.1/aether-api-1.13.1.pom
2025-06-17 15:57:48,136 [Worker-32: reload maven project] INFO  o.e.m.c.i.e.AbstractTransferListenerAdapter - Downloaded https://repo.maven.apache.org/maven2/org/sonatype/aether/aether-api/1.13.1/aether-api-1.13.1.pom
2025-06-17 15:57:48,169 [Worker-32: reload maven project] INFO  o.e.m.c.i.e.AbstractTransferListenerAdapter - Downloading https://repo.maven.apache.org/maven2/org/sonatype/aether/aether/1.13.1/aether-1.13.1.pom
2025-06-17 15:57:48,174 [Worker-32: reload maven project] INFO  o.e.m.c.i.e.AbstractTransferListenerAdapter - Downloaded https://repo.maven.apache.org/maven2/org/sonatype/aether/aether/1.13.1/aether-1.13.1.pom
2025-06-17 15:57:48,192 [Worker-33: Building] INFO  o.e.m.c.i.e.AbstractTransferListenerAdapter - Downloading https://repo.maven.apache.org/maven2/com/razorpay/razorpay-java/1.3.6/razorpay-java-1.3.6.jar
2025-06-17 15:57:48,199 [Worker-33: Building] INFO  o.e.m.c.i.e.AbstractTransferListenerAdapter - Downloaded https://repo.maven.apache.org/maven2/com/razorpay/razorpay-java/1.3.6/razorpay-java-1.3.6.jar
2025-06-17 15:57:48,214 [Worker-32: reload maven project] INFO  o.e.m.c.i.e.AbstractTransferListenerAdapter - Downloading https://repo.maven.apache.org/maven2/ch/qos/logback/logback-core/1.1.2/logback-core-1.1.2.pom
2025-06-17 15:57:48,220 [Worker-32: reload maven project] INFO  o.e.m.c.i.e.AbstractTransferListenerAdapter - Downloaded https://repo.maven.apache.org/maven2/ch/qos/logback/logback-core/1.1.2/logback-core-1.1.2.pom
2025-06-17 15:57:48,221 [BasicRepositoryConnector-repo.maven.apache.org-1-1] INFO  o.e.m.c.i.e.AbstractTransferListenerAdapter - Downloading https://repo.maven.apache.org/maven2/org/apache/commons/commons-text/1.4/commons-text-1.4.jar
2025-06-17 15:57:48,257 [BasicRepositoryConnector-repo.maven.apache.org-1-1] INFO  o.e.m.c.i.e.AbstractTransferListenerAdapter - Downloaded https://repo.maven.apache.org/maven2/org/apache/commons/commons-text/1.4/commons-text-1.4.jar
2025-06-17 15:57:48,260 [Worker-32: reload maven project] INFO  o.e.m.c.i.e.AbstractTransferListenerAdapter - Downloading https://repo.maven.apache.org/maven2/ch/qos/logback/logback-parent/1.1.2/logback-parent-1.1.2.pom
2025-06-17 15:57:48,273 [BasicRepositoryConnector-repo.maven.apache.org-1-0] INFO  o.e.m.c.i.e.AbstractTransferListenerAdapter - Downloading https://repo.maven.apache.org/maven2/org/json/json/20180130/json-20180130.jar
2025-06-17 15:57:48,274 [Worker-32: reload maven project] INFO  o.e.m.c.i.e.AbstractTransferListenerAdapter - Downloaded https://repo.maven.apache.org/maven2/ch/qos/logback/logback-parent/1.1.2/logback-parent-1.1.2.pom
2025-06-17 15:57:48,301 [BasicRepositoryConnector-repo.maven.apache.org-1-0] INFO  o.e.m.c.i.e.AbstractTransferListenerAdapter - Downloaded https://repo.maven.apache.org/maven2/org/json/json/20180130/json-20180130.jar
2025-06-17 15:57:48,335 [Worker-32: reload maven project] INFO  o.e.m.c.i.e.AbstractTransferListenerAdapter - Downloading https://repo.maven.apache.org/maven2/ch/qos/logback/logback-classic/1.1.2/logback-classic-1.1.2.pom
2025-06-17 15:57:48,343 [Worker-32: reload maven project] INFO  o.e.m.c.i.e.AbstractTransferListenerAdapter - Downloaded https://repo.maven.apache.org/maven2/ch/qos/logback/logback-classic/1.1.2/logback-classic-1.1.2.pom
2025-06-17 15:57:48,459 [Worker-32: reload maven project] INFO  o.e.m.c.i.e.AbstractTransferListenerAdapter - Downloading https://repo.maven.apache.org/maven2/org/sonatype/plugins/nexus-staging-maven-plugin/1.6.8/nexus-staging-maven-plugin-1.6.8.jar
2025-06-17 15:57:48,500 [Worker-32: reload maven project] INFO  o.e.m.c.i.e.AbstractTransferListenerAdapter - Downloaded https://repo.maven.apache.org/maven2/org/sonatype/plugins/nexus-staging-maven-plugin/1.6.8/nexus-staging-maven-plugin-1.6.8.jar
2025-06-17 15:57:48,633 [BasicRepositoryConnector-repo.maven.apache.org-2-1] INFO  o.e.m.c.i.e.AbstractTransferListenerAdapter - Downloading https://repo.maven.apache.org/maven2/org/sonatype/plexus/plexus-sec-dispatcher/1.4/plexus-sec-dispatcher-1.4.jar
2025-06-17 15:57:48,640 [BasicRepositoryConnector-repo.maven.apache.org-2-1] INFO  o.e.m.c.i.e.AbstractTransferListenerAdapter - Downloaded https://repo.maven.apache.org/maven2/org/sonatype/plexus/plexus-sec-dispatcher/1.4/plexus-sec-dispatcher-1.4.jar
2025-06-17 15:57:48,699 [BasicRepositoryConnector-repo.maven.apache.org-2-0] INFO  o.e.m.c.i.e.AbstractTransferListenerAdapter - Downloading https://repo.maven.apache.org/maven2/org/sonatype/nexus/maven/nexus-common/1.6.8/nexus-common-1.6.8.jar
2025-06-17 15:57:48,704 [BasicRepositoryConnector-repo.maven.apache.org-2-2] INFO  o.e.m.c.i.e.AbstractTransferListenerAdapter - Downloading https://repo.maven.apache.org/maven2/org/sonatype/plexus/plexus-cipher/1.7/plexus-cipher-1.7.jar
2025-06-17 15:57:48,704 [BasicRepositoryConnector-repo.maven.apache.org-2-4] INFO  o.e.m.c.i.e.AbstractTransferListenerAdapter - Downloading https://repo.maven.apache.org/maven2/org/sonatype/nexus/plugins/nexus-restlet1x-model/2.14.3-02/nexus-restlet1x-model-2.14.3-02.jar
2025-06-17 15:57:48,704 [BasicRepositoryConnector-repo.maven.apache.org-2-3] INFO  o.e.m.c.i.e.AbstractTransferListenerAdapter - Downloading https://repo.maven.apache.org/maven2/org/sonatype/nexus/nexus-client-core/2.14.3-02/nexus-client-core-2.14.3-02.jar
2025-06-17 15:57:48,705 [BasicRepositoryConnector-repo.maven.apache.org-2-1] INFO  o.e.m.c.i.e.AbstractTransferListenerAdapter - Downloading https://repo.maven.apache.org/maven2/org/apache/maven/maven-model/3.0.4/maven-model-3.0.4.jar
2025-06-17 15:57:48,709 [BasicRepositoryConnector-repo.maven.apache.org-2-0] INFO  o.e.m.c.i.e.AbstractTransferListenerAdapter - Downloaded https://repo.maven.apache.org/maven2/org/sonatype/nexus/maven/nexus-common/1.6.8/nexus-common-1.6.8.jar
2025-06-17 15:57:48,711 [BasicRepositoryConnector-repo.maven.apache.org-2-2] INFO  o.e.m.c.i.e.AbstractTransferListenerAdapter - Downloaded https://repo.maven.apache.org/maven2/org/sonatype/plexus/plexus-cipher/1.7/plexus-cipher-1.7.jar
2025-06-17 15:57:48,732 [BasicRepositoryConnector-repo.maven.apache.org-2-1] INFO  o.e.m.c.i.e.AbstractTransferListenerAdapter - Downloaded https://repo.maven.apache.org/maven2/org/apache/maven/maven-model/3.0.4/maven-model-3.0.4.jar
2025-06-17 15:57:48,773 [BasicRepositoryConnector-repo.maven.apache.org-2-2] INFO  o.e.m.c.i.e.AbstractTransferListenerAdapter - Downloading https://repo.maven.apache.org/maven2/com/intellij/annotations/9.0.4/annotations-9.0.4.jar
2025-06-17 15:57:48,780 [BasicRepositoryConnector-repo.maven.apache.org-2-0] INFO  o.e.m.c.i.e.AbstractTransferListenerAdapter - Downloading https://repo.maven.apache.org/maven2/org/slf4j/slf4j-api/1.7.7/slf4j-api-1.7.7.jar
2025-06-17 15:57:48,782 [BasicRepositoryConnector-repo.maven.apache.org-2-2] INFO  o.e.m.c.i.e.AbstractTransferListenerAdapter - Downloaded https://repo.maven.apache.org/maven2/com/intellij/annotations/9.0.4/annotations-9.0.4.jar
2025-06-17 15:57:48,783 [BasicRepositoryConnector-repo.maven.apache.org-2-1] INFO  o.e.m.c.i.e.AbstractTransferListenerAdapter - Downloading https://repo.maven.apache.org/maven2/commons-io/commons-io/2.4/commons-io-2.4.jar
2025-06-17 15:57:48,797 [BasicRepositoryConnector-repo.maven.apache.org-2-1] INFO  o.e.m.c.i.e.AbstractTransferListenerAdapter - Downloaded https://repo.maven.apache.org/maven2/commons-io/commons-io/2.4/commons-io-2.4.jar
2025-06-17 15:57:48,801 [BasicRepositoryConnector-repo.maven.apache.org-2-0] INFO  o.e.m.c.i.e.AbstractTransferListenerAdapter - Downloaded https://repo.maven.apache.org/maven2/org/slf4j/slf4j-api/1.7.7/slf4j-api-1.7.7.jar
2025-06-17 15:57:48,843 [BasicRepositoryConnector-repo.maven.apache.org-2-2] INFO  o.e.m.c.i.e.AbstractTransferListenerAdapter - Downloading https://repo.maven.apache.org/maven2/com/thoughtworks/xstream/xstream/1.4.7/xstream-1.4.7.jar
2025-06-17 15:57:48,843 [BasicRepositoryConnector-repo.maven.apache.org-2-0] INFO  o.e.m.c.i.e.AbstractTransferListenerAdapter - Downloading https://repo.maven.apache.org/maven2/joda-time/joda-time/2.2/joda-time-2.2.jar
2025-06-17 15:57:48,844 [BasicRepositoryConnector-repo.maven.apache.org-2-1] INFO  o.e.m.c.i.e.AbstractTransferListenerAdapter - Downloading https://repo.maven.apache.org/maven2/xpp3/xpp3_min/1.1.4c/xpp3_min-1.1.4c.jar
2025-06-17 15:57:48,850 [BasicRepositoryConnector-repo.maven.apache.org-2-1] INFO  o.e.m.c.i.e.AbstractTransferListenerAdapter - Downloaded https://repo.maven.apache.org/maven2/xpp3/xpp3_min/1.1.4c/xpp3_min-1.1.4c.jar
2025-06-17 15:57:48,866 [BasicRepositoryConnector-repo.maven.apache.org-2-4] INFO  o.e.m.c.i.e.AbstractTransferListenerAdapter - Downloaded https://repo.maven.apache.org/maven2/org/sonatype/nexus/plugins/nexus-restlet1x-model/2.14.3-02/nexus-restlet1x-model-2.14.3-02.jar
2025-06-17 15:57:48,876 [BasicRepositoryConnector-repo.maven.apache.org-2-1] INFO  o.e.m.c.i.e.AbstractTransferListenerAdapter - Downloading https://repo.maven.apache.org/maven2/commons-beanutils/commons-beanutils-core/1.8.3/commons-beanutils-core-1.8.3.jar
2025-06-17 15:57:48,877 [BasicRepositoryConnector-repo.maven.apache.org-2-3] INFO  o.e.m.c.i.e.AbstractTransferListenerAdapter - Downloaded https://repo.maven.apache.org/maven2/org/sonatype/nexus/nexus-client-core/2.14.3-02/nexus-client-core-2.14.3-02.jar
2025-06-17 15:57:48,923 [BasicRepositoryConnector-repo.maven.apache.org-2-4] INFO  o.e.m.c.i.e.AbstractTransferListenerAdapter - Downloading https://repo.maven.apache.org/maven2/org/sonatype/sisu/siesta/siesta-client/1.7/siesta-client-1.7.jar
2025-06-17 15:57:48,928 [BasicRepositoryConnector-repo.maven.apache.org-2-3] INFO  o.e.m.c.i.e.AbstractTransferListenerAdapter - Downloading https://repo.maven.apache.org/maven2/org/sonatype/sisu/siesta/siesta-common/1.7/siesta-common-1.7.jar
2025-06-17 15:57:48,932 [BasicRepositoryConnector-repo.maven.apache.org-2-1] INFO  o.e.m.c.i.e.AbstractTransferListenerAdapter - Downloaded https://repo.maven.apache.org/maven2/commons-beanutils/commons-beanutils-core/1.8.3/commons-beanutils-core-1.8.3.jar
2025-06-17 15:57:48,939 [BasicRepositoryConnector-repo.maven.apache.org-2-4] INFO  o.e.m.c.i.e.AbstractTransferListenerAdapter - Downloaded https://repo.maven.apache.org/maven2/org/sonatype/sisu/siesta/siesta-client/1.7/siesta-client-1.7.jar
2025-06-17 15:57:48,950 [BasicRepositoryConnector-repo.maven.apache.org-2-3] INFO  o.e.m.c.i.e.AbstractTransferListenerAdapter - Downloaded https://repo.maven.apache.org/maven2/org/sonatype/sisu/siesta/siesta-common/1.7/siesta-common-1.7.jar
2025-06-17 15:57:48,959 [BasicRepositoryConnector-repo.maven.apache.org-2-1] INFO  o.e.m.c.i.e.AbstractTransferListenerAdapter - Downloading https://repo.maven.apache.org/maven2/javax/ws/rs/jsr311-api/1.1.1/jsr311-api-1.1.1.jar
2025-06-17 15:57:48,967 [BasicRepositoryConnector-repo.maven.apache.org-2-4] INFO  o.e.m.c.i.e.AbstractTransferListenerAdapter - Downloading https://repo.maven.apache.org/maven2/com/sun/jersey/jersey-core/1.17.1/jersey-core-1.17.1.jar
2025-06-17 15:57:48,979 [BasicRepositoryConnector-repo.maven.apache.org-2-2] INFO  o.e.m.c.i.e.AbstractTransferListenerAdapter - Downloaded https://repo.maven.apache.org/maven2/com/thoughtworks/xstream/xstream/1.4.7/xstream-1.4.7.jar
2025-06-17 15:57:48,983 [BasicRepositoryConnector-repo.maven.apache.org-2-0] INFO  o.e.m.c.i.e.AbstractTransferListenerAdapter - Downloaded https://repo.maven.apache.org/maven2/joda-time/joda-time/2.2/joda-time-2.2.jar
2025-06-17 15:57:48,989 [BasicRepositoryConnector-repo.maven.apache.org-2-3] INFO  o.e.m.c.i.e.AbstractTransferListenerAdapter - Downloading https://repo.maven.apache.org/maven2/javax/validation/validation-api/1.1.0.Final/validation-api-1.1.0.Final.jar
2025-06-17 15:57:48,994 [BasicRepositoryConnector-repo.maven.apache.org-2-1] INFO  o.e.m.c.i.e.AbstractTransferListenerAdapter - Downloaded https://repo.maven.apache.org/maven2/javax/ws/rs/jsr311-api/1.1.1/jsr311-api-1.1.1.jar
2025-06-17 15:57:48,994 [BasicRepositoryConnector-repo.maven.apache.org-2-3] INFO  o.e.m.c.i.e.AbstractTransferListenerAdapter - Downloaded https://repo.maven.apache.org/maven2/javax/validation/validation-api/1.1.0.Final/validation-api-1.1.0.Final.jar
2025-06-17 15:57:49,000 [BasicRepositoryConnector-repo.maven.apache.org-2-2] INFO  o.e.m.c.i.e.AbstractTransferListenerAdapter - Downloading https://repo.maven.apache.org/maven2/com/sun/jersey/jersey-client/1.17.1/jersey-client-1.17.1.jar
2025-06-17 15:57:49,004 [BasicRepositoryConnector-repo.maven.apache.org-2-0] INFO  o.e.m.c.i.e.AbstractTransferListenerAdapter - Downloading https://repo.maven.apache.org/maven2/com/sun/jersey/contribs/jersey-apache-client4/1.17.1/jersey-apache-client4-1.17.1.jar
2025-06-17 15:57:49,013 [BasicRepositoryConnector-repo.maven.apache.org-2-2] INFO  o.e.m.c.i.e.AbstractTransferListenerAdapter - Downloaded https://repo.maven.apache.org/maven2/com/sun/jersey/jersey-client/1.17.1/jersey-client-1.17.1.jar
2025-06-17 15:57:49,021 [BasicRepositoryConnector-repo.maven.apache.org-2-0] INFO  o.e.m.c.i.e.AbstractTransferListenerAdapter - Downloaded https://repo.maven.apache.org/maven2/com/sun/jersey/contribs/jersey-apache-client4/1.17.1/jersey-apache-client4-1.17.1.jar
2025-06-17 15:57:49,031 [BasicRepositoryConnector-repo.maven.apache.org-2-1] INFO  o.e.m.c.i.e.AbstractTransferListenerAdapter - Downloading https://repo.maven.apache.org/maven2/com/fasterxml/jackson/core/jackson-annotations/2.3.1/jackson-annotations-2.3.1.jar
2025-06-17 15:57:49,036 [BasicRepositoryConnector-repo.maven.apache.org-2-3] INFO  o.e.m.c.i.e.AbstractTransferListenerAdapter - Downloading https://repo.maven.apache.org/maven2/org/sonatype/sisu/siesta/siesta-jackson/1.7/siesta-jackson-1.7.jar
2025-06-17 15:57:49,037 [BasicRepositoryConnector-repo.maven.apache.org-2-1] INFO  o.e.m.c.i.e.AbstractTransferListenerAdapter - Downloaded https://repo.maven.apache.org/maven2/com/fasterxml/jackson/core/jackson-annotations/2.3.1/jackson-annotations-2.3.1.jar
2025-06-17 15:57:49,045 [BasicRepositoryConnector-repo.maven.apache.org-2-3] INFO  o.e.m.c.i.e.AbstractTransferListenerAdapter - Downloaded https://repo.maven.apache.org/maven2/org/sonatype/sisu/siesta/siesta-jackson/1.7/siesta-jackson-1.7.jar
2025-06-17 15:57:49,067 [BasicRepositoryConnector-repo.maven.apache.org-2-0] INFO  o.e.m.c.i.e.AbstractTransferListenerAdapter - Downloading https://repo.maven.apache.org/maven2/com/fasterxml/jackson/core/jackson-databind/2.3.1/jackson-databind-2.3.1.jar
2025-06-17 15:57:49,072 [BasicRepositoryConnector-repo.maven.apache.org-2-2] INFO  o.e.m.c.i.e.AbstractTransferListenerAdapter - Downloading https://repo.maven.apache.org/maven2/com/fasterxml/jackson/core/jackson-core/2.3.1/jackson-core-2.3.1.jar
2025-06-17 15:57:49,074 [BasicRepositoryConnector-repo.maven.apache.org-2-1] INFO  o.e.m.c.i.e.AbstractTransferListenerAdapter - Downloading https://repo.maven.apache.org/maven2/com/fasterxml/jackson/jaxrs/jackson-jaxrs-json-provider/2.3.1/jackson-jaxrs-json-provider-2.3.1.jar
2025-06-17 15:57:49,080 [BasicRepositoryConnector-repo.maven.apache.org-2-3] INFO  o.e.m.c.i.e.AbstractTransferListenerAdapter - Downloading https://repo.maven.apache.org/maven2/com/fasterxml/jackson/jaxrs/jackson-jaxrs-base/2.3.1/jackson-jaxrs-base-2.3.1.jar
2025-06-17 15:57:49,085 [BasicRepositoryConnector-repo.maven.apache.org-2-1] INFO  o.e.m.c.i.e.AbstractTransferListenerAdapter - Downloaded https://repo.maven.apache.org/maven2/com/fasterxml/jackson/jaxrs/jackson-jaxrs-json-provider/2.3.1/jackson-jaxrs-json-provider-2.3.1.jar
2025-06-17 15:57:49,104 [BasicRepositoryConnector-repo.maven.apache.org-2-2] INFO  o.e.m.c.i.e.AbstractTransferListenerAdapter - Downloaded https://repo.maven.apache.org/maven2/com/fasterxml/jackson/core/jackson-core/2.3.1/jackson-core-2.3.1.jar
2025-06-17 15:57:49,114 [BasicRepositoryConnector-repo.maven.apache.org-2-1] INFO  o.e.m.c.i.e.AbstractTransferListenerAdapter - Downloading https://repo.maven.apache.org/maven2/com/fasterxml/jackson/module/jackson-module-jaxb-annotations/2.3.1/jackson-module-jaxb-annotations-2.3.1.jar
2025-06-17 15:57:49,117 [BasicRepositoryConnector-repo.maven.apache.org-2-3] INFO  o.e.m.c.i.e.AbstractTransferListenerAdapter - Downloaded https://repo.maven.apache.org/maven2/com/fasterxml/jackson/jaxrs/jackson-jaxrs-base/2.3.1/jackson-jaxrs-base-2.3.1.jar
2025-06-17 15:57:49,120 [BasicRepositoryConnector-repo.maven.apache.org-2-1] INFO  o.e.m.c.i.e.AbstractTransferListenerAdapter - Downloaded https://repo.maven.apache.org/maven2/com/fasterxml/jackson/module/jackson-module-jaxb-annotations/2.3.1/jackson-module-jaxb-annotations-2.3.1.jar
2025-06-17 15:57:49,123 [BasicRepositoryConnector-repo.maven.apache.org-2-0] INFO  o.e.m.c.i.e.AbstractTransferListenerAdapter - Downloaded https://repo.maven.apache.org/maven2/com/fasterxml/jackson/core/jackson-databind/2.3.1/jackson-databind-2.3.1.jar
2025-06-17 15:57:49,128 [BasicRepositoryConnector-repo.maven.apache.org-2-2] INFO  o.e.m.c.i.e.AbstractTransferListenerAdapter - Downloading https://repo.maven.apache.org/maven2/org/apache/httpcomponents/httpclient/4.3.5/httpclient-4.3.5.jar
2025-06-17 15:57:49,138 [BasicRepositoryConnector-repo.maven.apache.org-2-3] INFO  o.e.m.c.i.e.AbstractTransferListenerAdapter - Downloading https://repo.maven.apache.org/maven2/commons-codec/commons-codec/1.6/commons-codec-1.6.jar
2025-06-17 15:57:49,156 [BasicRepositoryConnector-repo.maven.apache.org-2-1] INFO  o.e.m.c.i.e.AbstractTransferListenerAdapter - Downloading https://repo.maven.apache.org/maven2/org/apache/httpcomponents/httpcore/4.3.2/httpcore-4.3.2.jar
2025-06-17 15:57:49,157 [BasicRepositoryConnector-repo.maven.apache.org-2-0] INFO  o.e.m.c.i.e.AbstractTransferListenerAdapter - Downloading https://repo.maven.apache.org/maven2/org/slf4j/jcl-over-slf4j/1.7.7/jcl-over-slf4j-1.7.7.jar
2025-06-17 15:57:49,160 [BasicRepositoryConnector-repo.maven.apache.org-2-3] INFO  o.e.m.c.i.e.AbstractTransferListenerAdapter - Downloaded https://repo.maven.apache.org/maven2/commons-codec/commons-codec/1.6/commons-codec-1.6.jar
2025-06-17 15:57:49,171 [BasicRepositoryConnector-repo.maven.apache.org-2-4] INFO  o.e.m.c.i.e.AbstractTransferListenerAdapter - Downloaded https://repo.maven.apache.org/maven2/com/sun/jersey/jersey-core/1.17.1/jersey-core-1.17.1.jar
2025-06-17 15:57:49,174 [BasicRepositoryConnector-repo.maven.apache.org-2-1] INFO  o.e.m.c.i.e.AbstractTransferListenerAdapter - Downloaded https://repo.maven.apache.org/maven2/org/apache/httpcomponents/httpcore/4.3.2/httpcore-4.3.2.jar
2025-06-17 15:57:49,178 [BasicRepositoryConnector-repo.maven.apache.org-2-0] INFO  o.e.m.c.i.e.AbstractTransferListenerAdapter - Downloaded https://repo.maven.apache.org/maven2/org/slf4j/jcl-over-slf4j/1.7.7/jcl-over-slf4j-1.7.7.jar
2025-06-17 15:57:49,195 [Worker-33: Building] INFO  o.a.m.s.f.DefaultMavenResourcesFiltering - Copying 0 resource from src\main\resources to target\classes
2025-06-17 15:57:49,196 [Worker-33: Building] INFO  o.a.m.s.f.DefaultMavenResourcesFiltering - Copying 0 resource from src\main\resources to target\classes
2025-06-17 15:57:49,201 [Worker-33: Building] INFO  o.a.m.s.f.DefaultMavenResourcesFiltering - skip non existing resourceDirectory E:\Ecommerce project\Order-Api\src\test\resources
2025-06-17 15:57:49,207 [BasicRepositoryConnector-repo.maven.apache.org-2-3] INFO  o.e.m.c.i.e.AbstractTransferListenerAdapter - Downloading https://repo.maven.apache.org/maven2/org/sonatype/spice/zapper/spice-zapper/1.3/spice-zapper-1.3.jar
2025-06-17 15:57:49,220 [BasicRepositoryConnector-repo.maven.apache.org-2-1] INFO  o.e.m.c.i.e.AbstractTransferListenerAdapter - Downloading https://repo.maven.apache.org/maven2/org/fusesource/hawtbuf/hawtbuf/1.9/hawtbuf-1.9.jar
2025-06-17 15:57:49,221 [BasicRepositoryConnector-repo.maven.apache.org-2-4] INFO  o.e.m.c.i.e.AbstractTransferListenerAdapter - Downloading https://repo.maven.apache.org/maven2/org/fusesource/hawtbuf/hawtbuf-proto/1.9/hawtbuf-proto-1.9.jar
2025-06-17 15:57:49,222 [BasicRepositoryConnector-repo.maven.apache.org-2-0] INFO  o.e.m.c.i.e.AbstractTransferListenerAdapter - Downloading https://repo.maven.apache.org/maven2/org/codehaus/plexus/plexus-utils/3.0.8/plexus-utils-3.0.8.jar
2025-06-17 15:57:49,228 [BasicRepositoryConnector-repo.maven.apache.org-2-4] INFO  o.e.m.c.i.e.AbstractTransferListenerAdapter - Downloaded https://repo.maven.apache.org/maven2/org/fusesource/hawtbuf/hawtbuf-proto/1.9/hawtbuf-proto-1.9.jar
2025-06-17 15:57:49,233 [BasicRepositoryConnector-repo.maven.apache.org-2-0] INFO  o.e.m.c.i.e.AbstractTransferListenerAdapter - Downloaded https://repo.maven.apache.org/maven2/org/codehaus/plexus/plexus-utils/3.0.8/plexus-utils-3.0.8.jar
2025-06-17 15:57:49,234 [BasicRepositoryConnector-repo.maven.apache.org-2-1] INFO  o.e.m.c.i.e.AbstractTransferListenerAdapter - Downloaded https://repo.maven.apache.org/maven2/org/fusesource/hawtbuf/hawtbuf/1.9/hawtbuf-1.9.jar
2025-06-17 15:57:49,238 [BasicRepositoryConnector-repo.maven.apache.org-2-3] INFO  o.e.m.c.i.e.AbstractTransferListenerAdapter - Downloaded https://repo.maven.apache.org/maven2/org/sonatype/spice/zapper/spice-zapper/1.3/spice-zapper-1.3.jar
2025-06-17 15:57:49,251 [BasicRepositoryConnector-repo.maven.apache.org-2-4] INFO  o.e.m.c.i.e.AbstractTransferListenerAdapter - Downloading https://repo.maven.apache.org/maven2/org/codehaus/plexus/plexus-interpolation/1.15/plexus-interpolation-1.15.jar
2025-06-17 15:57:49,262 [BasicRepositoryConnector-repo.maven.apache.org-2-0] INFO  o.e.m.c.i.e.AbstractTransferListenerAdapter - Downloading https://repo.maven.apache.org/maven2/org/sonatype/aether/aether-api/1.13.1/aether-api-1.13.1.jar
2025-06-17 15:57:49,269 [BasicRepositoryConnector-repo.maven.apache.org-2-4] INFO  o.e.m.c.i.e.AbstractTransferListenerAdapter - Downloaded https://repo.maven.apache.org/maven2/org/codehaus/plexus/plexus-interpolation/1.15/plexus-interpolation-1.15.jar
2025-06-17 15:57:49,288 [BasicRepositoryConnector-repo.maven.apache.org-2-3] INFO  o.e.m.c.i.e.AbstractTransferListenerAdapter - Downloading https://repo.maven.apache.org/maven2/ch/qos/logback/logback-classic/1.1.2/logback-classic-1.1.2.jar
2025-06-17 15:57:49,289 [BasicRepositoryConnector-repo.maven.apache.org-2-1] INFO  o.e.m.c.i.e.AbstractTransferListenerAdapter - Downloading https://repo.maven.apache.org/maven2/ch/qos/logback/logback-core/1.1.2/logback-core-1.1.2.jar
2025-06-17 15:57:49,382 [Worker-27: Updating Maven Project] INFO  o.e.m.c.i.p.ProjectConfigurationManager - Update started
2025-06-17 15:57:49,443 [BasicRepositoryConnector-repo.maven.apache.org-2-3] INFO  o.e.m.c.i.e.AbstractTransferListenerAdapter - Downloaded https://repo.maven.apache.org/maven2/ch/qos/logback/logback-classic/1.1.2/logback-classic-1.1.2.jar
2025-06-17 15:57:49,448 [BasicRepositoryConnector-repo.maven.apache.org-2-0] INFO  o.e.m.c.i.e.AbstractTransferListenerAdapter - Downloaded https://repo.maven.apache.org/maven2/org/sonatype/aether/aether-api/1.13.1/aether-api-1.13.1.jar
2025-06-17 15:57:49,465 [BasicRepositoryConnector-repo.maven.apache.org-2-1] INFO  o.e.m.c.i.e.AbstractTransferListenerAdapter - Downloaded https://repo.maven.apache.org/maven2/ch/qos/logback/logback-core/1.1.2/logback-core-1.1.2.jar
2025-06-17 15:57:49,609 [BasicRepositoryConnector-repo.maven.apache.org-2-2] INFO  o.e.m.c.i.e.AbstractTransferListenerAdapter - Downloaded https://repo.maven.apache.org/maven2/org/apache/httpcomponents/httpclient/4.3.5/httpclient-4.3.5.jar
2025-06-17 15:57:51,219 [Worker-27: Updating Maven Project] INFO  o.e.m.c.i.l.LifecycleMappingFactory - Using org.eclipse.m2e.jdt.JarLifecycleMapping lifecycle mapping for MavenProject: sagar.solution:Order-Api:0.0.1-SNAPSHOT @ E:\Ecommerce project\Order-Api\pom.xml.
2025-06-17 15:57:51,457 [Worker-31: Download sources and javadoc] INFO  o.e.m.c.i.e.AbstractTransferListenerAdapter - Downloading https://repo.maven.apache.org/maven2/com/razorpay/razorpay-java/1.3.6/razorpay-java-1.3.6-sources.jar
2025-06-17 15:57:51,464 [Worker-31: Download sources and javadoc] INFO  o.e.m.c.i.e.AbstractTransferListenerAdapter - Downloaded https://repo.maven.apache.org/maven2/com/razorpay/razorpay-java/1.3.6/razorpay-java-1.3.6-sources.jar
2025-06-17 15:57:51,470 [Worker-31: Download sources and javadoc] INFO  o.e.m.j.internal.DownloadSourcesJob - Downloaded sources for com.razorpay:razorpay-java:1.3.6
2025-06-17 15:57:51,546 [Worker-31: Download sources and javadoc] INFO  o.e.m.c.i.e.AbstractTransferListenerAdapter - Downloading https://repo.maven.apache.org/maven2/org/json/json/20180130/json-20180130-sources.jar
2025-06-17 15:57:51,569 [Worker-31: Download sources and javadoc] INFO  o.e.m.c.i.e.AbstractTransferListenerAdapter - Downloaded https://repo.maven.apache.org/maven2/org/json/json/20180130/json-20180130-sources.jar
2025-06-17 15:57:51,575 [Worker-31: Download sources and javadoc] INFO  o.e.m.j.internal.DownloadSourcesJob - Downloaded sources for org.json:json:20180130
2025-06-17 15:57:51,640 [Worker-31: Download sources and javadoc] INFO  o.e.m.c.i.e.AbstractTransferListenerAdapter - Downloading https://repo.maven.apache.org/maven2/org/apache/commons/commons-text/1.4/commons-text-1.4-sources.jar
2025-06-17 15:57:51,695 [Worker-31: Download sources and javadoc] INFO  o.e.m.c.i.e.AbstractTransferListenerAdapter - Downloaded https://repo.maven.apache.org/maven2/org/apache/commons/commons-text/1.4/commons-text-1.4-sources.jar
2025-06-17 15:57:51,701 [Worker-31: Download sources and javadoc] INFO  o.e.m.j.internal.DownloadSourcesJob - Downloaded sources for org.apache.commons:commons-text:1.4
2025-06-17 15:57:51,928 [Worker-27: Updating Maven Project] INFO  o.e.m.j.i.AbstractJavaProjectConfigurator - Adding source folder /Order-Api/src/main/java
2025-06-17 15:57:51,928 [Worker-27: Updating Maven Project] INFO  o.e.m.j.i.AbstractJavaProjectConfigurator - Adding resource folder /Order-Api/src/main/resources
2025-06-17 15:57:51,928 [Worker-27: Updating Maven Project] INFO  o.e.m.j.i.AbstractJavaProjectConfigurator - Adding resource folder /Order-Api/src/main/resources
2025-06-17 15:57:51,929 [Worker-27: Updating Maven Project] INFO  o.e.m.j.i.AbstractJavaProjectConfigurator - Adding source folder /Order-Api/src/test/java
2025-06-17 15:57:51,929 [Worker-27: Updating Maven Project] INFO  o.e.m.j.i.AbstractJavaProjectConfigurator - Adding resource folder /Order-Api/src/test/resources
2025-06-17 15:57:51,941 [Worker-27: Updating Maven Project] WARN  o.e.m.c.i.embedder.EclipseLogger - The POM for org.projectlombok:lombok:jar: is missing, no dependency information available
2025-06-17 15:57:51,942 [Worker-27: Updating Maven Project] ERROR o.e.m.a.i.u.PluginDependencyResolver - Unable to collect dependencies for plugin
org.eclipse.aether.resolution.DependencyResolutionException: The following artifacts could not be resolved: org.projectlombok:lombok:jar: (absent): org.projectlombok:lombok:jar: was not found in https://repo.maven.apache.org/maven2 during a previous attempt. This failure was cached in the local repository and resolution is not reattempted until the update interval of central has elapsed or updates are forced
	at org.eclipse.aether.internal.impl.DefaultRepositorySystem.resolveDependencies(DefaultRepositorySystem.java:365)
	at org.eclipse.m2e.apt.internal.utils.PluginDependencyResolver.getResolvedPluginDependencies(PluginDependencyResolver.java:106)
	at org.eclipse.m2e.apt.internal.compiler.MavenCompilerJdtAptDelegate.getAnnotationProcessorConfiguration(MavenCompilerJdtAptDelegate.java:172)
	at org.eclipse.m2e.apt.internal.AbstractAptConfiguratorDelegate.configureClasspath(AbstractAptConfiguratorDelegate.java:241)
	at org.eclipse.m2e.apt.internal.AbstractAptProjectConfigurator.lambda$1(AbstractAptProjectConfigurator.java:156)
	at org.eclipse.m2e.core.internal.embedder.MavenExecutionContext.executeBare(MavenExecutionContext.java:394)
	at org.eclipse.m2e.core.internal.embedder.MavenExecutionContext.execute(MavenExecutionContext.java:275)
	at org.eclipse.m2e.core.internal.embedder.MavenExecutionContext.execute(MavenExecutionContext.java:214)
	at org.eclipse.m2e.apt.internal.AbstractAptProjectConfigurator.configureRawClasspath(AbstractAptProjectConfigurator.java:150)
	at org.eclipse.m2e.jdt.internal.AbstractJavaProjectConfigurator.invokeJavaProjectConfigurators(AbstractJavaProjectConfigurator.java:209)
	at org.eclipse.m2e.jdt.internal.AbstractJavaProjectConfigurator.configure(AbstractJavaProjectConfigurator.java:167)
	at org.eclipse.m2e.core.project.configurator.AbstractLifecycleMapping.configure(AbstractLifecycleMapping.java:123)
	at org.eclipse.m2e.core.internal.project.ProjectConfigurationManager.lambda$6(ProjectConfigurationManager.java:503)
	at org.eclipse.m2e.core.internal.embedder.MavenExecutionContext.executeBare(MavenExecutionContext.java:394)
	at org.eclipse.m2e.core.internal.embedder.MavenExecutionContext.execute(MavenExecutionContext.java:275)
	at org.eclipse.m2e.core.internal.project.ProjectConfigurationManager.updateProjectConfiguration(ProjectConfigurationManager.java:497)
	at org.eclipse.m2e.core.internal.project.ProjectConfigurationManager.lambda$4(ProjectConfigurationManager.java:425)
	at java.base/java.util.Collection.removeIf(Collection.java:576)
	at org.eclipse.m2e.core.internal.project.ProjectConfigurationManager.updateProjectConfiguration0(ProjectConfigurationManager.java:413)
	at org.eclipse.m2e.core.internal.project.ProjectConfigurationManager.lambda$3(ProjectConfigurationManager.java:339)
	at org.eclipse.m2e.core.internal.embedder.MavenExecutionContext.executeBare(MavenExecutionContext.java:394)
	at org.eclipse.m2e.core.internal.embedder.MavenExecutionContext.execute(MavenExecutionContext.java:275)
	at org.eclipse.m2e.core.internal.embedder.MavenExecutionContext.execute(MavenExecutionContext.java:214)
	at org.eclipse.m2e.core.internal.embedder.MavenImpl.execute(MavenImpl.java:1097)
	at org.eclipse.m2e.core.internal.project.ProjectConfigurationManager.updateProjectConfiguration(ProjectConfigurationManager.java:338)
	at org.eclipse.m2e.core.ui.internal.UpdateMavenProjectJob.runInWorkspace(UpdateMavenProjectJob.java:80)
	at org.eclipse.core.internal.resources.InternalWorkspaceJob.run(InternalWorkspaceJob.java:43)
	at org.eclipse.core.internal.jobs.Worker.run(Worker.java:63)
Caused by: org.eclipse.aether.resolution.ArtifactResolutionException: The following artifacts could not be resolved: org.projectlombok:lombok:jar: (absent): org.projectlombok:lombok:jar: was not found in https://repo.maven.apache.org/maven2 during a previous attempt. This failure was cached in the local repository and resolution is not reattempted until the update interval of central has elapsed or updates are forced
	at org.eclipse.aether.internal.impl.DefaultArtifactResolver.resolve(DefaultArtifactResolver.java:473)
	at org.eclipse.aether.internal.impl.DefaultArtifactResolver.resolveArtifacts(DefaultArtifactResolver.java:261)
	at org.eclipse.aether.internal.impl.DefaultRepositorySystem.resolveDependencies(DefaultRepositorySystem.java:353)
	... 27 common frames omitted
Caused by: org.eclipse.aether.transfer.ArtifactNotFoundException: org.projectlombok:lombok:jar: was not found in https://repo.maven.apache.org/maven2 during a previous attempt. This failure was cached in the local repository and resolution is not reattempted until the update interval of central has elapsed or updates are forced
	at org.eclipse.aether.internal.impl.DefaultUpdateCheckManager.newException(DefaultUpdateCheckManager.java:225)
	at org.eclipse.aether.internal.impl.DefaultUpdateCheckManager.checkArtifact(DefaultUpdateCheckManager.java:201)
	at org.eclipse.aether.internal.impl.DefaultArtifactResolver.gatherDownloads(DefaultArtifactResolver.java:586)
	at org.eclipse.aether.internal.impl.DefaultArtifactResolver.performDownloads(DefaultArtifactResolver.java:525)
	at org.eclipse.aether.internal.impl.DefaultArtifactResolver.resolve(DefaultArtifactResolver.java:449)
	... 29 common frames omitted
2025-06-17 15:57:51,944 [Worker-27: Updating Maven Project] INFO  o.e.m.c.i.p.ProjectConfigurationManager - Update completed for 1 poms: local refresh takes 0.00 sec, refresh facades takes 2.00 sec, update config takes 0.00 sec 
2025-06-17 15:57:52,838 [Worker-31: Building] INFO  o.a.m.s.f.DefaultMavenResourcesFiltering - Copying 1 resource from src\main\resources to target\classes
2025-06-17 15:57:52,856 [Worker-31: Building] INFO  o.a.m.s.f.DefaultMavenResourcesFiltering - Copying 0 resource from src\main\resources to target\classes
2025-06-17 15:57:52,860 [Worker-31: Building] INFO  o.a.m.s.f.DefaultMavenResourcesFiltering - skip non existing resourceDirectory E:\Ecommerce project\Order-Api\src\test\resources
2025-06-17 15:57:59,161 [Worker-34: Building] INFO  o.a.m.s.f.DefaultMavenResourcesFiltering - Copying 1 resource from src\main\resources to target\classes
2025-06-17 15:57:59,181 [Worker-34: Building] INFO  o.a.m.s.f.DefaultMavenResourcesFiltering - Copying 0 resource from src\main\resources to target\classes
2025-06-17 15:57:59,185 [Worker-34: Building] INFO  o.a.m.s.f.DefaultMavenResourcesFiltering - skip non existing resourceDirectory E:\Ecommerce project\Order-Api\src\test\resources
2025-06-17 16:04:35,985 [Worker-38: Building] INFO  o.a.m.s.f.DefaultMavenResourcesFiltering - Copying 1 resource from src\main\resources to target\classes
2025-06-17 16:04:35,990 [Worker-38: Building] INFO  o.a.m.s.f.DefaultMavenResourcesFiltering - Copying 0 resource from src\main\resources to target\classes
2025-06-17 16:04:35,992 [Worker-38: Building] INFO  o.a.m.s.f.DefaultMavenResourcesFiltering - skip non existing resourceDirectory E:\Ecommerce project\Order-Api\src\test\resources
2025-06-17 20:05:31,329 [Worker-5: Loading available Gradle versions] INFO  o.e.b.c.i.u.g.PublishedGradleVersions - Gradle version information cache is up-to-date. Trying to read.
2025-06-17 20:14:28,636 [Worker-9: Building] INFO  o.a.m.s.f.DefaultMavenResourcesFiltering - Copying 1 resource from src\main\resources to target\classes
2025-06-17 20:14:28,733 [Worker-9: Building] INFO  o.a.m.s.f.DefaultMavenResourcesFiltering - Copying 0 resource from src\main\resources to target\classes
2025-06-17 20:14:28,741 [Worker-9: Building] INFO  o.a.m.s.f.DefaultMavenResourcesFiltering - skip non existing resourceDirectory E:\Ecommerce project\Order-Api\src\test\resources
2025-06-17 20:26:00,314 [Worker-17: Building] INFO  o.a.m.s.f.DefaultMavenResourcesFiltering - Copying 1 resource from src\main\resources to target\classes
2025-06-17 20:26:00,321 [Worker-17: Building] INFO  o.a.m.s.f.DefaultMavenResourcesFiltering - Copying 0 resource from src\main\resources to target\classes
2025-06-17 20:26:00,325 [Worker-17: Building] INFO  o.a.m.s.f.DefaultMavenResourcesFiltering - skip non existing resourceDirectory E:\Ecommerce project\Order-Api\src\test\resources
2025-06-17 20:33:34,945 [Worker-21: Building] INFO  o.a.m.s.f.DefaultMavenResourcesFiltering - Copying 1 resource from src\main\resources to target\classes
2025-06-17 20:33:34,952 [Worker-21: Building] INFO  o.a.m.s.f.DefaultMavenResourcesFiltering - Copying 0 resource from src\main\resources to target\classes
2025-06-17 20:33:34,956 [Worker-21: Building] INFO  o.a.m.s.f.DefaultMavenResourcesFiltering - skip non existing resourceDirectory E:\Ecommerce project\Order-Api\src\test\resources
2025-06-17 20:33:45,077 [Worker-18: Building] INFO  o.a.m.s.f.DefaultMavenResourcesFiltering - Copying 1 resource from src\main\resources to target\classes
2025-06-17 20:33:45,082 [Worker-18: Building] INFO  o.a.m.s.f.DefaultMavenResourcesFiltering - Copying 0 resource from src\main\resources to target\classes
2025-06-17 20:33:45,085 [Worker-18: Building] INFO  o.a.m.s.f.DefaultMavenResourcesFiltering - skip non existing resourceDirectory E:\Ecommerce project\Order-Api\src\test\resources
2025-06-17 20:33:58,900 [Worker-18: Building] INFO  o.a.m.s.f.DefaultMavenResourcesFiltering - Copying 1 resource from src\main\resources to target\classes
2025-06-17 20:33:58,908 [Worker-18: Building] INFO  o.a.m.s.f.DefaultMavenResourcesFiltering - Copying 0 resource from src\main\resources to target\classes
2025-06-17 20:33:58,910 [Worker-18: Building] INFO  o.a.m.s.f.DefaultMavenResourcesFiltering - skip non existing resourceDirectory E:\Ecommerce project\Order-Api\src\test\resources
2025-06-17 20:36:20,117 [Worker-25: Building] INFO  o.a.m.s.f.DefaultMavenResourcesFiltering - Copying 1 resource from src\main\resources to target\classes
2025-06-17 20:36:20,117 [Worker-25: Building] INFO  o.a.m.s.f.DefaultMavenResourcesFiltering - Copying 0 resource from src\main\resources to target\classes
2025-06-17 20:36:20,133 [Worker-25: Building] INFO  o.a.m.s.f.DefaultMavenResourcesFiltering - skip non existing resourceDirectory E:\Ecommerce project\Order-Api\src\test\resources
2025-06-19 11:05:32,617 [Worker-3: Loading available Gradle versions] INFO  o.e.b.c.i.u.g.PublishedGradleVersions - Gradle version information cache is out-of-date. Trying to update.
2025-06-19 15:51:47,673 [Worker-4: Loading available Gradle versions] INFO  o.e.b.c.i.u.g.PublishedGradleVersions - Gradle version information cache is up-to-date. Trying to read.
2025-06-19 15:52:22,426 [Worker-8: Launching Product-Api-app - ProductApiAppApplication] INFO  o.a.m.s.f.DefaultMavenResourcesFiltering - Copying 1 resource from src\main\resources to target\classes
2025-06-19 15:52:22,448 [Worker-8: Launching Product-Api-app - ProductApiAppApplication] INFO  o.a.m.s.f.DefaultMavenResourcesFiltering - Copying 0 resource from src\main\resources to target\classes
2025-06-19 15:52:22,452 [Worker-8: Launching Product-Api-app - ProductApiAppApplication] INFO  o.a.m.s.f.DefaultMavenResourcesFiltering - skip non existing resourceDirectory E:\Ecommerce project\Product-Api-app\src\test\resources
2025-06-19 15:52:26,859 [Worker-13: Building] INFO  o.a.m.s.f.DefaultMavenResourcesFiltering - Copying 1 resource from src\main\resources to target\classes
2025-06-19 15:52:26,892 [Worker-13: Building] INFO  o.a.m.s.f.DefaultMavenResourcesFiltering - Copying 0 resource from src\main\resources to target\classes
2025-06-19 15:52:26,898 [Worker-13: Building] INFO  o.a.m.s.f.DefaultMavenResourcesFiltering - skip non existing resourceDirectory E:\Ecommerce project\Order-Api\src\test\resources
2025-06-19 16:03:50,164 [Worker-17: Launching Product-Api-app - ProductApiAppApplication] INFO  o.a.m.s.f.DefaultMavenResourcesFiltering - Copying 1 resource from src\main\resources to target\classes
2025-06-19 16:03:50,322 [Worker-17: Launching Product-Api-app - ProductApiAppApplication] INFO  o.a.m.s.f.DefaultMavenResourcesFiltering - Copying 0 resource from src\main\resources to target\classes
2025-06-19 16:03:50,326 [Worker-17: Launching Product-Api-app - ProductApiAppApplication] INFO  o.a.m.s.f.DefaultMavenResourcesFiltering - skip non existing resourceDirectory E:\Ecommerce project\Product-Api-app\src\test\resources
2025-06-19 16:04:32,335 [Worker-18: Building] INFO  o.a.m.s.f.DefaultMavenResourcesFiltering - Copying 1 resource from src\main\resources to target\classes
2025-06-19 16:04:32,343 [Worker-18: Building] INFO  o.a.m.s.f.DefaultMavenResourcesFiltering - Copying 0 resource from src\main\resources to target\classes
2025-06-19 16:04:32,345 [Worker-18: Building] INFO  o.a.m.s.f.DefaultMavenResourcesFiltering - skip non existing resourceDirectory E:\Ecommerce project\Product-Api-app\src\test\resources
2025-06-23 20:32:19,243 [Worker-1: Loading available Gradle versions] INFO  o.e.b.c.i.u.g.PublishedGradleVersions - Gradle version information cache is up-to-date. Trying to read.
2025-06-23 20:59:56,104 [Worker-14: Building] INFO  o.a.m.s.f.DefaultMavenResourcesFiltering - Copying 1 resource from src\main\resources to target\classes
2025-06-23 20:59:56,138 [Worker-14: Building] INFO  o.a.m.s.f.DefaultMavenResourcesFiltering - Copying 0 resource from src\main\resources to target\classes
2025-06-23 20:59:56,142 [Worker-14: Building] INFO  o.a.m.s.f.DefaultMavenResourcesFiltering - skip non existing resourceDirectory E:\Ecommerce project\Order-Api\src\test\resources
2025-06-23 21:00:27,792 [Worker-16: Building] INFO  o.a.m.s.f.DefaultMavenResourcesFiltering - Copying 1 resource from src\main\resources to target\classes
2025-06-23 21:00:27,798 [Worker-16: Building] INFO  o.a.m.s.f.DefaultMavenResourcesFiltering - Copying 0 resource from src\main\resources to target\classes
2025-06-23 21:00:27,801 [Worker-16: Building] INFO  o.a.m.s.f.DefaultMavenResourcesFiltering - skip non existing resourceDirectory E:\Ecommerce project\Order-Api\src\test\resources
2025-06-23 21:01:30,315 [Worker-16: Building] INFO  o.a.m.s.f.DefaultMavenResourcesFiltering - Copying 1 resource from src\main\resources to target\classes
2025-06-23 21:01:30,332 [Worker-16: Building] INFO  o.a.m.s.f.DefaultMavenResourcesFiltering - Copying 0 resource from src\main\resources to target\classes
2025-06-23 21:01:30,361 [Worker-16: Building] INFO  o.a.m.s.f.DefaultMavenResourcesFiltering - skip non existing resourceDirectory E:\Ecommerce project\Order-Api\src\test\resources
2025-06-24 15:37:40,509 [Worker-7: Loading available Gradle versions] INFO  o.e.b.c.i.u.g.PublishedGradleVersions - Gradle version information cache is up-to-date. Trying to read.
2025-06-24 16:00:20,475 [Worker-2: Building] INFO  o.a.m.s.f.DefaultMavenResourcesFiltering - Copying 1 resource from src\main\resources to target\classes
2025-06-24 16:00:20,516 [Worker-2: Building] INFO  o.a.m.s.f.DefaultMavenResourcesFiltering - Copying 0 resource from src\main\resources to target\classes
2025-06-24 16:00:20,521 [Worker-2: Building] INFO  o.a.m.s.f.DefaultMavenResourcesFiltering - skip non existing resourceDirectory E:\Ecommerce project\Order-Api\src\test\resources
2025-06-24 16:17:47,825 [Worker-20: Building] INFO  o.a.m.s.f.DefaultMavenResourcesFiltering - Copying 1 resource from src\main\resources to target\classes
2025-06-24 16:17:47,832 [Worker-20: Building] INFO  o.a.m.s.f.DefaultMavenResourcesFiltering - Copying 0 resource from src\main\resources to target\classes
2025-06-24 16:17:47,836 [Worker-20: Building] INFO  o.a.m.s.f.DefaultMavenResourcesFiltering - skip non existing resourceDirectory E:\Ecommerce project\Order-Api\src\test\resources
2025-06-24 16:17:56,630 [Worker-20: Building] INFO  o.a.m.s.f.DefaultMavenResourcesFiltering - Copying 1 resource from src\main\resources to target\classes
2025-06-24 16:17:56,650 [Worker-20: Building] INFO  o.a.m.s.f.DefaultMavenResourcesFiltering - Copying 0 resource from src\main\resources to target\classes
2025-06-24 16:17:56,655 [Worker-20: Building] INFO  o.a.m.s.f.DefaultMavenResourcesFiltering - skip non existing resourceDirectory E:\Ecommerce project\Order-Api\src\test\resources
2025-06-24 16:26:57,708 [Worker-23: Building] INFO  o.a.m.s.f.DefaultMavenResourcesFiltering - Copying 1 resource from src\main\resources to target\classes
2025-06-24 16:26:57,714 [Worker-23: Building] INFO  o.a.m.s.f.DefaultMavenResourcesFiltering - Copying 0 resource from src\main\resources to target\classes
2025-06-24 16:26:57,716 [Worker-23: Building] INFO  o.a.m.s.f.DefaultMavenResourcesFiltering - skip non existing resourceDirectory E:\Ecommerce project\Order-Api\src\test\resources
2025-06-24 16:31:38,054 [Worker-18: Building] INFO  o.a.m.s.f.DefaultMavenResourcesFiltering - Copying 1 resource from src\main\resources to target\classes
2025-06-24 16:31:38,059 [Worker-18: Building] INFO  o.a.m.s.f.DefaultMavenResourcesFiltering - Copying 0 resource from src\main\resources to target\classes
2025-06-24 16:31:38,061 [Worker-18: Building] INFO  o.a.m.s.f.DefaultMavenResourcesFiltering - skip non existing resourceDirectory E:\Ecommerce project\Order-Api\src\test\resources
2025-06-24 18:06:53,155 [Worker-24: Building] INFO  o.a.m.s.f.DefaultMavenResourcesFiltering - Copying 1 resource from src\main\resources to target\classes
2025-06-24 18:06:53,241 [Worker-24: Building] INFO  o.a.m.s.f.DefaultMavenResourcesFiltering - Copying 0 resource from src\main\resources to target\classes
2025-06-24 18:06:53,245 [Worker-24: Building] INFO  o.a.m.s.f.DefaultMavenResourcesFiltering - skip non existing resourceDirectory E:\Ecommerce project\Order-Api\src\test\resources
2025-06-24 18:07:01,498 [Worker-31: Building] INFO  o.a.m.s.f.DefaultMavenResourcesFiltering - Copying 1 resource from src\main\resources to target\classes
2025-06-24 18:07:01,515 [Worker-31: Building] INFO  o.a.m.s.f.DefaultMavenResourcesFiltering - Copying 0 resource from src\main\resources to target\classes
2025-06-24 18:07:01,519 [Worker-31: Building] INFO  o.a.m.s.f.DefaultMavenResourcesFiltering - skip non existing resourceDirectory E:\Ecommerce project\Order-Api\src\test\resources
2025-06-24 18:07:50,920 [Worker-29: Building] INFO  o.a.m.s.f.DefaultMavenResourcesFiltering - Copying 1 resource from src\main\resources to target\classes
2025-06-24 18:07:50,927 [Worker-29: Building] INFO  o.a.m.s.f.DefaultMavenResourcesFiltering - Copying 0 resource from src\main\resources to target\classes
2025-06-24 18:07:50,932 [Worker-29: Building] INFO  o.a.m.s.f.DefaultMavenResourcesFiltering - skip non existing resourceDirectory E:\Ecommerce project\Order-Api\src\test\resources
2025-06-24 18:09:21,523 [Worker-31: Building] INFO  o.a.m.s.f.DefaultMavenResourcesFiltering - Copying 1 resource from src\main\resources to target\classes
2025-06-24 18:09:21,529 [Worker-31: Building] INFO  o.a.m.s.f.DefaultMavenResourcesFiltering - Copying 0 resource from src\main\resources to target\classes
2025-06-24 18:09:21,534 [Worker-31: Building] INFO  o.a.m.s.f.DefaultMavenResourcesFiltering - skip non existing resourceDirectory E:\Ecommerce project\Order-Api\src\test\resources
2025-06-24 18:15:37,549 [Worker-32: Building] INFO  o.a.m.s.f.DefaultMavenResourcesFiltering - Copying 1 resource from src\main\resources to target\classes
2025-06-24 18:15:37,555 [Worker-32: Building] INFO  o.a.m.s.f.DefaultMavenResourcesFiltering - Copying 0 resource from src\main\resources to target\classes
2025-06-24 18:15:37,558 [Worker-32: Building] INFO  o.a.m.s.f.DefaultMavenResourcesFiltering - skip non existing resourceDirectory E:\Ecommerce project\Order-Api\src\test\resources
2025-06-24 18:17:53,628 [Worker-24: Building] INFO  o.a.m.s.f.DefaultMavenResourcesFiltering - Copying 1 resource from src\main\resources to target\classes
2025-06-24 18:17:53,634 [Worker-24: Building] INFO  o.a.m.s.f.DefaultMavenResourcesFiltering - Copying 0 resource from src\main\resources to target\classes
2025-06-24 18:17:53,636 [Worker-24: Building] INFO  o.a.m.s.f.DefaultMavenResourcesFiltering - skip non existing resourceDirectory E:\Ecommerce project\Order-Api\src\test\resources
2025-06-24 18:20:10,731 [Worker-32: Building] INFO  o.a.m.s.f.DefaultMavenResourcesFiltering - Copying 1 resource from src\main\resources to target\classes
2025-06-24 18:20:10,738 [Worker-32: Building] INFO  o.a.m.s.f.DefaultMavenResourcesFiltering - Copying 0 resource from src\main\resources to target\classes
2025-06-24 18:20:10,740 [Worker-32: Building] INFO  o.a.m.s.f.DefaultMavenResourcesFiltering - skip non existing resourceDirectory E:\Ecommerce project\Order-Api\src\test\resources
2025-06-24 18:22:36,280 [Worker-35: Building] INFO  o.a.m.s.f.DefaultMavenResourcesFiltering - Copying 1 resource from src\main\resources to target\classes
2025-06-24 18:22:36,286 [Worker-35: Building] INFO  o.a.m.s.f.DefaultMavenResourcesFiltering - Copying 0 resource from src\main\resources to target\classes
2025-06-24 18:22:36,291 [Worker-35: Building] INFO  o.a.m.s.f.DefaultMavenResourcesFiltering - skip non existing resourceDirectory E:\Ecommerce project\Order-Api\src\test\resources
2025-06-24 18:24:52,912 [Worker-37: Building] INFO  o.a.m.s.f.DefaultMavenResourcesFiltering - Copying 1 resource from src\main\resources to target\classes
2025-06-24 18:24:52,916 [Worker-37: Building] INFO  o.a.m.s.f.DefaultMavenResourcesFiltering - Copying 0 resource from src\main\resources to target\classes
2025-06-24 18:24:52,918 [Worker-37: Building] INFO  o.a.m.s.f.DefaultMavenResourcesFiltering - skip non existing resourceDirectory E:\Ecommerce project\Order-Api\src\test\resources
2025-06-24 18:26:24,082 [Worker-31: Building] INFO  o.a.m.s.f.DefaultMavenResourcesFiltering - Copying 1 resource from src\main\resources to target\classes
2025-06-24 18:26:24,086 [Worker-31: Building] INFO  o.a.m.s.f.DefaultMavenResourcesFiltering - Copying 0 resource from src\main\resources to target\classes
2025-06-24 18:26:24,089 [Worker-31: Building] INFO  o.a.m.s.f.DefaultMavenResourcesFiltering - skip non existing resourceDirectory E:\Ecommerce project\Order-Api\src\test\resources
2025-06-24 19:20:30,491 [Worker-39: Building] INFO  o.a.m.s.f.DefaultMavenResourcesFiltering - Copying 1 resource from src\main\resources to target\classes
2025-06-24 19:20:30,595 [Worker-39: Building] INFO  o.a.m.s.f.DefaultMavenResourcesFiltering - Copying 0 resource from src\main\resources to target\classes
2025-06-24 19:20:30,603 [Worker-39: Building] INFO  o.a.m.s.f.DefaultMavenResourcesFiltering - skip non existing resourceDirectory E:\Ecommerce project\Customer-Api\src\test\resources
2025-06-24 19:20:51,191 [Worker-39: Building] INFO  o.a.m.s.f.DefaultMavenResourcesFiltering - Copying 1 resource from src\main\resources to target\classes
2025-06-24 19:20:51,307 [Worker-39: Building] INFO  o.a.m.s.f.DefaultMavenResourcesFiltering - Copying 0 resource from src\main\resources to target\classes
2025-06-24 19:20:51,310 [Worker-39: Building] INFO  o.a.m.s.f.DefaultMavenResourcesFiltering - skip non existing resourceDirectory E:\Ecommerce project\Product-Api-app\src\test\resources
2025-06-24 19:20:53,114 [Worker-42: Building] INFO  o.a.m.s.f.DefaultMavenResourcesFiltering - Copying 1 resource from src\main\resources to target\classes
2025-06-24 19:20:53,236 [Worker-42: Building] INFO  o.a.m.s.f.DefaultMavenResourcesFiltering - Copying 0 resource from src\main\resources to target\classes
2025-06-24 19:20:53,242 [Worker-42: Building] INFO  o.a.m.s.f.DefaultMavenResourcesFiltering - skip non existing resourceDirectory E:\Ecommerce project\Order-Api\src\test\resources
2025-06-24 19:34:03,334 [Worker-52: Building] INFO  o.a.m.s.f.DefaultMavenResourcesFiltering - Copying 1 resource from src\main\resources to target\classes
2025-06-24 19:34:03,470 [Worker-52: Building] INFO  o.a.m.s.f.DefaultMavenResourcesFiltering - Copying 0 resource from src\main\resources to target\classes
2025-06-24 19:34:03,476 [Worker-52: Building] INFO  o.a.m.s.f.DefaultMavenResourcesFiltering - skip non existing resourceDirectory E:\Ecommerce project\Order-Api\src\test\resources
2025-06-24 19:36:49,263 [Worker-55: Building] INFO  o.a.m.s.f.DefaultMavenResourcesFiltering - Copying 1 resource from src\main\resources to target\classes
2025-06-24 19:36:49,311 [Worker-55: Building] INFO  o.a.m.s.f.DefaultMavenResourcesFiltering - Copying 0 resource from src\main\resources to target\classes
2025-06-24 19:36:49,314 [Worker-55: Building] INFO  o.a.m.s.f.DefaultMavenResourcesFiltering - skip non existing resourceDirectory E:\Ecommerce project\Order-Api\src\test\resources
2025-06-24 19:39:05,251 [Worker-54: Building] INFO  o.a.m.s.f.DefaultMavenResourcesFiltering - Copying 1 resource from src\main\resources to target\classes
2025-06-24 19:39:05,294 [Worker-54: Building] INFO  o.a.m.s.f.DefaultMavenResourcesFiltering - Copying 0 resource from src\main\resources to target\classes
2025-06-24 19:39:05,301 [Worker-54: Building] INFO  o.a.m.s.f.DefaultMavenResourcesFiltering - skip non existing resourceDirectory E:\Ecommerce project\Order-Api\src\test\resources
2025-06-24 19:39:09,909 [Worker-58: Building] INFO  o.a.m.s.f.DefaultMavenResourcesFiltering - Copying 1 resource from src\main\resources to target\classes
2025-06-24 19:39:09,958 [Worker-58: Building] INFO  o.a.m.s.f.DefaultMavenResourcesFiltering - Copying 0 resource from src\main\resources to target\classes
2025-06-24 19:39:09,960 [Worker-58: Building] INFO  o.a.m.s.f.DefaultMavenResourcesFiltering - skip non existing resourceDirectory E:\Ecommerce project\Order-Api\src\test\resources
2025-06-24 19:43:38,208 [Worker-62: Building] INFO  o.a.m.s.f.DefaultMavenResourcesFiltering - Copying 1 resource from src\main\resources to target\classes
2025-06-24 19:43:38,232 [Worker-62: Building] INFO  o.a.m.s.f.DefaultMavenResourcesFiltering - Copying 0 resource from src\main\resources to target\classes
2025-06-24 19:43:38,249 [Worker-62: Building] INFO  o.a.m.s.f.DefaultMavenResourcesFiltering - skip non existing resourceDirectory E:\Ecommerce project\Order-Api\src\test\resources
2025-06-24 19:43:50,467 [Worker-62: Building] INFO  o.a.m.s.f.DefaultMavenResourcesFiltering - Copying 1 resource from src\main\resources to target\classes
2025-06-24 19:43:50,476 [Worker-62: Building] INFO  o.a.m.s.f.DefaultMavenResourcesFiltering - Copying 0 resource from src\main\resources to target\classes
2025-06-24 19:43:50,481 [Worker-62: Building] INFO  o.a.m.s.f.DefaultMavenResourcesFiltering - skip non existing resourceDirectory E:\Ecommerce project\Order-Api\src\test\resources
2025-06-24 19:44:28,325 [Worker-61: Building] INFO  o.a.m.s.f.DefaultMavenResourcesFiltering - Copying 1 resource from src\main\resources to target\classes
2025-06-24 19:44:28,333 [Worker-61: Building] INFO  o.a.m.s.f.DefaultMavenResourcesFiltering - Copying 0 resource from src\main\resources to target\classes
2025-06-24 19:44:28,339 [Worker-61: Building] INFO  o.a.m.s.f.DefaultMavenResourcesFiltering - skip non existing resourceDirectory E:\Ecommerce project\Order-Api\src\test\resources
2025-06-24 19:44:34,073 [Worker-64: Building] INFO  o.a.m.s.f.DefaultMavenResourcesFiltering - Copying 1 resource from src\main\resources to target\classes
2025-06-24 19:44:34,078 [Worker-64: Building] INFO  o.a.m.s.f.DefaultMavenResourcesFiltering - Copying 0 resource from src\main\resources to target\classes
2025-06-24 19:44:34,079 [Worker-64: Building] INFO  o.a.m.s.f.DefaultMavenResourcesFiltering - skip non existing resourceDirectory E:\Ecommerce project\Order-Api\src\test\resources
2025-06-24 19:48:20,578 [Worker-66: Building] INFO  o.a.m.s.f.DefaultMavenResourcesFiltering - Copying 1 resource from src\main\resources to target\classes
2025-06-24 19:48:20,637 [Worker-66: Building] INFO  o.a.m.s.f.DefaultMavenResourcesFiltering - Copying 0 resource from src\main\resources to target\classes
2025-06-24 19:48:20,641 [Worker-66: Building] INFO  o.a.m.s.f.DefaultMavenResourcesFiltering - skip non existing resourceDirectory E:\Ecommerce project\Order-Api\src\test\resources
2025-06-24 19:49:45,483 [Worker-68: Building] INFO  o.a.m.s.f.DefaultMavenResourcesFiltering - Copying 1 resource from src\main\resources to target\classes
2025-06-24 19:49:45,517 [Worker-68: Building] INFO  o.a.m.s.f.DefaultMavenResourcesFiltering - Copying 0 resource from src\main\resources to target\classes
2025-06-24 19:49:45,521 [Worker-68: Building] INFO  o.a.m.s.f.DefaultMavenResourcesFiltering - skip non existing resourceDirectory E:\Ecommerce project\Customer-Api\src\test\resources
2025-06-24 19:50:06,596 [Worker-61: Building] INFO  o.a.m.s.f.DefaultMavenResourcesFiltering - Copying 1 resource from src\main\resources to target\classes
2025-06-24 19:50:06,621 [Worker-61: Building] INFO  o.a.m.s.f.DefaultMavenResourcesFiltering - Copying 0 resource from src\main\resources to target\classes
2025-06-24 19:50:06,623 [Worker-61: Building] INFO  o.a.m.s.f.DefaultMavenResourcesFiltering - skip non existing resourceDirectory E:\Ecommerce project\Customer-Api\src\test\resources
2025-06-24 19:50:45,808 [Worker-59: Building] INFO  o.a.m.s.f.DefaultMavenResourcesFiltering - Copying 1 resource from src\main\resources to target\classes
2025-06-24 19:50:45,818 [Worker-59: Building] INFO  o.a.m.s.f.DefaultMavenResourcesFiltering - Copying 0 resource from src\main\resources to target\classes
2025-06-24 19:50:45,821 [Worker-59: Building] INFO  o.a.m.s.f.DefaultMavenResourcesFiltering - skip non existing resourceDirectory E:\Ecommerce project\Product-Api-app\src\test\resources
2025-06-24 19:51:06,140 [Worker-61: Building] INFO  o.a.m.s.f.DefaultMavenResourcesFiltering - Copying 1 resource from src\main\resources to target\classes
2025-06-24 19:51:06,209 [Worker-61: Building] INFO  o.a.m.s.f.DefaultMavenResourcesFiltering - Copying 0 resource from src\main\resources to target\classes
2025-06-24 19:51:06,211 [Worker-61: Building] INFO  o.a.m.s.f.DefaultMavenResourcesFiltering - skip non existing resourceDirectory E:\Ecommerce project\Product-Api-app\src\test\resources
2025-06-24 19:51:08,518 [Worker-69: Building] INFO  o.a.m.s.f.DefaultMavenResourcesFiltering - Copying 1 resource from src\main\resources to target\classes
2025-06-24 19:51:08,634 [Worker-69: Building] INFO  o.a.m.s.f.DefaultMavenResourcesFiltering - Copying 0 resource from src\main\resources to target\classes
2025-06-24 19:51:08,639 [Worker-69: Building] INFO  o.a.m.s.f.DefaultMavenResourcesFiltering - skip non existing resourceDirectory E:\Ecommerce project\Product-Api-app\src\test\resources
2025-06-24 19:51:25,769 [Worker-69: Building] INFO  o.a.m.s.f.DefaultMavenResourcesFiltering - Copying 1 resource from src\main\resources to target\classes
2025-06-24 19:51:26,056 [Worker-69: Building] INFO  o.a.m.s.f.DefaultMavenResourcesFiltering - Copying 0 resource from src\main\resources to target\classes
2025-06-24 19:51:26,060 [Worker-69: Building] INFO  o.a.m.s.f.DefaultMavenResourcesFiltering - skip non existing resourceDirectory E:\Ecommerce project\Order-Api\src\test\resources
2025-06-24 19:52:04,406 [Worker-59: Building] INFO  o.a.m.s.f.DefaultMavenResourcesFiltering - Copying 1 resource from src\main\resources to target\classes
2025-06-24 19:52:04,417 [Worker-59: Building] INFO  o.a.m.s.f.DefaultMavenResourcesFiltering - Copying 0 resource from src\main\resources to target\classes
2025-06-24 19:52:04,420 [Worker-59: Building] INFO  o.a.m.s.f.DefaultMavenResourcesFiltering - skip non existing resourceDirectory E:\Ecommerce project\Order-Api\src\test\resources
2025-06-25 18:11:16,452 [Worker-3: Loading available Gradle versions] INFO  o.e.b.c.i.u.g.PublishedGradleVersions - Gradle version information cache is out-of-date. Trying to update.
2025-06-25 18:24:01,001 [Worker-15: Building] INFO  o.a.m.s.f.DefaultMavenResourcesFiltering - Copying 1 resource from src\main\resources to target\classes
2025-06-25 18:24:01,040 [Worker-15: Building] INFO  o.a.m.s.f.DefaultMavenResourcesFiltering - Copying 0 resource from src\main\resources to target\classes
2025-06-25 18:24:01,044 [Worker-15: Building] INFO  o.a.m.s.f.DefaultMavenResourcesFiltering - skip non existing resourceDirectory E:\Ecommerce project\Product-Api-app\src\test\resources
2025-06-25 18:24:03,930 [Worker-6: Building] INFO  o.a.m.s.f.DefaultMavenResourcesFiltering - Copying 1 resource from src\main\resources to target\classes
2025-06-25 18:24:03,947 [Worker-6: Building] INFO  o.a.m.s.f.DefaultMavenResourcesFiltering - Copying 0 resource from src\main\resources to target\classes
2025-06-25 18:24:03,951 [Worker-6: Building] INFO  o.a.m.s.f.DefaultMavenResourcesFiltering - skip non existing resourceDirectory E:\Ecommerce project\Order-Api\src\test\resources
2025-06-25 18:24:26,565 [Worker-14: Building] INFO  o.a.m.s.f.DefaultMavenResourcesFiltering - Copying 1 resource from src\main\resources to target\classes
2025-06-25 18:24:26,596 [Worker-14: Building] INFO  o.a.m.s.f.DefaultMavenResourcesFiltering - Copying 0 resource from src\main\resources to target\classes
2025-06-25 18:24:26,600 [Worker-14: Building] INFO  o.a.m.s.f.DefaultMavenResourcesFiltering - skip non existing resourceDirectory E:\Ecommerce project\Customer-Api\src\test\resources
2025-06-25 18:25:00,313 [Worker-17: Building] INFO  o.a.m.s.f.DefaultMavenResourcesFiltering - Copying 1 resource from src\main\resources to target\classes
2025-06-25 18:25:00,331 [Worker-17: Building] INFO  o.a.m.s.f.DefaultMavenResourcesFiltering - Copying 0 resource from src\main\resources to target\classes
2025-06-25 18:25:00,334 [Worker-17: Building] INFO  o.a.m.s.f.DefaultMavenResourcesFiltering - skip non existing resourceDirectory E:\Ecommerce project\Order-Api\src\test\resources
2025-06-25 18:25:06,957 [Worker-7: Building] INFO  o.a.m.s.f.DefaultMavenResourcesFiltering - Copying 1 resource from src\main\resources to target\classes
2025-06-25 18:25:06,961 [Worker-7: Building] INFO  o.a.m.s.f.DefaultMavenResourcesFiltering - Copying 0 resource from src\main\resources to target\classes
2025-06-25 18:25:06,963 [Worker-7: Building] INFO  o.a.m.s.f.DefaultMavenResourcesFiltering - skip non existing resourceDirectory E:\Ecommerce project\Customer-Api\src\test\resources
2025-06-25 18:26:04,058 [Worker-14: Building] INFO  o.a.m.s.f.DefaultMavenResourcesFiltering - Copying 1 resource from src\main\resources to target\classes
2025-06-25 18:26:04,068 [Worker-14: Building] INFO  o.a.m.s.f.DefaultMavenResourcesFiltering - Copying 0 resource from src\main\resources to target\classes
2025-06-25 18:26:04,071 [Worker-14: Building] INFO  o.a.m.s.f.DefaultMavenResourcesFiltering - skip non existing resourceDirectory E:\Ecommerce project\Product-Api-app\src\test\resources
2025-06-25 18:26:39,824 [Worker-15: Building] INFO  o.a.m.s.f.DefaultMavenResourcesFiltering - Copying 1 resource from src\main\resources to target\classes
2025-06-25 18:26:39,829 [Worker-15: Building] INFO  o.a.m.s.f.DefaultMavenResourcesFiltering - Copying 0 resource from src\main\resources to target\classes
2025-06-25 18:26:39,831 [Worker-15: Building] INFO  o.a.m.s.f.DefaultMavenResourcesFiltering - skip non existing resourceDirectory E:\Ecommerce project\Product-Api-app\src\test\resources
2025-06-25 18:52:26,655 [Worker-19: Launching Order-Api - OrderApiApplication] INFO  o.a.m.s.f.DefaultMavenResourcesFiltering - Copying 1 resource from src\main\resources to target\classes
2025-06-25 18:52:26,688 [Worker-19: Launching Order-Api - OrderApiApplication] INFO  o.a.m.s.f.DefaultMavenResourcesFiltering - Copying 0 resource from src\main\resources to target\classes
2025-06-25 18:52:26,693 [Worker-19: Launching Order-Api - OrderApiApplication] INFO  o.a.m.s.f.DefaultMavenResourcesFiltering - skip non existing resourceDirectory E:\Ecommerce project\Order-Api\src\test\resources
2025-06-25 18:56:55,158 [Worker-37: Building] INFO  o.a.m.s.f.DefaultMavenResourcesFiltering - Copying 1 resource from src\main\resources to target\classes
2025-06-25 18:56:55,161 [Worker-37: Building] INFO  o.a.m.s.f.DefaultMavenResourcesFiltering - Copying 0 resource from src\main\resources to target\classes
2025-06-25 18:56:55,164 [Worker-37: Building] INFO  o.a.m.s.f.DefaultMavenResourcesFiltering - skip non existing resourceDirectory E:\Ecommerce project\Order-Api\src\test\resources
2025-06-25 19:01:36,532 [Worker-42: Building] INFO  o.a.m.s.f.DefaultMavenResourcesFiltering - Copying 1 resource from src\main\resources to target\classes
2025-06-25 19:01:36,559 [Worker-42: Building] INFO  o.a.m.s.f.DefaultMavenResourcesFiltering - Copying 0 resource from src\main\resources to target\classes
2025-06-25 19:01:36,562 [Worker-42: Building] INFO  o.a.m.s.f.DefaultMavenResourcesFiltering - skip non existing resourceDirectory E:\Ecommerce project\Order-Api\src\test\resources
2025-06-25 19:05:37,287 [Worker-45: Building] INFO  o.a.m.s.f.DefaultMavenResourcesFiltering - Copying 1 resource from src\main\resources to target\classes
2025-06-25 19:05:37,330 [Worker-45: Building] INFO  o.a.m.s.f.DefaultMavenResourcesFiltering - Copying 0 resource from src\main\resources to target\classes
2025-06-25 19:05:37,333 [Worker-45: Building] INFO  o.a.m.s.f.DefaultMavenResourcesFiltering - skip non existing resourceDirectory E:\Ecommerce project\Order-Api\src\test\resources
2025-06-25 19:05:49,177 [Worker-45: Building] INFO  o.a.m.s.f.DefaultMavenResourcesFiltering - Copying 1 resource from src\main\resources to target\classes
2025-06-25 19:05:49,215 [Worker-45: Building] INFO  o.a.m.s.f.DefaultMavenResourcesFiltering - Copying 0 resource from src\main\resources to target\classes
2025-06-25 19:05:49,217 [Worker-45: Building] INFO  o.a.m.s.f.DefaultMavenResourcesFiltering - skip non existing resourceDirectory E:\Ecommerce project\Order-Api\src\test\resources
2025-06-25 19:07:04,469 [Worker-21: Building] INFO  o.a.m.s.f.DefaultMavenResourcesFiltering - Copying 1 resource from src\main\resources to target\classes
2025-06-25 19:07:04,479 [Worker-21: Building] INFO  o.a.m.s.f.DefaultMavenResourcesFiltering - Copying 0 resource from src\main\resources to target\classes
2025-06-25 19:07:04,486 [Worker-21: Building] INFO  o.a.m.s.f.DefaultMavenResourcesFiltering - skip non existing resourceDirectory E:\Ecommerce project\Order-Api\src\test\resources
2025-06-25 19:08:42,804 [Worker-48: Building] INFO  o.a.m.s.f.DefaultMavenResourcesFiltering - Copying 1 resource from src\main\resources to target\classes
2025-06-25 19:08:42,812 [Worker-48: Building] INFO  o.a.m.s.f.DefaultMavenResourcesFiltering - Copying 0 resource from src\main\resources to target\classes
2025-06-25 19:08:42,815 [Worker-48: Building] INFO  o.a.m.s.f.DefaultMavenResourcesFiltering - skip non existing resourceDirectory E:\Ecommerce project\Order-Api\src\test\resources
2025-06-25 19:13:13,689 [Worker-30: Building] INFO  o.a.m.s.f.DefaultMavenResourcesFiltering - Copying 1 resource from src\main\resources to target\classes
2025-06-25 19:13:13,698 [Worker-30: Building] INFO  o.a.m.s.f.DefaultMavenResourcesFiltering - Copying 0 resource from src\main\resources to target\classes
2025-06-25 19:13:13,701 [Worker-30: Building] INFO  o.a.m.s.f.DefaultMavenResourcesFiltering - skip non existing resourceDirectory E:\Ecommerce project\Order-Api\src\test\resources
2025-06-25 19:14:31,479 [Worker-49: Building] INFO  o.a.m.s.f.DefaultMavenResourcesFiltering - Copying 1 resource from src\main\resources to target\classes
2025-06-25 19:14:31,484 [Worker-49: Building] INFO  o.a.m.s.f.DefaultMavenResourcesFiltering - Copying 0 resource from src\main\resources to target\classes
2025-06-25 19:14:31,487 [Worker-49: Building] INFO  o.a.m.s.f.DefaultMavenResourcesFiltering - skip non existing resourceDirectory E:\Ecommerce project\Order-Api\src\test\resources
2025-07-11 20:15:11,198 [Worker-4: Loading available Gradle versions] INFO  o.e.b.c.i.u.g.PublishedGradleVersions - Gradle version information cache is out-of-date. Trying to update.
2025-07-17 16:57:39,348 [Worker-4: Loading available Gradle versions] INFO  o.e.b.c.i.u.g.PublishedGradleVersions - Gradle version information cache is out-of-date. Trying to update.
2025-07-17 16:57:58,017 [Worker-7: Launching Order-Api - OrderApiApplication] INFO  o.a.m.s.f.DefaultMavenResourcesFiltering - Copying 1 resource from src\main\resources to target\classes
2025-07-17 16:57:58,043 [Worker-7: Launching Order-Api - OrderApiApplication] INFO  o.a.m.s.f.DefaultMavenResourcesFiltering - Copying 0 resource from src\main\resources to target\classes
2025-07-17 16:57:58,048 [Worker-7: Launching Order-Api - OrderApiApplication] INFO  o.a.m.s.f.DefaultMavenResourcesFiltering - skip non existing resourceDirectory E:\Ecommerce project\Order-Api\src\test\resources
2025-07-17 16:58:02,261 [Worker-10: Building] INFO  o.a.m.s.f.DefaultMavenResourcesFiltering - Copying 1 resource from src\main\resources to target\classes
2025-07-17 16:58:02,298 [Worker-10: Building] INFO  o.a.m.s.f.DefaultMavenResourcesFiltering - Copying 0 resource from src\main\resources to target\classes
2025-07-17 16:58:02,304 [Worker-10: Building] INFO  o.a.m.s.f.DefaultMavenResourcesFiltering - skip non existing resourceDirectory E:\Ecommerce project\Customer-Api\src\test\resources
2025-07-17 16:58:10,318 [Worker-10: Building] INFO  o.a.m.s.f.DefaultMavenResourcesFiltering - Copying 1 resource from src\main\resources to target\classes
2025-07-17 16:58:10,346 [Worker-10: Building] INFO  o.a.m.s.f.DefaultMavenResourcesFiltering - Copying 0 resource from src\main\resources to target\classes
2025-07-17 16:58:10,351 [Worker-10: Building] INFO  o.a.m.s.f.DefaultMavenResourcesFiltering - skip non existing resourceDirectory E:\Ecommerce project\Product-Api-app\src\test\resources
2025-07-17 17:26:37,482 [Worker-35: Building] INFO  o.a.m.s.f.DefaultMavenResourcesFiltering - Copying 1 resource from src\main\resources to target\classes
2025-07-17 17:26:37,507 [Worker-35: Building] INFO  o.a.m.s.f.DefaultMavenResourcesFiltering - Copying 0 resource from src\main\resources to target\classes
2025-07-17 17:26:37,512 [Worker-35: Building] INFO  o.a.m.s.f.DefaultMavenResourcesFiltering - skip non existing resourceDirectory E:\Ecommerce project\Product-Api-app\src\test\resources
2025-07-17 17:35:00,817 [Worker-37: Building] INFO  o.a.m.s.f.DefaultMavenResourcesFiltering - Copying 1 resource from src\main\resources to target\classes
2025-07-17 17:35:00,826 [Worker-37: Building] INFO  o.a.m.s.f.DefaultMavenResourcesFiltering - Copying 0 resource from src\main\resources to target\classes
2025-07-17 17:35:00,831 [Worker-37: Building] INFO  o.a.m.s.f.DefaultMavenResourcesFiltering - skip non existing resourceDirectory E:\Ecommerce project\Product-Api-app\src\test\resources
2025-07-17 17:36:23,620 [Worker-35: Building] INFO  o.a.m.s.f.DefaultMavenResourcesFiltering - Copying 1 resource from src\main\resources to target\classes
2025-07-17 17:36:23,627 [Worker-35: Building] INFO  o.a.m.s.f.DefaultMavenResourcesFiltering - Copying 0 resource from src\main\resources to target\classes
2025-07-17 17:36:23,631 [Worker-35: Building] INFO  o.a.m.s.f.DefaultMavenResourcesFiltering - skip non existing resourceDirectory E:\Ecommerce project\Customer-Api\src\test\resources
2025-07-17 17:36:23,741 [Worker-35: Building] INFO  o.a.m.s.f.DefaultMavenResourcesFiltering - Copying 1 resource from src\main\resources to target\classes
2025-07-17 17:36:23,749 [Worker-35: Building] INFO  o.a.m.s.f.DefaultMavenResourcesFiltering - Copying 0 resource from src\main\resources to target\classes
2025-07-17 17:36:23,753 [Worker-35: Building] INFO  o.a.m.s.f.DefaultMavenResourcesFiltering - skip non existing resourceDirectory E:\Ecommerce project\Order-Api\src\test\resources
2025-07-17 17:36:23,864 [Worker-35: Building] INFO  o.a.m.s.f.DefaultMavenResourcesFiltering - Copying 1 resource from src\main\resources to target\classes
2025-07-17 17:36:23,901 [Worker-35: Building] INFO  o.a.m.s.f.DefaultMavenResourcesFiltering - Copying 0 resource from src\main\resources to target\classes
2025-07-17 17:36:23,904 [Worker-35: Building] INFO  o.a.m.s.f.DefaultMavenResourcesFiltering - skip non existing resourceDirectory E:\Ecommerce project\Product-Api-app\src\test\resources
2025-07-17 17:40:42,605 [Worker-44: Building] INFO  o.a.m.s.f.DefaultMavenResourcesFiltering - Copying 1 resource from src\main\resources to target\classes
2025-07-17 17:40:42,612 [Worker-44: Building] INFO  o.a.m.s.f.DefaultMavenResourcesFiltering - Copying 0 resource from src\main\resources to target\classes
2025-07-17 17:40:42,614 [Worker-44: Building] INFO  o.a.m.s.f.DefaultMavenResourcesFiltering - skip non existing resourceDirectory E:\Ecommerce project\Product-Api-app\src\test\resources
2025-07-17 17:41:52,114 [Worker-33: Building] INFO  o.a.m.s.f.DefaultMavenResourcesFiltering - Copying 1 resource from src\main\resources to target\classes
2025-07-17 17:41:52,120 [Worker-33: Building] INFO  o.a.m.s.f.DefaultMavenResourcesFiltering - Copying 0 resource from src\main\resources to target\classes
2025-07-17 17:41:52,123 [Worker-33: Building] INFO  o.a.m.s.f.DefaultMavenResourcesFiltering - skip non existing resourceDirectory E:\Ecommerce project\Product-Api-app\src\test\resources
2025-07-17 17:42:21,399 [Worker-37: Building] INFO  o.a.m.s.f.DefaultMavenResourcesFiltering - Copying 1 resource from src\main\resources to target\classes
2025-07-17 17:42:21,404 [Worker-37: Building] INFO  o.a.m.s.f.DefaultMavenResourcesFiltering - Copying 0 resource from src\main\resources to target\classes
2025-07-17 17:42:21,406 [Worker-37: Building] INFO  o.a.m.s.f.DefaultMavenResourcesFiltering - skip non existing resourceDirectory E:\Ecommerce project\Product-Api-app\src\test\resources
2025-07-17 17:42:33,540 [Worker-33: Building] INFO  o.a.m.s.f.DefaultMavenResourcesFiltering - Copying 1 resource from src\main\resources to target\classes
2025-07-17 17:42:33,545 [Worker-33: Building] INFO  o.a.m.s.f.DefaultMavenResourcesFiltering - Copying 0 resource from src\main\resources to target\classes
2025-07-17 17:42:33,550 [Worker-33: Building] INFO  o.a.m.s.f.DefaultMavenResourcesFiltering - skip non existing resourceDirectory E:\Ecommerce project\Product-Api-app\src\test\resources
2025-07-17 17:43:19,235 [Worker-43: Building] INFO  o.a.m.s.f.DefaultMavenResourcesFiltering - Copying 1 resource from src\main\resources to target\classes
2025-07-17 17:43:19,240 [Worker-43: Building] INFO  o.a.m.s.f.DefaultMavenResourcesFiltering - Copying 0 resource from src\main\resources to target\classes
2025-07-17 17:43:19,243 [Worker-43: Building] INFO  o.a.m.s.f.DefaultMavenResourcesFiltering - skip non existing resourceDirectory E:\Ecommerce project\Order-Api\src\test\resources
2025-07-17 17:43:43,467 [Worker-35: Building] INFO  o.a.m.s.f.DefaultMavenResourcesFiltering - Copying 1 resource from src\main\resources to target\classes
2025-07-17 17:43:43,470 [Worker-35: Building] INFO  o.a.m.s.f.DefaultMavenResourcesFiltering - Copying 0 resource from src\main\resources to target\classes
2025-07-17 17:43:43,473 [Worker-35: Building] INFO  o.a.m.s.f.DefaultMavenResourcesFiltering - skip non existing resourceDirectory E:\Ecommerce project\Customer-Api\src\test\resources
2025-07-17 17:44:27,833 [Worker-33: Building] INFO  o.a.m.s.f.DefaultMavenResourcesFiltering - Copying 1 resource from src\main\resources to target\classes
2025-07-17 17:44:27,837 [Worker-33: Building] INFO  o.a.m.s.f.DefaultMavenResourcesFiltering - Copying 0 resource from src\main\resources to target\classes
2025-07-17 17:44:27,840 [Worker-33: Building] INFO  o.a.m.s.f.DefaultMavenResourcesFiltering - skip non existing resourceDirectory E:\Ecommerce project\Product-Api-app\src\test\resources
2025-07-17 17:44:54,400 [Worker-33: Building] INFO  o.a.m.s.f.DefaultMavenResourcesFiltering - Copying 1 resource from src\main\resources to target\classes
2025-07-17 17:44:54,406 [Worker-33: Building] INFO  o.a.m.s.f.DefaultMavenResourcesFiltering - Copying 0 resource from src\main\resources to target\classes
2025-07-17 17:44:54,410 [Worker-33: Building] INFO  o.a.m.s.f.DefaultMavenResourcesFiltering - skip non existing resourceDirectory E:\Ecommerce project\Product-Api-app\src\test\resources
2025-07-17 17:45:07,264 [Worker-37: Building] INFO  o.a.m.s.f.DefaultMavenResourcesFiltering - Copying 1 resource from src\main\resources to target\classes
2025-07-17 17:45:07,270 [Worker-37: Building] INFO  o.a.m.s.f.DefaultMavenResourcesFiltering - Copying 0 resource from src\main\resources to target\classes
2025-07-17 17:45:07,272 [Worker-37: Building] INFO  o.a.m.s.f.DefaultMavenResourcesFiltering - skip non existing resourceDirectory E:\Ecommerce project\Product-Api-app\src\test\resources
2025-07-17 17:45:57,635 [Worker-33: Building] INFO  o.a.m.s.f.DefaultMavenResourcesFiltering - Copying 1 resource from src\main\resources to target\classes
2025-07-17 17:45:57,640 [Worker-33: Building] INFO  o.a.m.s.f.DefaultMavenResourcesFiltering - Copying 0 resource from src\main\resources to target\classes
2025-07-17 17:45:57,644 [Worker-33: Building] INFO  o.a.m.s.f.DefaultMavenResourcesFiltering - skip non existing resourceDirectory E:\Ecommerce project\Product-Api-app\src\test\resources
2025-07-17 17:46:15,668 [Worker-44: Building] INFO  o.a.m.s.f.DefaultMavenResourcesFiltering - Copying 1 resource from src\main\resources to target\classes
2025-07-17 17:46:15,672 [Worker-44: Building] INFO  o.a.m.s.f.DefaultMavenResourcesFiltering - Copying 0 resource from src\main\resources to target\classes
2025-07-17 17:46:15,674 [Worker-44: Building] INFO  o.a.m.s.f.DefaultMavenResourcesFiltering - skip non existing resourceDirectory E:\Ecommerce project\Product-Api-app\src\test\resources
2025-07-17 17:46:20,227 [Worker-45: Building] INFO  o.a.m.s.f.DefaultMavenResourcesFiltering - Copying 1 resource from src\main\resources to target\classes
2025-07-17 17:46:20,231 [Worker-45: Building] INFO  o.a.m.s.f.DefaultMavenResourcesFiltering - Copying 0 resource from src\main\resources to target\classes
2025-07-17 17:46:20,233 [Worker-45: Building] INFO  o.a.m.s.f.DefaultMavenResourcesFiltering - skip non existing resourceDirectory E:\Ecommerce project\Product-Api-app\src\test\resources
2025-07-17 17:46:23,690 [Worker-46: Building] INFO  o.a.m.s.f.DefaultMavenResourcesFiltering - Copying 1 resource from src\main\resources to target\classes
2025-07-17 17:46:23,696 [Worker-46: Building] INFO  o.a.m.s.f.DefaultMavenResourcesFiltering - Copying 0 resource from src\main\resources to target\classes
2025-07-17 17:46:23,700 [Worker-46: Building] INFO  o.a.m.s.f.DefaultMavenResourcesFiltering - skip non existing resourceDirectory E:\Ecommerce project\Product-Api-app\src\test\resources
2025-07-18 17:36:25,357 [Worker-1: Loading available Gradle versions] INFO  o.e.b.c.i.u.g.PublishedGradleVersions - Gradle version information cache is out-of-date. Trying to update.
2025-07-18 19:13:28,905 [Worker-6: Launching Product-Api-app - ProductApiAppApplication] INFO  o.a.m.s.f.DefaultMavenResourcesFiltering - Copying 1 resource from src\main\resources to target\classes
2025-07-18 19:13:28,974 [Worker-6: Launching Product-Api-app - ProductApiAppApplication] INFO  o.a.m.s.f.DefaultMavenResourcesFiltering - Copying 0 resource from src\main\resources to target\classes
2025-07-18 19:13:28,979 [Worker-6: Launching Product-Api-app - ProductApiAppApplication] INFO  o.a.m.s.f.DefaultMavenResourcesFiltering - skip non existing resourceDirectory E:\Ecommerce project\Product-Api-app\src\test\resources
2025-07-19 20:23:48,897 [Worker-3: Loading available Gradle versions] INFO  o.e.b.c.i.u.g.PublishedGradleVersions - Gradle version information cache is out-of-date. Trying to update.
2025-07-21 18:03:28,832 [Worker-4: Loading available Gradle versions] INFO  o.e.b.c.i.u.g.PublishedGradleVersions - Gradle version information cache is out-of-date. Trying to update.
2025-07-22 18:01:47,876 [Worker-1: Loading available Gradle versions] INFO  o.e.b.c.i.u.g.PublishedGradleVersions - Gradle version information cache is up-to-date. Trying to read.
2025-07-22 19:48:46,696 [Worker-37: Launching Product-Api-app - ProductApiAppApplication] INFO  o.a.m.s.f.DefaultMavenResourcesFiltering - Copying 1 resource from src\main\resources to target\classes
2025-07-22 19:48:46,770 [Worker-37: Launching Product-Api-app - ProductApiAppApplication] INFO  o.a.m.s.f.DefaultMavenResourcesFiltering - Copying 0 resource from src\main\resources to target\classes
2025-07-22 19:48:46,776 [Worker-37: Launching Product-Api-app - ProductApiAppApplication] INFO  o.a.m.s.f.DefaultMavenResourcesFiltering - skip non existing resourceDirectory E:\Ecommerce project\Product-Api-app\src\test\resources
2025-07-22 19:48:53,711 [Worker-42: Building] INFO  o.a.m.s.f.DefaultMavenResourcesFiltering - Copying 1 resource from src\main\resources to target\classes
2025-07-22 19:48:53,750 [Worker-42: Building] INFO  o.a.m.s.f.DefaultMavenResourcesFiltering - Copying 0 resource from src\main\resources to target\classes
2025-07-22 19:48:53,756 [Worker-42: Building] INFO  o.a.m.s.f.DefaultMavenResourcesFiltering - skip non existing resourceDirectory E:\Ecommerce project\Customer-Api\src\test\resources
2025-07-22 19:48:56,391 [Worker-42: Building] INFO  o.a.m.s.f.DefaultMavenResourcesFiltering - Copying 1 resource from src\main\resources to target\classes
2025-07-22 19:48:56,422 [Worker-42: Building] INFO  o.a.m.s.f.DefaultMavenResourcesFiltering - Copying 0 resource from src\main\resources to target\classes
2025-07-22 19:48:56,429 [Worker-42: Building] INFO  o.a.m.s.f.DefaultMavenResourcesFiltering - skip non existing resourceDirectory E:\Ecommerce project\Order-Api\src\test\resources
2025-07-23 12:10:09,121 [Worker-3: Loading available Gradle versions] INFO  o.e.b.c.i.u.g.PublishedGradleVersions - Gradle version information cache is out-of-date. Trying to update.
2025-07-24 12:17:08,585 [Worker-3: Loading available Gradle versions] INFO  o.e.b.c.i.u.g.PublishedGradleVersions - Gradle version information cache is out-of-date. Trying to update.
